dbLevel,dominantFrequency,variance,spikeCount,trainingLabel
48.5,121.38,6.11,5,HUMAN
117.92,3043.14,16.15,13,NON_HUMAN
101.27,3336.25,27.7,16,NON_HUMAN
47.46,209.45,3.62,5,HUMAN
46.86,96.07,7.89,3,HUMAN
96.33,1912.0,13.69,19,NON_HUMAN
61.02,131.81,4.42,5,HUMAN
108.25,4031.28,11.14,13,NON_HUMAN
52.71,139.32,2.47,1,HUMAN
59.46,288.11,3.28,1,HUMAN
103.96,1044.46,38.73,23,NON_HUMAN
94.43,2918.61,17.85,14,NON_HUMAN
70.48,174.31,7.57,3,HUMAN
119.97,2464.63,30.03,23,NON_HUMAN
52.5,279.14,7.57,1,HUMAN
83.89,4826.08,12.48,12,NON_HUMAN
93.0,2024.91,17.99,11,NON_HUMAN
109.41,1204.4,39.51,17,NON_HUMAN
74.88,281.47,7.1,5,HUMAN
55.05,159.73,5.94,4,HUMAN
66.77,231.58,6.72,1,HUMAN
86.49,1576.37,36.65,21,NON_HUMAN
83.17,4620.31,30.64,17,NON_HUMAN
111.98,2895.75,17.69,14,NON_HUMAN
58.05,255.19,2.28,4,HUMAN
118.73,4380.92,30.62,19,NON_HUMAN
92.33,4904.46,23.57,22,NON_HUMAN
98.89,1472.52,12.39,13,NON_HUMAN
94.32,4350.76,31.43,13,NON_HUMAN
112.07,2549.64,34.91,13,NON_HUMAN
71.78,223.57,7.69,1,HUMAN
91.24,1988.7,27.98,24,NON_HUMAN
70.36,186.57,6.71,4,HUMAN
95.9,3814.1,37.68,14,NON_HUMAN
89.24,3286.13,29.5,18,NON_HUMAN
102.55,2641.64,24.65,13,NON_HUMAN
50.89,167.21,3.84,5,HUMAN
65.81,290.62,4.35,2,HUMAN
62.68,161.78,1.24,1,HUMAN
81.08,2348.93,32.67,24,NON_HUMAN
58.09,144.65,6.02,2,HUMAN
117.83,2925.77,18.74,25,NON_HUMAN
107.85,1849.42,21.97,22,NON_HUMAN
108.53,1740.26,25.37,20,NON_HUMAN
71.06,157.84,1.21,2,HUMAN
115.19,2464.95,33.33,18,NON_HUMAN
66.12,105.29,4.65,4,HUMAN
74.83,198.06,5.89,4,HUMAN
55.8,125.85,2.86,5,HUMAN
108.78,2711.43,37.45,16,NON_HUMAN
73.89,108.47,5.84,4,HUMAN
50.62,279.52,4.24,5,HUMAN
85.81,4728.92,28.45,15,NON_HUMAN
70.9,293.28,7.38,3,HUMAN
91.05,4131.34,16.17,13,NON_HUMAN
54.94,211.31,7.87,1,HUMAN
80.15,4947.34,21.64,10,NON_HUMAN
102.99,2298.53,32.12,22,NON_HUMAN
86.61,4903.51,11.32,22,NON_HUMAN
58.46,260.9,3.72,2,HUMAN
71.81,183.52,7.77,2,HUMAN
68.35,289.5,1.56,5,HUMAN
87.67,4373.09,27.12,11,NON_HUMAN
56.66,205.57,3.81,4,HUMAN
109.65,2752.38,11.07,15,NON_HUMAN
91.08,3241.04,28.39,11,NON_HUMAN
113.78,4690.94,24.25,15,NON_HUMAN
91.34,2756.88,26.96,20,NON_HUMAN
112.95,4569.7,30.36,20,NON_HUMAN
56.21,252.61,7.32,5,HUMAN
65.99,99.64,2.52,4,HUMAN
71.28,116.19,2.41,3,HUMAN
68.54,92.63,5.27,2,HUMAN
94.82,3784.47,32.5,22,NON_HUMAN
62.75,217.09,7.84,1,HUMAN
56.15,255.24,4.29,2,HUMAN
59.32,213.27,3.93,3,HUMAN
116.24,2893.66,25.71,10,NON_HUMAN
53.64,152.79,2.19,4,HUMAN
91.13,2354.43,24.2,12,NON_HUMAN
81.34,3819.73,23.45,15,NON_HUMAN
73.69,241.8,1.2,1,HUMAN
66.11,139.68,5.87,2,HUMAN
64.87,269.72,4.75,3,HUMAN
84.95,1395.41,27.33,21,NON_HUMAN
63.36,296.11,7.55,4,HUMAN
112.09,3374.9,21.55,18,NON_HUMAN
95.5,4799.64,12.1,14,NON_HUMAN
104.04,3256.12,13.71,21,NON_HUMAN
81.7,2088.56,10.07,14,NON_HUMAN
57.82,186.94,2.31,5,HUMAN
73.6,103.6,5.26,1,HUMAN
72.87,197.74,3.84,1,HUMAN
111.5,1620.0,12.36,19,NON_HUMAN
83.82,2772.47,31.23,21,NON_HUMAN
65.0,145.52,4.92,3,HUMAN
47.35,228.63,6.5,2,HUMAN
57.76,231.67,2.63,1,HUMAN
65.13,160.07,6.88,1,HUMAN
66.57,235.7,4.42,5,HUMAN
118.74,1511.9,13.2,15,NON_HUMAN
60.34,288.51,1.42,1,HUMAN
100.92,1382.47,26.41,22,NON_HUMAN
51.57,213.88,4.89,1,HUMAN
87.55,1876.12,11.57,21,NON_HUMAN
103.95,4274.42,23.07,22,NON_HUMAN
108.41,4746.73,31.11,24,NON_HUMAN
91.43,2473.12,32.39,11,NON_HUMAN
81.47,3057.37,21.06,19,NON_HUMAN
68.12,241.25,2.53,1,HUMAN
47.78,234.57,5.73,1,HUMAN
88.82,3693.92,36.71,14,NON_HUMAN
99.1,3504.7,12.85,19,NON_HUMAN
92.12,2604.84,31.21,16,NON_HUMAN
57.29,230.92,7.01,3,HUMAN
117.34,3199.59,23.34,18,NON_HUMAN
61.88,263.17,5.83,4,HUMAN
110.52,1075.27,14.4,25,NON_HUMAN
68.53,299.43,5.32,4,HUMAN
86.7,3829.01,26.23,25,NON_HUMAN
85.36,4543.52,36.91,16,NON_HUMAN
67.74,221.97,4.52,2,HUMAN
92.02,2044.38,20.77,24,NON_HUMAN
51.29,194.94,7.99,3,HUMAN
84.35,2384.69,26.89,14,NON_HUMAN
111.05,2123.78,29.37,20,NON_HUMAN
96.6,1699.6,20.99,19,NON_HUMAN
57.94,222.49,4.24,1,HUMAN
70.92,104.93,7.04,4,HUMAN
84.17,4726.86,10.45,23,NON_HUMAN
109.43,1010.76,12.86,20,NON_HUMAN
68.25,163.56,4.61,4,HUMAN
98.78,4346.79,14.69,14,NON_HUMAN
67.6,99.73,1.75,2,HUMAN
49.81,99.51,3.74,1,HUMAN
52.65,172.02,7.14,4,HUMAN
94.44,3218.8,15.81,12,NON_HUMAN
73.07,297.79,4.29,1,HUMAN
107.61,1191.81,36.16,19,NON_HUMAN
105.23,2009.55,27.34,25,NON_HUMAN
98.51,1568.18,33.78,20,NON_HUMAN
108.77,4177.41,35.96,19,NON_HUMAN
72.88,250.04,5.86,1,HUMAN
107.37,1238.64,22.53,23,NON_HUMAN
63.04,167.57,5.13,2,HUMAN
53.33,296.03,7.63,1,HUMAN
50.14,282.91,2.05,5,HUMAN
57.41,111.97,1.02,3,HUMAN
74.49,81.18,2.68,4,HUMAN
51.91,236.47,3.29,2,HUMAN
113.24,2807.95,28.03,19,NON_HUMAN
67.06,170.67,1.12,5,HUMAN
64.85,180.1,7.3,5,HUMAN
62.04,191.34,1.57,2,HUMAN
111.36,1217.14,26.17,20,NON_HUMAN
88.67,4369.12,26.68,17,NON_HUMAN
104.01,4214.13,11.49,22,NON_HUMAN
109.18,1807.09,30.7,25,NON_HUMAN
52.34,196.69,7.44,3,HUMAN
69.55,122.53,4.57,5,HUMAN
93.03,4781.7,33.33,21,NON_HUMAN
97.0,1267.57,18.13,16,NON_HUMAN
48.12,277.07,6.05,2,HUMAN
45.78,179.71,2.6,1,HUMAN
48.08,145.99,4.2,3,HUMAN
94.62,4813.41,28.55,16,NON_HUMAN
57.69,116.99,5.3,5,HUMAN
114.54,2653.96,21.38,14,NON_HUMAN
89.56,3443.13,26.52,19,NON_HUMAN
71.86,258.48,7.46,1,HUMAN
74.79,156.96,3.86,1,HUMAN
69.29,102.36,6.71,5,HUMAN
56.33,106.38,6.32,3,HUMAN
104.96,3003.9,12.19,25,NON_HUMAN
67.77,205.55,5.89,5,HUMAN
57.3,275.42,5.65,3,HUMAN
50.09,269.61,3.65,1,HUMAN
101.56,2785.8,23.89,25,NON_HUMAN
90.4,4741.98,26.05,15,NON_HUMAN
104.81,4008.68,24.08,21,NON_HUMAN
52.36,85.94,6.4,2,HUMAN
111.87,1605.82,13.0,24,NON_HUMAN
59.27,217.65,4.53,4,HUMAN
83.77,2574.3,11.0,19,NON_HUMAN
105.65,4508.3,15.04,10,NON_HUMAN
81.93,4916.93,30.96,19,NON_HUMAN
85.7,4582.2,37.86,18,NON_HUMAN
96.36,4882.83,39.33,25,NON_HUMAN
114.63,1088.69,23.65,17,NON_HUMAN
96.45,3298.38,29.47,18,NON_HUMAN
48.98,217.02,3.8,1,HUMAN
45.69,208.85,3.5,2,HUMAN
118.77,3286.27,27.03,19,NON_HUMAN
114.35,4431.56,17.87,11,NON_HUMAN
88.89,1067.15,10.42,23,NON_HUMAN
69.33,257.23,7.74,1,HUMAN
94.19,3801.93,35.29,17,NON_HUMAN
66.71,82.91,6.82,4,HUMAN
50.5,262.66,6.1,4,HUMAN
63.92,112.47,7.26,2,HUMAN
118.15,2148.48,26.27,10,NON_HUMAN
48.55,142.72,6.66,5,HUMAN
99.3,2946.37,20.08,17,NON_HUMAN
93.05,1264.45,12.74,11,NON_HUMAN
74.92,196.91,3.23,2,HUMAN
116.94,4925.61,26.68,23,NON_HUMAN
60.6,103.31,2.92,4,HUMAN
116.6,3067.27,26.15,15,NON_HUMAN
64.5,258.34,1.65,3,HUMAN
49.82,242.38,7.47,3,HUMAN
114.11,1516.81,32.09,16,NON_HUMAN
113.04,4182.27,30.3,16,NON_HUMAN
46.98,177.67,1.96,4,HUMAN
46.31,95.11,5.02,2,HUMAN
99.34,3494.07,29.42,14,NON_HUMAN
72.47,150.79,1.04,2,HUMAN
67.75,160.06,1.94,3,HUMAN
54.17,200.66,4.73,2,HUMAN
74.88,247.51,3.8,1,HUMAN
45.12,254.5,5.51,1,HUMAN
101.53,3206.02,15.27,20,NON_HUMAN
53.47,164.75,7.4,3,HUMAN
49.89,164.74,1.61,4,HUMAN
85.23,2500.87,24.29,17,NON_HUMAN
47.7,182.23,1.66,1,HUMAN
104.86,1409.69,11.08,18,NON_HUMAN
105.17,1034.07,32.46,10,NON_HUMAN
93.35,3005.57,36.43,13,NON_HUMAN
90.92,3257.32,20.14,21,NON_HUMAN
100.14,2923.25,19.04,12,NON_HUMAN
90.12,4229.65,23.91,20,NON_HUMAN
93.22,3416.79,31.61,17,NON_HUMAN
52.9,158.17,5.97,5,HUMAN
95.2,3378.59,20.39,11,NON_HUMAN
64.6,115.39,1.47,1,HUMAN
108.04,1514.22,28.14,14,NON_HUMAN
86.3,1687.3,33.52,14,NON_HUMAN
80.61,2895.73,13.37,18,NON_HUMAN
84.59,2960.39,27.42,18,NON_HUMAN
49.95,121.94,2.87,4,HUMAN
104.45,3625.96,18.96,20,NON_HUMAN
53.57,134.13,7.2,4,HUMAN
100.62,2172.34,37.39,15,NON_HUMAN
110.42,1981.14,12.62,15,NON_HUMAN
116.01,2983.83,35.43,14,NON_HUMAN
53.94,267.63,7.79,3,HUMAN
119.85,4329.74,23.43,15,NON_HUMAN
69.87,142.35,2.62,3,HUMAN
64.02,217.82,3.29,1,HUMAN
95.75,4690.74,35.81,13,NON_HUMAN
47.21,123.85,1.7,4,HUMAN
116.64,1633.81,15.67,17,NON_HUMAN
90.3,3824.17,18.35,10,NON_HUMAN
48.74,110.68,7.17,3,HUMAN
55.77,135.54,4.3,3,HUMAN
113.71,4344.3,16.26,12,NON_HUMAN
45.68,255.09,2.92,2,HUMAN
109.28,1809.94,39.73,25,NON_HUMAN
119.8,4560.73,15.03,23,NON_HUMAN
59.73,286.55,1.83,5,HUMAN
109.11,4250.53,30.57,22,NON_HUMAN
91.79,1224.63,19.93,10,NON_HUMAN
46.7,234.97,1.81,5,HUMAN
47.97,171.83,5.5,5,HUMAN
73.11,298.94,4.1,1,HUMAN
118.87,2028.64,38.32,14,NON_HUMAN
94.81,1482.18,34.24,14,NON_HUMAN
118.49,2185.57,33.67,18,NON_HUMAN
105.27,3272.57,30.44,11,NON_HUMAN
91.01,2327.37,31.12,11,NON_HUMAN
94.2,1158.72,13.05,16,NON_HUMAN
88.2,3840.74,10.32,23,NON_HUMAN
74.58,217.41,1.45,2,HUMAN
104.29,4721.74,35.54,24,NON_HUMAN
81.55,1387.15,25.79,21,NON_HUMAN
81.58,2955.15,39.82,12,NON_HUMAN
71.44,128.62,3.98,5,HUMAN
99.91,3749.11,24.16,23,NON_HUMAN
118.24,4994.22,30.93,24,NON_HUMAN
98.93,4648.65,17.5,11,NON_HUMAN
89.25,3275.85,31.84,23,NON_HUMAN
111.44,2604.75,24.54,20,NON_HUMAN
64.95,154.55,1.74,1,HUMAN
64.13,88.48,4.7,3,HUMAN
70.14,188.83,6.39,5,HUMAN
113.66,2894.48,16.57,24,NON_HUMAN
70.2,283.9,3.5,4,HUMAN
82.73,3016.65,14.16,14,NON_HUMAN
53.23,237.31,5.88,2,HUMAN
48.6,185.81,2.66,1,HUMAN
83.87,1470.52,39.33,13,NON_HUMAN
113.11,3410.28,35.58,14,NON_HUMAN
113.03,3202.48,25.13,22,NON_HUMAN
58.06,179.52,2.08,3,HUMAN
91.4,1675.67,25.05,24,NON_HUMAN
49.95,294.38,7.11,2,HUMAN
101.77,3449.87,23.96,16,NON_HUMAN
59.56,221.25,1.73,5,HUMAN
57.29,141.45,5.23,2,HUMAN
116.83,1536.1,16.48,11,NON_HUMAN
99.55,3505.16,32.96,15,NON_HUMAN
110.01,4655.48,14.44,12,NON_HUMAN
93.18,1337.46,12.9,14,NON_HUMAN
68.7,151.02,7.8,5,HUMAN
70.73,196.74,5.7,3,HUMAN
95.23,3524.29,18.24,22,NON_HUMAN
96.55,4099.9,27.09,14,NON_HUMAN
108.82,3574.65,35.9,25,NON_HUMAN
93.75,1309.07,35.84,18,NON_HUMAN
47.31,170.08,6.14,3,HUMAN
116.09,2259.96,10.57,22,NON_HUMAN
71.82,100.81,5.62,4,HUMAN
47.78,266.98,7.92,5,HUMAN
84.2,2226.88,35.27,20,NON_HUMAN
118.93,4961.97,18.7,24,NON_HUMAN
69.54,84.41,7.95,3,HUMAN
113.81,3863.07,24.03,16,NON_HUMAN
111.34,3661.31,14.01,21,NON_HUMAN
112.02,1424.31,31.96,14,NON_HUMAN
57.49,201.25,5.34,2,HUMAN
91.0,4695.78,33.72,20,NON_HUMAN
55.29,147.54,7.72,2,HUMAN
59.16,223.76,5.79,4,HUMAN
50.56,119.13,7.76,4,HUMAN
60.76,277.5,7.89,5,HUMAN
87.42,3693.91,20.72,13,NON_HUMAN
101.94,3684.92,28.58,10,NON_HUMAN
59.76,149.95,7.06,4,HUMAN
46.32,296.17,6.13,3,HUMAN
99.83,1463.22,31.68,17,NON_HUMAN
97.22,4296.27,15.47,13,NON_HUMAN
119.18,3601.0,27.86,23,NON_HUMAN
70.75,250.72,1.86,3,HUMAN
70.4,231.29,4.64,5,HUMAN
46.77,94.49,2.17,5,HUMAN
46.82,152.47,2.46,4,HUMAN
92.39,1106.57,25.3,12,NON_HUMAN
57.15,116.78,7.19,1,HUMAN
62.35,257.08,2.4,4,HUMAN
65.81,189.32,1.64,2,HUMAN
48.88,191.39,5.43,5,HUMAN
67.4,93.52,4.27,3,HUMAN
58.37,226.77,5.27,4,HUMAN
103.52,1994.8,16.38,13,NON_HUMAN
97.47,4106.12,14.98,17,NON_HUMAN
71.13,183.11,6.0,5,HUMAN
107.53,1770.53,13.11,17,NON_HUMAN
118.17,2898.7,20.23,13,NON_HUMAN
48.82,90.78,7.08,3,HUMAN
54.78,171.48,5.63,4,HUMAN
84.71,3483.34,14.75,10,NON_HUMAN
96.17,3641.65,20.5,20,NON_HUMAN
107.06,4364.79,27.11,10,NON_HUMAN
74.64,249.54,2.42,5,HUMAN
98.37,3101.14,29.4,18,NON_HUMAN
82.1,4572.16,38.69,23,NON_HUMAN
98.42,1951.34,27.4,14,NON_HUMAN
84.44,3937.98,12.51,13,NON_HUMAN
45.97,240.62,1.5,3,HUMAN
90.75,4513.44,22.44,12,NON_HUMAN
67.14,227.03,3.93,1,HUMAN
59.47,198.18,3.75,1,HUMAN
72.92,91.65,6.84,2,HUMAN
82.73,2653.49,18.79,13,NON_HUMAN
118.64,4571.94,11.2,19,NON_HUMAN
61.07,220.31,5.92,4,HUMAN
99.76,4910.98,32.36,24,NON_HUMAN
63.64,281.71,5.67,1,HUMAN
113.02,2323.66,19.46,16,NON_HUMAN
50.26,264.14,5.63,5,HUMAN
101.23,2977.9,39.15,14,NON_HUMAN
118.74,2263.55,12.95,10,NON_HUMAN
53.95,232.5,7.86,1,HUMAN
86.67,4236.76,26.34,22,NON_HUMAN
115.14,4170.02,26.02,13,NON_HUMAN
57.38,130.4,3.56,4,HUMAN
61.71,275.52,4.23,2,HUMAN
115.69,2577.21,23.65,20,NON_HUMAN
100.23,3472.15,10.5,21,NON_HUMAN
48.89,152.34,4.11,3,HUMAN
57.22,202.96,2.23,5,HUMAN
100.3,2881.08,29.45,24,NON_HUMAN
53.04,117.53,3.21,1,HUMAN
51.01,283.18,2.95,5,HUMAN
56.6,199.14,1.04,1,HUMAN
53.12,260.83,1.27,3,HUMAN
104.0,2925.1,14.05,17,NON_HUMAN
98.72,2617.48,24.51,25,NON_HUMAN
116.27,2327.55,29.32,11,NON_HUMAN
87.17,2925.93,25.43,12,NON_HUMAN
115.06,2969.49,19.36,20,NON_HUMAN
45.94,162.0,2.71,1,HUMAN
112.3,2699.65,22.37,20,NON_HUMAN
64.4,284.08,4.27,5,HUMAN
74.88,174.43,6.06,5,HUMAN
62.35,269.18,3.26,1,HUMAN
64.89,138.04,1.05,4,HUMAN
67.89,231.89,2.72,1,HUMAN
99.73,3980.78,25.52,16,NON_HUMAN
92.77,4932.2,24.46,11,NON_HUMAN
113.34,2015.39,28.38,21,NON_HUMAN
104.68,1334.44,17.59,18,NON_HUMAN
85.44,4719.59,20.46,12,NON_HUMAN
63.38,238.22,6.51,5,HUMAN
84.05,4328.92,27.84,15,NON_HUMAN
110.04,4894.53,13.85,14,NON_HUMAN
51.86,295.81,6.07,5,HUMAN
95.44,3918.47,19.51,15,NON_HUMAN
108.96,4744.79,36.45,14,NON_HUMAN
113.13,1097.04,12.26,17,NON_HUMAN
45.07,82.51,4.28,5,HUMAN
93.98,4751.12,34.36,22,NON_HUMAN
88.43,1133.48,24.57,13,NON_HUMAN
94.52,1303.95,26.39,23,NON_HUMAN
70.45,163.81,7.26,2,HUMAN
102.6,1842.2,26.02,10,NON_HUMAN
62.87,283.87,5.08,3,HUMAN
85.03,4353.38,27.77,15,NON_HUMAN
97.55,4638.9,39.27,25,NON_HUMAN
112.89,4079.8,37.54,14,NON_HUMAN
61.46,128.48,7.58,1,HUMAN
111.53,4341.08,36.03,22,NON_HUMAN
73.87,81.51,6.01,4,HUMAN
106.57,2592.72,14.33,16,NON_HUMAN
110.73,3793.49,29.04,14,NON_HUMAN
67.92,260.95,7.96,3,HUMAN
108.01,1176.24,32.28,24,NON_HUMAN
85.55,3975.84,19.33,17,NON_HUMAN
50.5,216.85,4.37,2,HUMAN
54.04,89.32,7.95,1,HUMAN
47.77,232.07,2.41,4,HUMAN
87.12,1641.07,26.47,21,NON_HUMAN
87.93,3800.23,22.97,23,NON_HUMAN
90.08,3020.2,30.46,25,NON_HUMAN
96.99,4054.71,24.69,14,NON_HUMAN
51.99,258.08,4.31,2,HUMAN
61.18,187.27,6.0,4,HUMAN
58.72,134.15,6.55,1,HUMAN
56.99,213.29,4.62,5,HUMAN
67.92,221.91,4.32,3,HUMAN
57.98,105.03,7.8,2,HUMAN
80.33,1462.01,37.88,20,NON_HUMAN
69.66,103.16,1.22,3,HUMAN
88.99,2550.88,22.35,15,NON_HUMAN
50.08,165.34,3.32,1,HUMAN
105.92,3415.69,14.96,24,NON_HUMAN
115.62,4887.78,27.67,20,NON_HUMAN
47.84,132.43,1.23,2,HUMAN
68.83,269.46,4.74,4,HUMAN
45.69,110.33,1.97,5,HUMAN
83.45,3526.69,13.85,22,NON_HUMAN
83.46,4012.38,20.86,25,NON_HUMAN
52.37,238.52,4.65,4,HUMAN
103.81,3050.0,36.08,12,NON_HUMAN
90.12,3041.69,33.1,11,NON_HUMAN
113.47,2638.85,28.18,23,NON_HUMAN
46.79,201.52,6.81,2,HUMAN
118.05,3641.55,37.1,20,NON_HUMAN
111.16,4142.64,35.84,17,NON_HUMAN
91.07,4619.29,29.49,11,NON_HUMAN
104.61,2501.64,26.42,25,NON_HUMAN
80.4,1031.03,24.85,20,NON_HUMAN
74.51,246.75,1.97,1,HUMAN
90.58,3180.39,11.7,23,NON_HUMAN
92.45,2858.86,38.08,19,NON_HUMAN
60.27,235.41,5.8,1,HUMAN
95.46,1246.4,20.55,21,NON_HUMAN
87.91,2996.97,28.87,22,NON_HUMAN
104.89,3696.22,36.61,23,NON_HUMAN
72.24,168.64,4.32,3,HUMAN
90.67,2273.1,25.76,21,NON_HUMAN
68.04,164.43,2.05,4,HUMAN
117.03,1241.56,37.16,18,NON_HUMAN
56.04,260.14,1.38,4,HUMAN
102.99,4185.64,39.77,17,NON_HUMAN
71.46,296.81,4.64,1,HUMAN
113.76,2991.17,18.69,20,NON_HUMAN
107.63,3154.28,27.11,21,NON_HUMAN
70.31,169.47,2.68,4,HUMAN
98.86,2374.51,37.44,23,NON_HUMAN
99.34,1112.43,28.47,21,NON_HUMAN
59.87,237.85,2.61,4,HUMAN
47.52,270.67,7.44,5,HUMAN
53.44,169.57,6.45,2,HUMAN
86.45,4866.31,10.81,16,NON_HUMAN
70.71,293.52,1.05,1,HUMAN
106.07,4379.2,15.01,13,NON_HUMAN
95.12,4405.9,34.71,13,NON_HUMAN
93.37,1974.54,29.27,24,NON_HUMAN
88.39,1504.67,32.45,20,NON_HUMAN
70.92,199.17,4.44,2,HUMAN
104.7,1918.15,11.63,13,NON_HUMAN
67.54,116.95,7.19,3,HUMAN
101.93,3945.54,33.85,20,NON_HUMAN
68.36,114.32,1.03,3,HUMAN
57.59,194.63,7.16,3,HUMAN
51.5,192.76,3.1,2,HUMAN
116.15,1468.47,37.04,22,NON_HUMAN
93.98,4345.57,16.64,24,NON_HUMAN
114.16,1892.27,16.54,25,NON_HUMAN
67.52,95.12,2.33,4,HUMAN
52.26,281.14,1.52,4,HUMAN
56.26,176.7,7.74,1,HUMAN
93.29,4907.4,26.73,14,NON_HUMAN
87.64,2884.61,37.5,11,NON_HUMAN
58.19,162.23,5.87,1,HUMAN
47.6,229.55,7.83,3,HUMAN
60.36,231.34,4.29,4,HUMAN
92.93,4502.59,15.7,21,NON_HUMAN
68.42,215.98,6.08,1,HUMAN
85.11,3798.11,34.63,22,NON_HUMAN
60.33,140.73,3.14,5,HUMAN
64.75,121.5,1.04,4,HUMAN
73.86,166.97,5.58,1,HUMAN
70.29,138.67,7.69,4,HUMAN
115.29,4751.11,35.58,18,NON_HUMAN
106.74,3096.53,37.5,15,NON_HUMAN
102.47,3919.85,36.04,12,NON_HUMAN
80.48,2449.4,35.81,10,NON_HUMAN
92.02,2105.38,28.22,19,NON_HUMAN
90.13,3468.64,23.31,23,NON_HUMAN
68.4,139.31,2.78,5,HUMAN
115.51,2451.57,20.89,13,NON_HUMAN
59.4,171.54,7.15,5,HUMAN
115.71,3137.6,30.45,13,NON_HUMAN
102.56,4676.57,30.17,14,NON_HUMAN
48.22,116.82,2.66,2,HUMAN
58.6,187.24,5.09,4,HUMAN
102.26,2733.11,13.54,10,NON_HUMAN
59.13,90.03,3.45,3,HUMAN
117.34,2118.86,11.34,11,NON_HUMAN
92.8,4676.44,15.37,12,NON_HUMAN
67.99,274.62,5.42,2,HUMAN
51.61,169.97,7.98,2,HUMAN
69.21,200.91,4.56,1,HUMAN
89.86,2056.18,27.82,16,NON_HUMAN
49.57,143.33,7.24,1,HUMAN
114.57,4279.55,38.0,11,NON_HUMAN
71.57,139.25,3.82,3,HUMAN
114.39,3682.16,11.15,10,NON_HUMAN
73.65,117.79,6.37,4,HUMAN
87.87,2362.17,19.82,20,NON_HUMAN
68.31,106.58,3.7,3,HUMAN
45.4,147.24,4.55,2,HUMAN
98.4,3836.97,39.02,20,NON_HUMAN
93.63,4499.37,21.77,13,NON_HUMAN
90.78,2475.36,16.57,12,NON_HUMAN
73.99,261.02,5.54,1,HUMAN
62.34,126.18,3.48,2,HUMAN
55.9,298.81,4.35,2,HUMAN
59.37,246.35,4.63,3,HUMAN
73.09,235.47,5.11,5,HUMAN
65.29,102.25,1.12,2,HUMAN
71.75,137.91,6.28,4,HUMAN
103.89,3960.37,22.35,19,NON_HUMAN
92.24,2999.76,18.37,20,NON_HUMAN
113.71,4872.84,28.4,16,NON_HUMAN
84.61,3291.14,10.3,12,NON_HUMAN
105.91,3494.36,29.66,23,NON_HUMAN
68.8,176.53,5.17,1,HUMAN
95.51,4031.78,26.06,25,NON_HUMAN
64.84,230.85,7.83,5,HUMAN
49.16,166.96,5.9,2,HUMAN
89.48,4234.59,29.79,12,NON_HUMAN
118.36,2703.37,14.7,15,NON_HUMAN
73.15,85.11,1.14,4,HUMAN
69.09,104.65,1.38,4,HUMAN
119.25,1098.65,12.41,14,NON_HUMAN
54.71,225.44,1.65,2,HUMAN
74.94,92.54,7.23,2,HUMAN
60.99,139.28,3.67,1,HUMAN
67.85,270.29,4.55,2,HUMAN
53.32,168.31,6.11,2,HUMAN
67.64,123.94,4.8,1,HUMAN
47.72,219.73,2.49,5,HUMAN
53.05,131.85,3.37,3,HUMAN
67.34,152.78,5.54,5,HUMAN
63.09,190.72,6.18,1,HUMAN
100.2,3200.57,14.52,21,NON_HUMAN
115.15,3249.58,28.15,24,NON_HUMAN
63.27,163.27,1.87,2,HUMAN
45.89,192.42,4.23,4,HUMAN
106.23,1443.69,35.84,18,NON_HUMAN
68.54,104.4,2.35,4,HUMAN
88.13,3450.75,15.69,22,NON_HUMAN
62.39,292.54,5.6,1,HUMAN
96.94,4589.41,31.61,23,NON_HUMAN
108.71,3753.33,19.87,17,NON_HUMAN
45.58,219.71,1.21,4,HUMAN
69.56,229.02,4.62,1,HUMAN
48.63,114.81,1.32,5,HUMAN
112.16,3090.51,13.14,25,NON_HUMAN
82.41,2762.01,14.85,18,NON_HUMAN
95.81,3530.49,22.95,24,NON_HUMAN
86.74,2982.72,13.92,20,NON_HUMAN
52.01,187.89,6.76,2,HUMAN
80.61,2321.95,14.86,25,NON_HUMAN
108.75,2341.02,19.46,20,NON_HUMAN
99.36,3614.96,27.39,22,NON_HUMAN
55.42,201.47,3.11,1,HUMAN
59.88,230.36,3.96,5,HUMAN
105.4,3203.45,33.36,12,NON_HUMAN
99.54,4392.44,12.91,16,NON_HUMAN
72.03,230.23,3.82,2,HUMAN
46.37,276.64,2.55,1,HUMAN
81.42,2457.58,18.64,11,NON_HUMAN
52.81,212.59,5.09,2,HUMAN
84.19,1261.51,37.35,25,NON_HUMAN
64.29,256.15,6.99,5,HUMAN
53.1,151.53,6.66,1,HUMAN
108.64,1895.43,22.23,10,NON_HUMAN
107.26,3066.96,28.28,22,NON_HUMAN
66.18,107.19,2.19,5,HUMAN
54.12,281.43,4.55,1,HUMAN
91.17,3075.03,13.08,25,NON_HUMAN
72.49,148.71,6.64,4,HUMAN
81.71,1289.18,21.53,25,NON_HUMAN
91.45,4889.62,12.16,21,NON_HUMAN
48.51,116.67,7.97,4,HUMAN
86.85,1360.43,19.46,18,NON_HUMAN
109.21,4694.11,28.92,25,NON_HUMAN
62.26,171.91,7.65,4,HUMAN
98.74,1806.97,31.04,22,NON_HUMAN
115.87,2182.2,33.28,19,NON_HUMAN
62.26,226.34,1.98,3,HUMAN
93.77,3133.94,16.37,18,NON_HUMAN
74.18,283.71,7.23,5,HUMAN
55.37,83.64,7.74,5,HUMAN
118.27,4484.39,16.19,19,NON_HUMAN
70.23,292.62,5.53,1,HUMAN
64.39,194.13,2.76,1,HUMAN
60.33,263.86,2.21,5,HUMAN
104.74,4977.31,17.48,18,NON_HUMAN
45.73,292.85,2.57,4,HUMAN
45.71,198.49,5.71,2,HUMAN
46.56,225.73,1.58,3,HUMAN
105.31,4772.64,19.54,21,NON_HUMAN
50.12,141.24,1.71,4,HUMAN
54.99,256.59,6.87,2,HUMAN
88.41,3788.03,37.14,14,NON_HUMAN
45.9,277.59,5.62,4,HUMAN
107.55,3253.22,33.19,15,NON_HUMAN
83.58,4529.36,20.73,24,NON_HUMAN
103.79,4885.76,28.0,10,NON_HUMAN
119.32,2962.2,37.6,11,NON_HUMAN
97.92,4710.84,11.1,18,NON_HUMAN
70.16,271.74,4.98,2,HUMAN
61.93,175.6,5.14,5,HUMAN
54.3,266.85,4.71,4,HUMAN
68.16,100.59,2.96,5,HUMAN
53.49,186.88,7.05,3,HUMAN
60.86,247.02,3.8,2,HUMAN
99.39,2596.15,39.04,17,NON_HUMAN
66.63,141.9,7.89,3,HUMAN
59.04,298.65,5.03,1,HUMAN
97.7,2338.84,38.99,19,NON_HUMAN
50.8,284.68,5.37,2,HUMAN
57.6,142.71,5.03,3,HUMAN
56.8,289.92,2.91,5,HUMAN
116.59,3452.69,39.75,20,NON_HUMAN
119.35,2914.2,27.58,15,NON_HUMAN
73.93,132.93,6.23,4,HUMAN
98.52,2775.16,20.82,17,NON_HUMAN
54.71,218.1,2.74,1,HUMAN
111.87,1166.49,19.49,22,NON_HUMAN
115.69,3858.41,24.68,15,NON_HUMAN
59.4,297.99,5.18,2,HUMAN
59.15,240.51,1.1,5,HUMAN
52.41,119.88,6.17,5,HUMAN
57.06,185.91,3.62,4,HUMAN
72.73,265.03,3.0,3,HUMAN
114.3,3767.34,24.59,12,NON_HUMAN
115.26,3478.85,17.94,18,NON_HUMAN
117.47,4328.65,19.86,23,NON_HUMAN
57.94,199.53,4.38,4,HUMAN
98.89,3003.83,11.76,11,NON_HUMAN
74.98,228.78,7.56,4,HUMAN
86.33,3381.71,12.59,23,NON_HUMAN
74.4,118.29,4.61,2,HUMAN
63.43,112.5,3.79,4,HUMAN
97.87,2514.91,18.62,11,NON_HUMAN
110.08,4604.57,22.86,15,NON_HUMAN
100.86,2307.1,22.66,11,NON_HUMAN
85.52,2486.71,34.83,22,NON_HUMAN
96.53,4115.21,13.79,17,NON_HUMAN
55.73,189.48,7.48,2,HUMAN
62.38,88.36,6.92,4,HUMAN
48.24,140.28,4.89,3,HUMAN
95.43,1124.13,10.12,16,NON_HUMAN
116.57,3298.88,10.6,14,NON_HUMAN
62.54,123.7,3.72,4,HUMAN
60.7,87.09,2.71,3,HUMAN
56.67,88.03,6.79,3,HUMAN
64.43,115.81,1.35,2,HUMAN
108.88,3737.09,37.72,24,NON_HUMAN
63.23,281.67,6.65,1,HUMAN
62.5,210.39,3.2,2,HUMAN
92.3,4515.43,15.31,12,NON_HUMAN
111.69,1142.02,28.17,24,NON_HUMAN
60.97,161.37,7.6,2,HUMAN
61.89,119.1,6.19,3,HUMAN
70.36,169.76,3.87,1,HUMAN
119.1,4749.6,37.76,21,NON_HUMAN
99.77,4097.11,24.35,18,NON_HUMAN
112.42,4181.96,33.18,17,NON_HUMAN
69.14,276.3,1.79,3,HUMAN
64.01,233.31,6.41,3,HUMAN
60.44,209.17,2.98,3,HUMAN
45.58,191.72,1.2,2,HUMAN
56.82,231.65,6.03,2,HUMAN
109.64,3033.75,33.72,20,NON_HUMAN
111.21,2952.48,38.98,10,NON_HUMAN
80.04,3809.1,22.83,11,NON_HUMAN
111.9,3501.46,27.29,16,NON_HUMAN
94.47,3800.64,24.94,18,NON_HUMAN
69.57,196.86,1.2,3,HUMAN
94.25,4728.93,37.64,23,NON_HUMAN
48.96,101.33,2.08,2,HUMAN
67.12,145.49,6.15,1,HUMAN
74.98,139.96,6.0,1,HUMAN
58.12,142.31,4.69,1,HUMAN
112.46,2588.94,36.41,22,NON_HUMAN
106.64,3480.16,27.25,11,NON_HUMAN
74.03,282.69,3.37,1,HUMAN
98.11,3068.13,29.49,12,NON_HUMAN
117.69,1963.75,24.2,25,NON_HUMAN
95.62,3348.74,14.23,18,NON_HUMAN
54.79,96.81,2.84,3,HUMAN
108.18,3980.59,37.7,17,NON_HUMAN
113.3,4815.04,39.16,14,NON_HUMAN
55.36,288.51,2.26,1,HUMAN
56.54,147.11,3.14,1,HUMAN
80.47,3695.94,28.18,16,NON_HUMAN
52.98,227.09,4.64,4,HUMAN
56.08,244.38,3.32,2,HUMAN
101.11,4391.58,25.99,25,NON_HUMAN
71.96,102.95,3.03,2,HUMAN
98.98,1530.39,13.86,16,NON_HUMAN
85.17,4646.61,17.84,24,NON_HUMAN
54.21,175.64,2.9,2,HUMAN
51.87,289.99,6.58,2,HUMAN
118.95,1215.78,22.13,19,NON_HUMAN
93.1,3846.1,30.36,13,NON_HUMAN
91.23,2129.19,23.85,11,NON_HUMAN
74.14,283.4,7.51,3,HUMAN
63.49,191.94,5.82,1,HUMAN
107.07,1458.96,31.42,25,NON_HUMAN
64.88,203.18,7.13,3,HUMAN
74.39,213.75,7.05,1,HUMAN
47.08,142.78,3.39,1,HUMAN
82.45,3183.46,21.46,23,NON_HUMAN
109.65,1340.93,39.89,20,NON_HUMAN
57.18,150.53,2.35,2,HUMAN
68.97,129.3,5.45,1,HUMAN
72.46,210.57,5.9,5,HUMAN
114.08,3994.73,38.01,23,NON_HUMAN
68.16,179.21,7.1,5,HUMAN
118.01,3393.68,20.89,20,NON_HUMAN
114.37,1614.11,15.41,12,NON_HUMAN
66.3,114.74,2.79,4,HUMAN
68.4,273.91,2.59,2,HUMAN
93.32,2454.62,23.85,16,NON_HUMAN
52.42,207.49,6.34,3,HUMAN
118.06,1783.97,21.77,24,NON_HUMAN
104.16,1592.36,21.62,23,NON_HUMAN
52.13,264.64,4.37,2,HUMAN
63.84,188.63,6.82,2,HUMAN
113.12,1227.24,31.71,11,NON_HUMAN
50.74,102.71,3.06,3,HUMAN
104.85,1606.27,28.34,11,NON_HUMAN
72.92,228.87,6.9,5,HUMAN
51.48,295.12,6.49,3,HUMAN
106.77,3768.57,14.78,17,NON_HUMAN
109.36,1949.42,26.87,23,NON_HUMAN
114.68,1030.51,32.93,12,NON_HUMAN
49.39,141.57,1.12,1,HUMAN
84.9,2753.12,18.42,15,NON_HUMAN
104.47,3737.39,36.32,24,NON_HUMAN
56.74,229.84,6.62,5,HUMAN
54.62,169.09,2.95,1,HUMAN
69.22,153.08,4.59,2,HUMAN
119.86,4685.75,26.86,15,NON_HUMAN
57.66,204.77,6.9,2,HUMAN
86.09,3155.33,27.71,21,NON_HUMAN
83.05,4471.64,14.61,10,NON_HUMAN
113.17,1470.04,27.5,16,NON_HUMAN
60.67,125.32,2.58,5,HUMAN
66.26,136.23,1.46,2,HUMAN
62.01,111.27,4.1,5,HUMAN
82.19,3083.09,33.29,15,NON_HUMAN
88.1,2450.78,39.02,22,NON_HUMAN
99.41,1378.92,31.22,25,NON_HUMAN
108.42,3791.92,11.01,18,NON_HUMAN
82.06,4038.74,13.29,10,NON_HUMAN
57.15,98.38,5.93,3,HUMAN
74.91,100.7,5.41,5,HUMAN
69.56,285.36,1.84,2,HUMAN
97.24,1544.72,32.01,24,NON_HUMAN
45.21,286.77,7.01,1,HUMAN
101.42,4805.75,30.65,19,NON_HUMAN
66.51,120.43,3.39,4,HUMAN
55.23,290.0,3.58,3,HUMAN
57.81,248.1,4.68,1,HUMAN
68.89,103.61,4.77,2,HUMAN
65.51,184.13,2.58,4,HUMAN
93.71,2428.19,36.09,23,NON_HUMAN
56.93,102.86,2.98,2,HUMAN
95.06,1336.75,24.58,14,NON_HUMAN
67.88,187.07,3.61,1,HUMAN
89.38,2751.06,35.03,13,NON_HUMAN
101.13,3045.33,22.92,23,NON_HUMAN
49.23,101.89,2.23,2,HUMAN
109.03,3725.09,31.9,11,NON_HUMAN
50.89,179.66,4.74,1,HUMAN
96.04,4920.47,12.06,24,NON_HUMAN
91.63,2254.12,15.43,11,NON_HUMAN
62.93,126.8,2.11,3,HUMAN
110.95,2836.27,21.89,18,NON_HUMAN
83.6,1679.2,10.47,24,NON_HUMAN
54.37,299.5,5.32,1,HUMAN
104.01,3154.59,36.69,19,NON_HUMAN
70.46,206.47,6.83,5,HUMAN
101.15,2829.3,19.65,12,NON_HUMAN
119.7,3966.71,18.98,10,NON_HUMAN
50.25,184.81,7.03,5,HUMAN
114.69,4356.69,27.98,18,NON_HUMAN
103.05,2856.28,21.44,25,NON_HUMAN
68.24,252.05,2.91,3,HUMAN
88.82,3378.36,10.77,10,NON_HUMAN
50.36,119.04,5.36,4,HUMAN
59.88,104.25,6.33,5,HUMAN
73.16,102.12,3.39,4,HUMAN
69.15,255.95,2.53,1,HUMAN
104.57,1453.02,20.25,25,NON_HUMAN
73.71,285.17,3.98,1,HUMAN
114.37,3792.33,10.9,15,NON_HUMAN
99.04,1925.0,18.51,14,NON_HUMAN
54.51,225.29,1.69,4,HUMAN
100.47,3483.19,18.13,20,NON_HUMAN
48.12,145.44,3.61,3,HUMAN
60.99,88.61,4.78,2,HUMAN
80.09,4877.2,13.18,16,NON_HUMAN
67.7,154.27,3.62,3,HUMAN
67.76,124.78,2.08,3,HUMAN
101.36,4587.05,10.82,14,NON_HUMAN
67.67,210.3,3.24,4,HUMAN
102.89,2929.67,14.0,20,NON_HUMAN
54.42,202.16,4.36,1,HUMAN
117.31,2988.95,11.27,13,NON_HUMAN
67.49,85.79,7.42,3,HUMAN
108.56,1924.83,18.38,12,NON_HUMAN
102.23,2599.24,10.1,12,NON_HUMAN
87.5,2568.24,33.35,19,NON_HUMAN
51.93,104.62,1.48,3,HUMAN
113.23,1150.8,27.75,24,NON_HUMAN
82.63,2776.95,19.39,14,NON_HUMAN
45.27,112.52,2.04,2,HUMAN
100.01,3814.54,12.97,10,NON_HUMAN
87.15,2496.54,23.94,16,NON_HUMAN
86.02,4702.89,35.67,21,NON_HUMAN
46.03,93.92,4.53,4,HUMAN
83.0,4112.24,13.85,14,NON_HUMAN
57.27,292.83,7.88,4,HUMAN
107.51,3441.09,26.17,11,NON_HUMAN
59.94,228.16,7.1,4,HUMAN
62.67,163.7,2.62,3,HUMAN
89.87,1360.75,34.54,18,NON_HUMAN
59.23,154.75,6.2,3,HUMAN
47.1,123.83,6.08,4,HUMAN
82.44,4621.93,37.78,22,NON_HUMAN
95.31,4469.75,32.59,20,NON_HUMAN
70.14,192.63,3.29,2,HUMAN
56.44,93.91,7.05,5,HUMAN
60.44,201.86,3.28,1,HUMAN
103.83,2318.6,12.8,18,NON_HUMAN
87.14,2790.53,16.02,20,NON_HUMAN
94.51,3471.59,10.06,10,NON_HUMAN
91.15,3173.22,19.95,20,NON_HUMAN
84.4,3034.95,37.86,24,NON_HUMAN
70.94,170.03,3.59,1,HUMAN
57.07,194.75,4.84,3,HUMAN
93.16,2315.58,27.64,13,NON_HUMAN
105.35,3689.74,18.77,24,NON_HUMAN
117.69,4643.38,26.07,21,NON_HUMAN
58.61,198.77,3.61,3,HUMAN
89.33,2836.8,30.23,14,NON_HUMAN
62.51,129.3,6.53,2,HUMAN
60.49,174.01,3.41,3,HUMAN
62.31,85.33,7.0,3,HUMAN
114.18,4439.29,37.02,25,NON_HUMAN
58.19,292.23,1.13,3,HUMAN
94.78,2840.36,27.84,24,NON_HUMAN
108.76,2018.48,19.51,18,NON_HUMAN
95.82,3679.65,28.89,12,NON_HUMAN
46.74,286.11,4.75,5,HUMAN
69.73,100.62,4.22,2,HUMAN
73.96,240.77,7.33,3,HUMAN
67.18,284.43,7.43,4,HUMAN
81.61,2512.86,17.25,16,NON_HUMAN
66.82,290.94,5.49,3,HUMAN
119.22,4008.0,17.67,17,NON_HUMAN
80.09,3445.29,13.46,12,NON_HUMAN
45.82,86.68,2.11,2,HUMAN
87.6,3020.58,22.28,20,NON_HUMAN
115.67,1053.5,20.36,13,NON_HUMAN
117.09,3170.43,35.42,15,NON_HUMAN
107.09,4723.24,27.01,23,NON_HUMAN
97.08,3803.84,17.21,23,NON_HUMAN
64.69,191.69,7.22,2,HUMAN
118.9,3867.12,33.43,25,NON_HUMAN
80.57,3742.63,22.96,14,NON_HUMAN
54.54,230.9,2.36,4,HUMAN
67.61,205.66,1.34,1,HUMAN
102.68,2139.98,35.1,13,NON_HUMAN
71.01,246.44,1.14,4,HUMAN
55.45,104.74,6.27,5,HUMAN
114.69,1797.56,16.78,22,NON_HUMAN
119.59,1743.52,27.64,13,NON_HUMAN
46.02,199.13,4.38,3,HUMAN
93.93,3878.32,36.97,10,NON_HUMAN
112.75,3072.3,26.72,21,NON_HUMAN
61.68,267.42,4.46,4,HUMAN
64.06,187.77,6.35,1,HUMAN
96.2,2218.34,30.15,16,NON_HUMAN
50.44,157.9,7.91,4,HUMAN
57.77,196.24,1.75,1,HUMAN
49.88,85.35,3.5,1,HUMAN
116.06,2209.17,36.47,21,NON_HUMAN
104.12,4975.14,29.97,20,NON_HUMAN
47.56,103.68,1.33,3,HUMAN
64.46,220.87,6.68,5,HUMAN
54.9,272.7,2.44,2,HUMAN
94.42,1813.3,37.44,24,NON_HUMAN
68.9,153.53,3.02,1,HUMAN
93.47,1811.38,11.41,14,NON_HUMAN
56.51,218.93,6.99,1,HUMAN
113.41,3418.93,17.12,25,NON_HUMAN
106.11,4480.35,11.51,25,NON_HUMAN
83.37,2869.56,27.81,15,NON_HUMAN
86.95,3513.03,19.25,11,NON_HUMAN
119.81,4642.7,13.54,13,NON_HUMAN
74.77,230.79,4.47,2,HUMAN
64.08,151.07,6.57,3,HUMAN
116.04,4903.46,35.05,24,NON_HUMAN
98.57,3561.61,24.87,22,NON_HUMAN
90.52,3375.04,30.55,10,NON_HUMAN
87.54,4238.65,27.33,12,NON_HUMAN
88.76,2989.21,30.3,12,NON_HUMAN
84.5,2125.47,11.15,25,NON_HUMAN
83.63,2539.47,14.46,19,NON_HUMAN
68.25,248.02,4.9,3,HUMAN
54.61,299.09,1.37,4,HUMAN
66.14,189.78,1.39,2,HUMAN
52.84,169.72,7.12,5,HUMAN
56.07,157.61,5.97,3,HUMAN
87.61,3501.56,16.89,11,NON_HUMAN
48.26,202.91,6.36,4,HUMAN
47.21,210.01,7.86,4,HUMAN
63.18,167.82,2.47,2,HUMAN
63.85,143.3,2.68,4,HUMAN
63.36,200.25,1.52,1,HUMAN
106.81,4518.24,13.78,13,NON_HUMAN
105.17,4386.24,11.16,17,NON_HUMAN
47.49,183.78,7.56,2,HUMAN
56.16,216.06,4.23,5,HUMAN
111.14,1345.19,10.05,23,NON_HUMAN
54.98,294.84,6.95,4,HUMAN
89.88,3128.18,26.57,17,NON_HUMAN
73.51,247.56,5.55,5,HUMAN
67.61,282.1,6.08,2,HUMAN
92.25,1054.33,23.45,14,NON_HUMAN
101.99,3496.97,24.37,22,NON_HUMAN
97.53,4043.91,22.15,15,NON_HUMAN
57.89,90.66,5.85,3,HUMAN
119.42,3250.11,38.73,24,NON_HUMAN
115.67,2873.33,18.37,14,NON_HUMAN
55.69,218.09,1.75,4,HUMAN
107.08,2001.91,38.81,13,NON_HUMAN
82.35,4284.3,22.14,19,NON_HUMAN
87.78,3658.26,33.99,25,NON_HUMAN
71.05,82.08,6.83,4,HUMAN
63.7,298.98,5.13,3,HUMAN
80.41,1224.23,16.3,11,NON_HUMAN
56.79,254.73,7.86,4,HUMAN
71.09,234.2,7.51,5,HUMAN
64.63,125.59,6.02,2,HUMAN
45.25,87.24,7.12,1,HUMAN
97.52,3655.47,31.2,13,NON_HUMAN
50.09,261.59,5.49,4,HUMAN
73.87,136.16,4.4,5,HUMAN
49.74,283.84,1.55,1,HUMAN
98.62,4765.31,29.49,14,NON_HUMAN
70.74,176.22,5.72,1,HUMAN
57.0,188.83,4.42,3,HUMAN
46.13,133.18,3.4,5,HUMAN
90.08,1508.04,10.91,13,NON_HUMAN
97.9,3893.27,14.03,23,NON_HUMAN
68.75,148.44,3.71,5,HUMAN
56.82,266.12,3.36,1,HUMAN
110.22,3403.72,24.47,19,NON_HUMAN
55.0,120.0,5.0,3,HUMAN
110.0,3500.0,20.0,18,NON_HUMAN
55.0,120.0,5.0,3,HUMAN
55.0,120.0,5.0,3,HUMAN
55.0,120.0,5.0,3,HUMAN
55.0,120.0,5.0,3,HUMAN
55.0,120.0,5.0,3,HUMAN
55.0,120.0,5.0,3,HUMAN
55.0,120.0,5.0,3,HUMAN
55.0,120.0,5.0,3,HUMAN
55.0,120.0,5.0,3,HUMAN
55.0,120.0,5.0,3,HUMAN
55.0,120.0,5.0,3,HUMAN
55.0,120.0,5.0,3,HUMAN
55.0,120.0,5.0,3,HUMAN
55.0,120.0,5.0,3,HUMAN
55.0,120.0,5.0,3,HUMAN
55.0,120.0,5.0,3,HUMAN
55.0,120.0,5.0,3,HUMAN
55.0,120.0,5.0,3,HUMAN
55.0,120.0,5.0,3,HUMAN
55.0,120.0,5.0,3,HUMAN
55.0,120.0,5.0,3,HUMAN
55.0,120.0,5.0,3,HUMAN
55.0,120.0,5.0,3,HUMAN
55.0,120.0,5.0,3,HUMAN
55.0,120.0,5.0,3,HUMAN
55.0,120.0,5.0,3,HUMAN
55.0,120.0,5.0,3,HUMAN
55.0,120.0,5.0,3,HUMAN
55.0,120.0,5.0,3,HUMAN
55.0,120.0,5.0,3,HUMAN
55.0,120.0,5.0,3,HUMAN
55.0,120.0,5.0,3,HUMAN
55.0,120.0,5.0,3,HUMAN
55.0,120.0,5.0,3,HUMAN
55.0,120.0,5.0,3,HUMAN
55.0,120.0,5.0,3,HUMAN
55.0,120.0,5.0,3,HUMAN
55.0,120.0,5.0,3,HUMAN
55.0,120.0,5.0,3,HUMAN
55.0,120.0,5.0,3,HUMAN
55.0,120.0,5.0,3,HUMAN
55.0,120.0,5.0,3,HUMAN
55.0,120.0,5.0,3,HUMAN
55.0,120.0,5.0,3,HUMAN
55.0,120.0,5.0,3,HUMAN
55.0,120.0,5.0,3,HUMAN
55.0,120.0,5.0,3,HUMAN
55.0,120.0,5.0,3,HUMAN
55.0,120.0,5.0,3,HUMAN
55.0,120.0,5.0,3,HUMAN
55.0,120.0,5.0,3,HUMAN
55.0,120.0,5.0,3,HUMAN
55.0,120.0,5.0,3,HUMAN
55.0,120.0,5.0,3,HUMAN
55.0,120.0,5.0,3,HUMAN
55.0,120.0,5.0,3,HUMAN
55.0,120.0,5.0,3,HUMAN
55.0,120.0,5.0,3,HUMAN
55.0,120.0,5.0,3,HUMAN
55.0,120.0,5.0,3,HUMAN
55.0,120.0,5.0,3,HUMAN
55.0,120.0,5.0,3,HUMAN
55.0,120.0,5.0,3,HUMAN
66.5666,-36.8496,4185770.0,268,HUMAN
45.5301,60.7506,42381.3,0,HUMAN
46.048,35.4309,48518.9,0,HUMAN
47.8957,62.4649,75632.0,0,HUMAN
43.2487,38.4222,41428.0,0,HUMAN
48.3562,8.71795,87694.8,0,HUMAN
43.1016,4.22768,34608.0,0,HUMAN
43.7256,16.5558,27791.7,0,HUMAN
45.197,25.5901,51473.7,0,HUMAN
46.2891,39.4285,62908.4,0,HUMAN
44.2535,30.6577,35192.1,0,HUMAN
67.7268,-39.6998,5133460.0,287,HUMAN
48.0997,23.337,78395.0,0,HUMAN
46.111,13.0501,53572.8,0,HUMAN
43.9076,40.3102,39882.1,0,HUMAN
47.4512,-28.8997,46194.0,0,HUMAN
44.7436,52.7529,34177.4,0,HUMAN
44.7757,-46.1311,37656.4,0,HUMAN
45.0622,5.91355,40844.6,0,HUMAN
44.7656,58.5814,38797.8,0,HUMAN
44.3645,9.07601,33581.7,0,HUMAN
46.7214,39.5499,49085.5,0,HUMAN
44.2877,3.41858,32054.4,0,HUMAN
44.7012,37.1954,38518.3,0,HUMAN
46.6383,220.832,53346.6,0,HUMAN
46.668,29.173,55523.7,0,HUMAN
48.3327,124.393,33089.3,0,HUMAN
45.3569,20.3247,49106.6,0,HUMAN
45.5835,4.9253,49448.2,0,HUMAN
45.595,9.51333,50626.4,0,HUMAN
45.9513,29.1263,55850.1,0,HUMAN
44.4806,-458.972,23511.8,0,HUMAN
47.389,31.0491,81076.3,0,HUMAN
63.5027,1724.55,3614440.0,219,NON_HUMAN
44.7885,62.971,39396.0,0,HUMAN
44.6836,35.7618,44113.1,0,HUMAN
47.8338,38.0641,86063.2,0,HUMAN
46.7045,38.1003,63881.9,0,HUMAN
48.3042,7.81127,154206.0,7,HUMAN
46.2414,23.994,56146.1,0,HUMAN
44.7343,66.1618,36879.8,0,HUMAN
44.2708,54.2482,28047.0,0,HUMAN
42.3338,36.3021,25022.9,0,HUMAN
43.391,-9.58327,26868.6,0,HUMAN
48.9993,38.5933,115745.0,0,HUMAN
47.2607,25.7248,74883.8,0,HUMAN
46.2908,26.7952,51041.5,0,HUMAN
47.4275,19.2008,78564.7,0,HUMAN
47.7706,43.572,85180.7,0,HUMAN
46.6222,28.4553,57981.3,0,HUMAN
45.173,66.3441,38142.6,0,HUMAN
41.3396,42.3257,19906.3,0,HUMAN
45.1902,19.4223,42877.0,0,HUMAN
43.4498,11.5454,25743.0,0,HUMAN
43.3268,38.8818,27131.3,0,HUMAN
43.9721,68.648,31008.0,0,HUMAN
43.6124,15.0197,32722.2,0,HUMAN
44.8911,20.8929,42717.9,0,HUMAN
45.3844,30.4058,44231.4,0,HUMAN
43.8926,-8.37848,35721.7,0,HUMAN
60.8906,56.7896,2005000.0,146,HUMAN
47.1751,51.42,62640.0,0,HUMAN
48.9736,26.8429,110547.0,0,HUMAN
51.2494,21.6474,164393.0,0,HUMAN
47.637,38.3348,78605.4,0,HUMAN
53.9535,28.1928,291395.0,0,HUMAN
46.7322,95.0178,53837.0,0,HUMAN
47.9453,4.38987,80041.6,0,HUMAN
49.816,-1.94264,127157.0,0,HUMAN
47.1651,3.07515,64200.9,0,HUMAN
43.8278,52.5207,27112.4,0,HUMAN
45.3857,-3.53025,49477.9,0,HUMAN
45.5063,-74.9955,28020.0,0,HUMAN
47.9841,29.6612,80354.9,0,HUMAN
38.8066,38.3073,10938.8,0,HUMAN
48.079,59.9925,73737.2,0,HUMAN
47.2162,17.874,68712.9,0,HUMAN
45.0025,30.816,47910.3,0,HUMAN
43.1998,-4.85504,24417.4,0,HUMAN
46.0909,26.0149,53792.5,0,HUMAN
51.1896,37.8802,173150.0,0,HUMAN
45.9599,26.8766,58467.5,0,HUMAN
45.4505,61.0237,51887.1,0,HUMAN
58.991,64.7668,988533.0,98,HUMAN
44.8191,32.9404,41539.3,0,HUMAN
42.7095,87.0872,22076.5,0,HUMAN
43.0307,8.29534,21961.9,0,HUMAN
44.9395,31.9166,47798.9,0,HUMAN
47.7014,-27.7959,56419.9,0,HUMAN
45.8415,47.7927,39954.2,0,HUMAN
47.5636,59.0417,105495.0,0,HUMAN
48.607,29.3053,85053.6,0,HUMAN
43.3838,24.29,29359.1,0,HUMAN
67.7969,7.8125,2.86664E7,0,HUMAN
43.9119,23.4375,57612.7,0,HUMAN
45.267,23.4375,86841.7,0,HUMAN
44.8704,23.4375,90405.8,0,HUMAN
59.4727,7.8125,2658440.0,3,HUMAN
49.8336,23.4375,247468.0,96,HUMAN
50.9219,23.4375,344771.0,214,HUMAN
57.8085,15.625,1586950.0,341,HUMAN
56.9427,1140.62,1251080.0,348,NON_HUMAN
57.4743,1703.12,1577210.0,379,NON_HUMAN
50.0592,23.4375,246129.0,152,HUMAN
56.6138,1148.44,1165030.0,363,NON_HUMAN
54.7834,515.625,938810.0,268,HUMAN
52.1159,1945.31,447070.0,235,NON_HUMAN
70.1994,1289.06,2.85675E7,460,NON_HUMAN
55.1817,7.8125,955112.0,1,HUMAN
44.5392,23.4375,73416.8,0,HUMAN
67.284,7.8125,2.59196E7,8,HUMAN
44.7597,437.5,69766.7,4,HUMAN
41.6707,31.25,37992.6,0,HUMAN
50.4271,1562.5,263511.0,259,NON_HUMAN
43.1935,742.188,51758.8,1,NON_HUMAN
48.1133,421.875,171376.0,5,HUMAN
45.8043,757.812,99382.1,93,NON_HUMAN
52.1771,367.188,386305.0,29,HUMAN
48.2499,414.062,178653.0,34,HUMAN
44.3503,453.125,75953.7,9,HUMAN
43.4033,625.0,57879.0,11,HUMAN
42.4137,367.188,46358.5,0,HUMAN
37.256,39.0625,12616.1,0,HUMAN
39.6361,31.25,27314.9,1,HUMAN
68.8438,7.8125,3.6635E7,182,HUMAN
47.6521,437.5,169089.0,37,HUMAN
41.1925,390.625,30000.2,0,HUMAN
46.8775,328.125,124274.0,0,HUMAN
67.8057,7.8125,2.92987E7,16,HUMAN
45.3171,554.688,89494.0,8,HUMAN
38.2188,31.25,19822.6,0,HUMAN
47.8275,367.188,179213.0,2,HUMAN
67.7605,7.8125,2.89084E7,15,HUMAN
50.9791,367.188,314391.0,122,HUMAN
67.6716,7.8125,2.83936E7,0,HUMAN
47.8336,296.875,159418.0,66,HUMAN
46.8682,367.188,117569.0,0,HUMAN
42.9909,1023.44,55876.5,23,NON_HUMAN
49.9192,367.188,210955.0,13,HUMAN
44.4888,398.438,71710.9,16,HUMAN
41.1665,31.25,33473.3,0,HUMAN
54.9717,492.188,705374.0,213,HUMAN
42.2186,31.25,41873.8,2,HUMAN
51.8874,648.438,392980.0,158,HUMAN
38.8305,789.062,19510.5,0,NON_HUMAN
68.2531,7.8125,3.22755E7,1,HUMAN
43.842,492.188,66672.2,1,HUMAN
43.5018,492.188,54943.9,0,HUMAN
67.6543,7.8125,2.82811E7,0,HUMAN
41.4782,39.0625,36908.0,0,HUMAN
39.9954,328.125,25917.3,0,HUMAN
43.8585,492.188,48766.5,0,HUMAN
50.7235,46.875,293470.0,101,HUMAN
38.7812,328.125,20925.4,0,HUMAN
40.063,390.625,23163.0,0,HUMAN
40.9715,367.188,34092.6,0,HUMAN
44.9929,320.312,81052.0,21,HUMAN
48.3463,492.188,169987.0,18,HUMAN
43.1033,492.188,52575.9,1,HUMAN
0.0,0.0,0.0,0,HUMAN
48.5545,359.375,205491.0,20,HUMAN
0.0,0.0,0.0,0,HUMAN
44.291,226.562,70786.8,6,HUMAN
42.2515,320.312,42844.5,0,HUMAN
45.6802,820.312,95178.2,25,NON_HUMAN
43.7691,820.312,71192.2,27,NON_HUMAN
47.0452,1625.0,128642.0,88,NON_HUMAN
40.2302,23.4375,28348.0,0,HUMAN
40.6839,31.25,29830.8,5,HUMAN
42.1018,273.438,42191.5,0,HUMAN
44.437,820.312,76383.9,18,NON_HUMAN
37.8253,31.25,15273.7,0,HUMAN
67.9402,7.8125,3.02626E7,1,HUMAN
49.1182,39.0625,231317.0,33,HUMAN
41.7207,31.25,39322.7,7,HUMAN
43.8233,328.125,62559.1,33,HUMAN
46.7546,359.375,125711.0,45,HUMAN
45.629,382.812,100196.0,43,HUMAN
51.753,359.375,333965.0,11,HUMAN
48.7911,367.188,205228.0,28,HUMAN
56.1135,492.188,1108310.0,359,HUMAN
66.5728,1664.06,1.30591E7,466,NON_HUMAN
47.2048,132.812,131993.0,8,HUMAN
59.7088,945.312,2373070.0,400,NON_HUMAN
67.9242,7.8125,3.01048E7,0,HUMAN
47.4291,406.25,138205.0,8,HUMAN
67.317,7.8125,2.59342E7,10,HUMAN
41.6309,414.062,38082.7,0,HUMAN
39.4503,234.375,19474.7,0,HUMAN
41.891,1171.88,41467.1,5,NON_HUMAN
45.4004,359.375,93087.8,11,HUMAN
38.7593,445.312,18954.1,0,HUMAN
39.2178,601.562,22199.8,0,HUMAN
41.531,867.188,39291.8,23,NON_HUMAN
51.3702,414.062,353530.0,134,HUMAN
40.6485,523.438,31885.7,0,HUMAN
44.6825,265.625,83291.2,2,HUMAN
36.8282,31.25,13894.6,0,HUMAN
47.5272,1031.25,153812.0,98,NON_HUMAN
39.618,7.8125,28002.8,1,HUMAN
51.0954,484.375,333538.0,85,HUMAN
45.5959,523.438,94283.7,9,HUMAN
43.1997,492.188,55337.0,4,HUMAN
40.1597,171.875,29526.0,0,HUMAN
47.1311,687.5,136935.0,25,NON_HUMAN
43.1311,171.875,54218.6,11,HUMAN
42.6372,523.438,45729.4,0,HUMAN
46.6809,492.188,112645.0,9,HUMAN
42.7203,492.188,49968.9,3,HUMAN
68.3422,7.8125,3.24285E7,2,HUMAN
47.3644,367.188,143390.0,13,HUMAN
67.3521,7.8125,2.61143E7,74,HUMAN
43.7295,625.0,66066.3,10,HUMAN
44.5289,328.125,73513.0,7,HUMAN
44.7634,734.375,76290.3,7,NON_HUMAN
42.9487,1656.25,50006.0,13,NON_HUMAN
45.5097,382.812,92170.8,5,HUMAN
41.7992,523.438,36751.1,0,HUMAN
46.6499,781.25,116061.0,76,NON_HUMAN
43.7462,367.188,60577.6,10,HUMAN
41.0515,7.8125,42880.3,0,HUMAN
47.945,375.0,155767.0,5,HUMAN
42.868,31.25,50530.0,26,HUMAN
43.3819,359.375,61628.5,0,HUMAN
67.89,7.8125,2.97809E7,14,HUMAN
40.7228,117.188,32912.8,0,HUMAN
39.9893,523.438,23154.9,0,HUMAN
68.2108,7.8125,3.20472E7,0,HUMAN
40.6296,328.125,30063.4,0,HUMAN
46.5232,375.0,119627.0,13,HUMAN
67.8273,7.8125,2.93869E7,15,HUMAN
47.5374,648.438,158292.0,22,HUMAN
42.9218,406.25,45009.1,0,HUMAN
43.826,750.0,64614.0,9,NON_HUMAN
45.6834,125.0,92199.3,1,HUMAN
38.6704,328.125,16422.7,0,HUMAN
45.1773,437.5,74534.8,3,HUMAN
39.7506,421.875,23399.4,0,HUMAN
53.9872,273.438,666049.0,77,HUMAN
69.2131,7.8125,3.9416E7,212,HUMAN
59.9118,1585.94,2552540.0,414,NON_HUMAN
66.975,1320.31,1.26071E7,458,NON_HUMAN
72.4318,890.625,7.3698E7,352,NON_HUMAN
75.4332,1406.25,8.90295E7,495,NON_HUMAN
41.2268,828.125,38579.0,0,NON_HUMAN
69.4918,7.8125,4.18933E7,134,HUMAN
41.641,492.188,37446.5,0,HUMAN
46.9233,7.8125,110525.0,1,HUMAN
68.3435,7.8125,3.2855E7,0,HUMAN
43.7008,492.188,63715.4,4,HUMAN
45.6823,515.625,92769.6,7,HUMAN
0.0,0.0,0.0,0,HUMAN
44.7854,765.625,77668.2,6,NON_HUMAN
43.7648,398.438,63937.2,2,HUMAN
41.1906,421.875,37014.8,0,HUMAN
53.5108,523.438,589447.0,160,HUMAN
44.8969,187.5,75672.9,17,HUMAN
46.5258,234.375,112894.0,1,HUMAN
39.3753,296.875,23544.4,0,HUMAN
50.3313,343.75,266924.0,11,HUMAN
44.0972,406.25,64206.4,0,HUMAN
42.6741,804.688,48808.0,1,NON_HUMAN
42.7329,171.875,48534.1,0,HUMAN
46.6259,257.812,120005.0,0,HUMAN
45.984,367.188,99966.5,6,HUMAN
43.9904,335.938,65055.0,0,HUMAN
42.3571,125.0,42487.1,0,HUMAN
41.9754,382.812,40518.1,0,HUMAN
46.3075,765.625,109798.0,18,NON_HUMAN
47.8664,164.062,158089.0,26,HUMAN
43.3616,390.625,48861.7,0,HUMAN
42.5277,390.625,45436.3,0,HUMAN
44.7673,367.188,81933.2,0,HUMAN
45.0119,367.188,85469.2,0,HUMAN
45.715,539.062,96210.2,4,HUMAN
44.3541,648.438,69216.2,7,HUMAN
35.9935,31.25,9341.46,0,HUMAN
44.0219,507.812,65726.1,2,HUMAN
52.9197,1031.25,606442.0,230,NON_HUMAN
56.958,687.5,1497240.0,248,NON_HUMAN
41.81,117.188,39654.2,0,HUMAN
39.4333,437.5,22031.7,0,HUMAN
49.7057,335.938,235640.0,9,HUMAN
45.4294,218.75,87442.0,1,HUMAN
44.7793,218.75,77253.0,7,HUMAN
51.1592,898.438,350860.0,165,NON_HUMAN
45.5098,445.312,89138.9,2,HUMAN
45.526,312.5,97578.6,13,HUMAN
53.0983,406.25,509225.0,130,HUMAN
55.7682,531.25,1114060.0,199,HUMAN
43.1761,343.75,55569.3,20,HUMAN
47.1293,125.0,134507.0,65,HUMAN
47.3279,328.125,126407.0,0,HUMAN
38.3506,101.562,18054.4,0,HUMAN
41.6109,492.188,37531.6,0,HUMAN
41.665,531.25,39364.4,0,HUMAN
38.7628,31.25,19153.3,0,HUMAN
44.1369,546.875,64321.8,0,HUMAN
59.0522,562.5,1964840.0,330,HUMAN
45.0435,273.438,96427.1,16,HUMAN
41.8723,218.75,41042.6,0,HUMAN
44.2181,609.375,63111.2,0,HUMAN
41.9317,492.188,41875.0,0,HUMAN
37.9177,31.25,15604.4,0,HUMAN
49.8333,132.812,242512.0,109,HUMAN
42.0978,140.625,46674.3,0,HUMAN
39.7853,132.812,21437.6,0,HUMAN
45.7287,265.625,102764.0,0,HUMAN
44.0134,125.0,62981.1,0,HUMAN
43.8394,390.625,62034.5,0,HUMAN
42.2082,390.625,38744.9,0,HUMAN
43.448,328.125,54607.6,0,HUMAN
44.7216,390.625,77943.5,0,HUMAN
46.0085,382.812,99322.7,1,HUMAN
45.4635,375.0,92189.5,1,HUMAN
41.1329,7.8125,32943.1,0,HUMAN
51.1317,187.5,335320.0,81,HUMAN
49.2783,632.812,211071.0,81,HUMAN
43.9875,125.0,64672.6,0,HUMAN
44.9435,414.062,80463.2,7,HUMAN
46.4946,554.688,141467.0,58,HUMAN
42.5094,132.812,44070.8,0,HUMAN
50.1323,476.562,276550.0,60,HUMAN
41.4468,554.688,35342.2,0,HUMAN
76.267,7.8125,1.74402E8,269,HUMAN
41.9833,125.0,41497.6,0,HUMAN
38.9368,492.188,23529.7,0,HUMAN
78.2661,7.8125,2.70042E8,5,HUMAN
40.4843,7.8125,30462.4,0,HUMAN
36.0094,132.812,7145.94,0,HUMAN
39.7543,7.8125,24937.7,0,HUMAN
50.155,343.75,289991.0,18,HUMAN
40.4581,140.625,28374.4,0,HUMAN
39.7237,554.688,25230.9,0,HUMAN
41.5413,335.938,39359.5,0,HUMAN
48.61,851.562,184306.0,174,NON_HUMAN
65.6484,1390.62,1.00463E7,446,NON_HUMAN
67.2961,1406.25,1.59415E7,462,NON_HUMAN
73.3356,1046.88,5.63881E7,490,NON_HUMAN
54.4328,757.812,714572.0,315,NON_HUMAN
48.893,1375.0,210592.0,180,NON_HUMAN
40.1803,70.3125,30858.0,0,HUMAN
47.1217,343.75,144213.0,26,HUMAN
39.7213,140.625,25769.3,0,HUMAN
40.6576,218.75,35847.8,0,HUMAN
58.3548,70.3125,1757280.0,0,HUMAN
45.0143,406.25,82008.2,0,HUMAN
40.6019,54.6875,32606.8,0,HUMAN
40.146,7.8125,37029.5,0,HUMAN
43.4778,492.188,61769.3,0,HUMAN
47.6632,335.938,144218.0,3,HUMAN
47.3622,351.562,121272.0,0,HUMAN
41.1238,406.25,37592.0,0,HUMAN
43.2299,273.438,58194.6,6,HUMAN
43.8139,125.0,62869.8,0,HUMAN
41.7855,500.0,37810.1,0,HUMAN
42.5988,46.875,50315.5,0,HUMAN
43.4507,7.8125,70334.9,0,HUMAN
40.9948,328.125,35139.0,0,HUMAN
46.7221,351.562,119945.0,1,HUMAN
40.3901,328.125,28485.7,0,HUMAN
59.9599,500.0,2291600.0,369,HUMAN
41.7009,523.438,41463.0,0,HUMAN
38.2998,437.5,16637.3,0,HUMAN
43.871,593.75,65028.8,0,HUMAN
52.2235,390.625,579954.0,110,HUMAN
36.5856,31.25,11781.1,0,HUMAN
45.7864,726.562,114728.0,71,NON_HUMAN
38.7301,343.75,23331.3,0,HUMAN
39.5119,437.5,21289.6,0,HUMAN
54.3339,1578.12,631003.0,400,NON_HUMAN
56.1732,1648.44,1031900.0,377,NON_HUMAN
46.8268,218.75,126623.0,0,HUMAN
37.7933,132.812,15093.4,0,HUMAN
53.5425,554.688,551975.0,219,HUMAN
43.0717,351.562,52394.3,0,HUMAN
45.2628,328.125,94200.3,1,HUMAN
43.3313,125.0,54247.5,0,HUMAN
41.9385,789.062,37646.5,0,NON_HUMAN
40.7963,70.3125,35657.4,0,HUMAN
48.0993,648.438,171572.0,80,HUMAN
56.8677,820.312,1286970.0,310,NON_HUMAN
46.2856,468.75,109910.0,33,HUMAN
50.2871,960.938,278454.0,181,NON_HUMAN
41.1549,367.188,33885.5,0,HUMAN
51.6834,390.625,388912.0,59,HUMAN
41.4854,390.625,35016.1,0,HUMAN
42.0719,31.25,46855.1,0,HUMAN
41.2163,23.4375,27800.1,0,HUMAN
56.4132,460.938,1257080.0,188,HUMAN
39.2462,31.25,23590.4,0,HUMAN
43.6781,312.5,59644.6,0,HUMAN
39.7618,367.188,25230.0,0,HUMAN
47.5634,367.188,165701.0,26,HUMAN
45.8215,187.5,99340.0,6,HUMAN
40.4112,351.562,29026.2,0,HUMAN
51.1342,367.188,316294.0,13,HUMAN
38.783,335.938,20122.7,0,HUMAN
39.5146,218.75,24741.5,0,HUMAN
42.0237,328.125,41306.1,0,HUMAN
38.0026,93.75,15571.6,0,HUMAN
41.431,70.3125,31863.5,0,HUMAN
39.2971,320.312,21937.1,0,HUMAN
40.5467,195.312,27783.1,0,HUMAN
42.9721,367.188,50067.6,0,HUMAN
40.9303,593.75,33464.9,0,HUMAN
41.9427,468.75,41422.1,4,HUMAN
38.7415,70.3125,17415.2,0,HUMAN
41.5368,343.75,32455.7,0,HUMAN
37.9392,390.625,14647.4,0,HUMAN
44.0375,125.0,64308.7,0,HUMAN
39.43,31.25,23322.2,0,HUMAN
37.8606,132.812,16793.9,0,HUMAN
41.1463,601.562,35013.1,0,HUMAN
35.8191,437.5,9258.68,0,HUMAN
43.677,218.75,66618.5,0,HUMAN
42.1709,460.938,41480.4,0,HUMAN
39.5693,781.25,24673.5,0,NON_HUMAN
38.8171,976.562,20267.9,0,NON_HUMAN
42.3413,328.125,42797.4,0,HUMAN
42.3721,148.438,45803.0,0,HUMAN
50.8814,812.5,302608.0,238,NON_HUMAN
48.1995,460.938,181832.0,25,HUMAN
42.4084,179.688,41597.2,0,HUMAN
56.194,390.625,1057890.0,179,HUMAN
41.8731,562.5,40537.6,0,HUMAN
48.3452,15.625,181434.0,0,HUMAN
49.9893,289.062,258964.0,34,HUMAN
61.7261,500.0,3746670.0,388,HUMAN
40.3103,406.25,27549.5,0,HUMAN
38.6931,242.188,20031.2,0,HUMAN
47.7486,867.188,147842.0,99,NON_HUMAN
40.8977,70.3125,36600.5,0,HUMAN
40.9222,117.188,33354.5,0,HUMAN
40.5135,125.0,28393.0,0,HUMAN
52.118,390.625,448642.0,136,HUMAN
43.4692,140.625,56413.6,0,HUMAN
50.0231,406.25,252579.0,25,HUMAN
49.5538,335.938,225662.0,31,HUMAN
42.4253,54.6875,45947.1,0,HUMAN
44.2348,140.625,69923.1,0,HUMAN
46.2724,250.0,109377.0,17,HUMAN
44.4273,117.188,75987.5,1,HUMAN
41.401,1109.38,40566.0,12,NON_HUMAN
41.6595,187.5,40865.0,0,HUMAN
55.6784,945.312,1071950.0,249,NON_HUMAN
52.7473,304.688,485803.0,116,HUMAN
52.0325,390.625,417326.0,58,HUMAN
46.2973,117.188,105102.0,9,HUMAN
51.4317,562.5,347699.0,153,HUMAN
43.4888,492.188,72556.9,29,HUMAN
41.3495,234.375,34959.0,0,HUMAN
50.0167,617.188,313168.0,91,HUMAN
46.6548,406.25,123400.0,2,HUMAN
45.9364,492.188,103219.0,4,HUMAN
44.1451,406.25,65650.3,0,HUMAN
38.556,31.25,16887.2,0,HUMAN
39.282,437.5,23360.7,0,HUMAN
41.9857,718.75,42025.4,1,NON_HUMAN
37.8443,132.812,14659.9,0,HUMAN
45.0284,656.25,84768.8,26,NON_HUMAN
38.6431,117.188,17604.2,0,HUMAN
50.3276,421.875,263428.0,42,HUMAN
44.7177,578.125,76015.0,1,HUMAN
44.0664,1562.5,98411.0,68,NON_HUMAN
38.3775,31.25,18050.5,0,HUMAN
41.5478,140.625,40175.3,0,HUMAN
38.3791,132.812,18228.7,0,HUMAN
45.7974,609.375,97308.5,20,HUMAN
41.3444,492.188,33698.6,0,HUMAN
44.8737,85.9375,82155.4,1,HUMAN
41.3886,382.812,35600.4,1,HUMAN
42.8934,320.312,48390.1,0,HUMAN
44.4703,414.062,72051.5,2,HUMAN
61.0333,671.875,3365250.0,396,NON_HUMAN
44.4578,500.0,76959.5,27,HUMAN
48.6658,562.5,189917.0,15,HUMAN
46.5056,226.562,116511.0,1,HUMAN
50.483,500.0,311389.0,66,HUMAN
44.391,187.5,73810.8,14,HUMAN
46.386,273.438,113313.0,34,HUMAN
41.717,328.125,39668.1,0,HUMAN
46.6861,945.312,132330.0,52,NON_HUMAN
45.3161,226.562,90694.1,4,HUMAN
45.4356,742.188,94713.0,12,NON_HUMAN
47.2494,968.75,138618.0,65,NON_HUMAN
42.5454,343.75,42247.3,0,HUMAN
39.0264,414.062,21662.2,0,HUMAN
38.0809,31.25,18876.2,2,HUMAN
41.4371,437.5,35191.5,0,HUMAN
44.5871,328.125,70631.8,0,HUMAN
51.7563,664.062,348873.0,138,NON_HUMAN
41.8278,273.438,41658.3,0,HUMAN
45.9571,195.312,105941.0,2,HUMAN
49.5309,335.938,221820.0,35,HUMAN
53.734,640.625,673359.0,166,HUMAN
40.3711,437.5,27934.0,0,HUMAN
44.8862,164.062,92660.5,42,HUMAN
39.3591,328.125,22148.1,0,HUMAN
49.3259,335.938,204467.0,0,HUMAN
47.8215,585.938,153671.0,41,HUMAN
46.7061,328.125,110347.0,0,HUMAN
44.0142,328.125,59742.2,0,HUMAN
48.6177,328.125,204374.0,2,HUMAN
45.2688,367.188,85283.1,0,HUMAN
43.6441,250.0,60350.6,0,HUMAN
0.0,0.0,0.0,0,HUMAN
40.1733,367.188,26843.0,0,HUMAN
45.5551,367.188,93756.4,1,HUMAN
42.9474,742.188,45092.2,0,NON_HUMAN
46.7542,375.0,120787.0,1,HUMAN
67.6172,7.8125,2.79795E7,26,HUMAN
45.4618,328.125,88801.7,0,HUMAN
44.2414,234.375,66364.1,0,HUMAN
42.7343,562.5,45937.8,0,HUMAN
45.0595,414.062,83724.1,0,HUMAN
41.1641,31.25,42324.9,0,HUMAN
45.8101,390.625,99653.1,1,HUMAN
42.9725,31.25,25678.8,0,HUMAN
42.8449,390.625,55200.0,0,HUMAN
61.7146,1375.0,5096650.0,408,NON_HUMAN
70.0325,1179.69,2.60538E7,487,NON_HUMAN
74.1267,1171.88,7.32047E7,492,NON_HUMAN
77.5783,1578.12,1.41232E8,499,NON_HUMAN
75.864,1757.81,9.74815E7,496,NON_HUMAN
51.3326,703.125,370342.0,141,NON_HUMAN
47.7721,546.875,148397.0,25,HUMAN
45.4295,359.375,102404.0,2,HUMAN
47.108,328.125,140944.0,22,HUMAN
42.4668,101.562,37338.3,0,HUMAN
46.0964,507.812,131840.0,31,HUMAN
47.2393,375.0,181620.0,21,HUMAN
42.7064,351.562,50017.9,0,HUMAN
0.0,0.0,0.0,0,HUMAN
0.0,0.0,0.0,0,HUMAN
0.0,0.0,0.0,0,HUMAN
0.0,0.0,0.0,0,HUMAN
0.0,0.0,0.0,0,HUMAN
0.0,0.0,0.0,0,HUMAN
0.0,0.0,0.0,0,HUMAN
0.0,0.0,0.0,0,HUMAN
0.0,0.0,0.0,0,HUMAN
0.0,0.0,0.0,0,HUMAN
0.0,0.0,0.0,0,HUMAN
0.0,0.0,0.0,0,HUMAN
0.0,0.0,0.0,0,HUMAN
0.0,0.0,0.0,0,HUMAN
0.0,0.0,0.0,0,HUMAN
0.0,0.0,0.0,0,HUMAN
0.0,0.0,0.0,0,HUMAN
0.0,0.0,0.0,0,HUMAN
0.0,0.0,0.0,0,HUMAN
0.0,0.0,0.0,0,HUMAN
0.0,0.0,0.0,0,HUMAN
0.0,0.0,0.0,0,HUMAN
0.0,0.0,0.0,0,HUMAN
0.0,0.0,0.0,0,HUMAN
30.0,0.0,0.0,0,HUMAN
30.0,0.0,0.0,0,HUMAN
30.0,0.0,0.0,0,HUMAN
30.0,0.0,0.0,0,HUMAN
30.0,0.0,0.0,0,HUMAN
30.0,0.0,0.0,0,HUMAN
30.0,0.0,0.0,0,HUMAN
30.0,0.0,0.0,0,HUMAN
30.0,0.0,0.0,0,HUMAN
30.0,0.0,0.0,0,HUMAN
30.0,0.0,0.0,0,HUMAN
30.0,0.0,0.0,0,HUMAN
30.0,0.0,0.0,0,HUMAN
30.0,0.0,0.0,0,HUMAN
30.0,0.0,0.0,0,HUMAN
30.0,0.0,0.0,0,HUMAN
30.0,0.0,0.0,0,HUMAN
30.0,0.0,0.0,0,HUMAN
30.0,0.0,0.0,0,HUMAN
30.0,0.0,0.0,0,HUMAN
30.0,0.0,0.0,0,HUMAN
30.0,0.0,0.0,0,HUMAN
30.0,0.0,0.0,0,HUMAN
30.0,0.0,0.0,0,HUMAN
30.0,0.0,0.0,0,HUMAN
30.0,0.0,0.0,0,HUMAN
30.0,0.0,0.0,0,HUMAN
30.0,0.0,0.0,0,HUMAN
30.0,0.0,0.0,0,HUMAN
30.0,0.0,0.0,0,HUMAN
30.0,0.0,0.0,0,HUMAN
30.0,0.0,0.0,0,HUMAN
30.0,0.0,0.0,0,HUMAN
30.0,0.0,0.0,0,HUMAN
30.0,0.0,0.0,0,HUMAN
30.0,0.0,0.0,0,HUMAN
30.0,0.0,0.0,0,HUMAN
30.0,0.0,0.0,0,HUMAN
30.0,0.0,0.0,0,HUMAN
30.0,0.0,0.0,0,HUMAN
30.0,0.0,0.0,0,HUMAN
30.0,0.0,0.0,0,HUMAN
30.0,0.0,0.0,0,HUMAN
30.0,0.0,0.0,0,HUMAN
30.0,0.0,0.0,0,HUMAN
30.0,0.0,0.0,0,HUMAN
30.0,0.0,0.0,0,HUMAN
30.0,0.0,0.0,0,HUMAN
30.0,0.0,0.0,0,HUMAN
30.0,0.0,0.0,0,HUMAN
30.0,0.0,0.0,0,HUMAN
30.0,0.0,0.0,0,HUMAN
30.0,0.0,0.0,0,HUMAN
30.0,0.0,0.0,0,HUMAN
30.0,0.0,0.0,0,HUMAN
30.0,0.0,0.0,0,HUMAN
30.0,0.0,0.0,0,HUMAN
30.0,0.0,0.0,0,HUMAN
30.0,0.0,0.0,0,HUMAN
30.0,0.0,0.0,0,HUMAN
30.0,0.0,0.0,0,HUMAN
30.0,0.0,0.0,0,HUMAN
30.0,0.0,0.0,0,HUMAN
30.0,0.0,0.0,0,HUMAN
30.0,0.0,0.0,0,HUMAN
30.0,0.0,0.0,0,HUMAN
30.0,0.0,0.0,0,HUMAN
30.0,0.0,0.0,0,HUMAN
30.0,0.0,0.0,0,HUMAN
30.0,0.0,0.0,0,HUMAN
30.0,0.0,0.0,0,HUMAN
30.0,0.0,0.0,0,HUMAN
30.0,0.0,0.0,0,HUMAN
30.0,0.0,0.0,0,HUMAN
30.0,0.0,0.0,0,HUMAN
30.0,0.0,0.0,0,HUMAN
30.0,0.0,0.0,0,HUMAN
30.0,0.0,0.0,0,HUMAN
30.0,0.0,0.0,0,HUMAN
30.0,0.0,0.0,0,HUMAN
30.0,0.0,0.0,0,HUMAN
30.0,0.0,0.0,0,HUMAN
30.0,0.0,0.0,0,HUMAN
30.0,0.0,0.0,0,HUMAN
30.0,0.0,0.0,0,HUMAN
30.0,0.0,0.0,0,HUMAN
30.0,0.0,0.0,0,HUMAN
30.0,0.0,0.0,0,HUMAN
30.0,0.0,0.0,0,HUMAN
30.0,0.0,0.0,0,HUMAN
30.0,0.0,0.0,0,HUMAN
30.0,0.0,0.0,0,HUMAN
30.0,1.0,0.105469,0,HUMAN
30.0,0.0,0.0,0,HUMAN
30.0,0.0,0.0,0,HUMAN
30.0,0.0,0.0,0,HUMAN
30.0,0.0,0.0,0,HUMAN
30.0,0.0,0.0,0,HUMAN
30.0,0.0,0.0,0,HUMAN
30.0,0.0,0.0,0,HUMAN
30.0,0.0,0.0,0,HUMAN
30.0,0.0,0.0,0,HUMAN
30.0,0.0,0.0,0,HUMAN
30.0,0.0,0.0,0,HUMAN
30.0,0.0,0.0,0,HUMAN
30.0,0.0,0.0,0,HUMAN
30.0,0.0,0.0,0,HUMAN
30.0,0.0,0.0,0,HUMAN
30.0,0.0,0.0,0,HUMAN
30.0,0.0,0.0,0,HUMAN
30.0,0.0,0.0,0,HUMAN
30.0,0.0,0.0,0,HUMAN
30.0,0.0,0.0,0,HUMAN
30.0,0.0,0.0,0,HUMAN
30.0,0.0,0.0,0,HUMAN
30.0,0.0,0.0,0,HUMAN
30.0,0.0,0.0,0,HUMAN
30.0,0.0,0.0,0,HUMAN
30.0,0.0,0.0,0,HUMAN
30.0,0.0,0.0,0,HUMAN
30.0,0.0,0.0,0,HUMAN
30.0,0.0,0.0,0,HUMAN
30.0,0.0,0.0,0,HUMAN
30.0,0.0,0.0,0,HUMAN
30.0,0.0,0.0,0,HUMAN
30.0,0.0,0.0,0,HUMAN
30.0,0.0,0.0,0,HUMAN
30.0,0.0,0.0,0,HUMAN
30.0,0.0,0.0,0,HUMAN
0.0,0.0,0.0,0,HUMAN
0.0,0.0,0.0,0,HUMAN
0.0,0.0,0.0,0,HUMAN
0.0,0.0,0.0,0,HUMAN
0.0,0.0,0.0,0,HUMAN
0.0,0.0,0.0,0,HUMAN
0.0,0.0,0.0,0,HUMAN
0.0,0.0,0.0,0,HUMAN
0.0,0.0,0.0,0,HUMAN
0.0,0.0,0.0,0,HUMAN
0.0,0.0,0.0,0,HUMAN
0.0,0.0,0.0,0,HUMAN
0.0,0.0,0.0,0,HUMAN
0.0,0.0,1.0,0,HUMAN
0.0,0.0,1.0,0,HUMAN
0.0,0.0,1.0,0,HUMAN
0.0,0.0,1.0,0,HUMAN
0.0,0.0,1.0,0,HUMAN
0.0,0.0,1.0,0,HUMAN
0.0,0.0,1.0,0,HUMAN
0.0,0.0,1.0,0,HUMAN
0.0,0.0,1.0,0,HUMAN
0.0,0.0,1.0,0,HUMAN
0.0,0.0,1.0,0,HUMAN
0.0,0.0,1.0,0,HUMAN
0.0,0.0,1.0,0,HUMAN
0.0,0.0,1.0,0,HUMAN
0.0,0.0,1.0,0,HUMAN
0.0,0.0,1.0,0,HUMAN
0.0,0.0,1.0,0,HUMAN
0.0,0.0,1.0,0,HUMAN
0.0,0.0,1.0,0,HUMAN
0.0,0.0,1.0,0,HUMAN
0.0,0.0,1.0,0,HUMAN
0.0,0.0,1.0,0,HUMAN
0.0,0.0,1.0,0,HUMAN
0.0,0.0,1.0,0,HUMAN
0.0,0.0,1.0,0,HUMAN
0.0,0.0,1.0,0,HUMAN
0.0,0.0,1.0,0,HUMAN
0.0,0.0,1.0,0,HUMAN
0.0,0.0,1.0,0,HUMAN
0.0,0.0,1.0,0,HUMAN
0.0,0.0,1.0,0,HUMAN
0.0,0.0,1.0,0,HUMAN
0.0,0.0,1.0,0,HUMAN
0.0,0.0,1.0,0,HUMAN
0.0,0.0,1.0,0,HUMAN
0.0,0.0,1.0,0,HUMAN
0.0,0.0,1.0,0,HUMAN
0.0,0.0,1.0,0,HUMAN
0.0,0.0,1.0,0,HUMAN
0.0,0.0,1.0,0,HUMAN
0.0,0.0,1.0,0,HUMAN
0.0,0.0,1.0,0,HUMAN
0.0,0.0,1.0,0,HUMAN
0.0,0.0,1.0,0,HUMAN
0.0,0.0,1.0,0,HUMAN
0.0,0.0,1.0,0,HUMAN
0.0,0.0,1.0,0,HUMAN
0.0,0.0,1.0,0,HUMAN
0.0,0.0,1.0,0,HUMAN
0.0,0.0,1.0,0,HUMAN
0.0,0.0,1.0,0,HUMAN
0.0,0.0,1.0,0,HUMAN
0.0,0.0,1.0,0,HUMAN
0.0,0.0,1.0,0,HUMAN
0.0,0.0,1.0,0,HUMAN
0.0,0.0,1.0,0,HUMAN
0.0,0.0,1.0,0,HUMAN
0.0,0.0,1.0,0,HUMAN
0.0,0.0,1.0,0,HUMAN
0.0,0.0,1.0,0,HUMAN
0.0,0.0,1.0,0,HUMAN
0.0,0.0,1.0,0,HUMAN
0.0,0.0,1.0,0,HUMAN
0.0,0.0,1.0,0,HUMAN
0.0,0.0,1.0,0,HUMAN
0.0,0.0,1.0,0,HUMAN
0.0,0.0,1.0,0,HUMAN
0.0,0.0,1.0,0,HUMAN
0.0,0.0,1.0,0,HUMAN
0.0,0.0,1.0,0,HUMAN
0.0,0.0,1.0,0,HUMAN
0.0,0.0,1.0,0,HUMAN
0.0,0.0,1.0,0,HUMAN
0.0,0.0,1.0,0,HUMAN
0.0,0.0,1.0,0,HUMAN
0.0,0.0,1.0,0,HUMAN
0.0,0.0,1.0,0,HUMAN
0.0,0.0,1.0,0,HUMAN
0.0,0.0,1.0,0,HUMAN
0.0,0.0,1.0,0,HUMAN
0.0,0.0,1.0,0,HUMAN
0.0,0.0,1.0,0,HUMAN
0.0,0.0,1.0,0,HUMAN
0.0,0.0,1.0,0,HUMAN
0.0,0.0,1.0,0,HUMAN
0.0,0.0,1.0,0,HUMAN
0.0,0.0,1.0,0,HUMAN
0.0,0.0,1.0,0,HUMAN
0.0,0.0,1.0,0,HUMAN
0.0,0.0,1.0,0,HUMAN
0.0,0.0,1.0,0,HUMAN
0.0,0.0,1.0,0,HUMAN
0.0,0.0,1.0,0,HUMAN
0.0,0.0,1.0,0,HUMAN
0.0,0.0,1.0,0,HUMAN
0.0,0.0,1.0,0,HUMAN
0.0,0.0,1.0,0,HUMAN
0.0,0.0,1.0,0,HUMAN
0.0,0.0,1.0,0,HUMAN
0.0,0.0,1.0,0,HUMAN
0.0,0.0,1.0,0,HUMAN
0.0,0.0,1.0,0,HUMAN
0.0,0.0,1.0,0,HUMAN
0.0,0.0,1.0,0,HUMAN
0.0,0.0,1.0,0,HUMAN
0.0,0.0,1.0,0,HUMAN
0.0,0.0,1.0,0,HUMAN
0.0,0.0,1.0,0,HUMAN
0.0,0.0,1.0,0,HUMAN
0.0,0.0,1.0,0,HUMAN
0.0,0.0,1.0,0,HUMAN
0.0,0.0,1.0,0,HUMAN
0.0,0.0,1.0,0,HUMAN
0.0,0.0,1.0,0,HUMAN
0.0,0.0,1.0,0,HUMAN
0.0,0.0,1.0,0,HUMAN
0.0,0.0,1.0,0,HUMAN
0.0,0.0,1.0,0,HUMAN
0.0,0.0,1.0,0,HUMAN
0.0,0.0,1.0,0,HUMAN
0.0,0.0,1.0,0,HUMAN
0.0,0.0,1.0,0,HUMAN
0.0,0.0,1.0,0,HUMAN
0.0,0.0,1.0,0,HUMAN
0.0,0.0,1.0,0,HUMAN
0.0,0.0,1.0,0,HUMAN
0.0,0.0,1.0,0,HUMAN
0.0,0.0,1.0,0,HUMAN
0.0,0.0,1.0,0,HUMAN
0.0,0.0,1.0,0,HUMAN
0.0,0.0,1.0,0,HUMAN
0.0,0.0,1.0,0,HUMAN
0.0,0.0,1.0,0,HUMAN
0.0,0.0,1.0,0,HUMAN
0.0,0.0,1.0,0,HUMAN
0.0,0.0,1.0,0,HUMAN
0.0,0.0,1.0,0,HUMAN
0.0,0.0,1.0,0,HUMAN
0.0,0.0,1.0,0,HUMAN
0.0,0.0,1.0,0,HUMAN
0.0,0.0,1.0,0,HUMAN
0.0,0.0,1.0,0,HUMAN
0.0,0.0,1.0,0,HUMAN
0.0,0.0,1.0,0,HUMAN
0.0,0.0,1.0,0,HUMAN
0.0,0.0,1.0,0,HUMAN
0.0,0.0,1.0,0,HUMAN
0.0,0.0,1.0,0,HUMAN
0.0,0.0,1.0,0,HUMAN
0.0,0.0,1.0,0,HUMAN
0.0,0.0,1.0,0,HUMAN
0.0,0.0,1.0,0,HUMAN
0.0,0.0,1.0,0,HUMAN
0.0,0.0,1.0,0,HUMAN
0.0,0.0,1.0,0,HUMAN
0.0,0.0,1.0,0,HUMAN
0.0,0.0,1.0,0,HUMAN
0.0,0.0,1.0,0,HUMAN
0.0,0.0,1.0,0,HUMAN
0.0,0.0,1.0,0,HUMAN
0.0,0.0,1.0,0,HUMAN
0.0,0.0,1.0,0,HUMAN
0.0,0.0,1.0,0,HUMAN
0.0,0.0,1.0,0,HUMAN
0.0,0.0,1.0,0,HUMAN
0.0,0.0,1.0,0,HUMAN
0.0,0.0,1.0,0,HUMAN
0.0,0.0,1.0,0,HUMAN
0.0,0.0,1.0,0,HUMAN
0.0,0.0,1.0,0,HUMAN
0.0,0.0,1.0,0,HUMAN
0.0,0.0,1.0,0,HUMAN
0.0,0.0,1.0,0,HUMAN
0.0,0.0,1.0,0,HUMAN
0.0,0.0,1.0,0,HUMAN
0.0,0.0,1.0,0,HUMAN
0.0,0.0,1.0,0,HUMAN
0.0,0.0,1.0,0,HUMAN
0.0,0.0,1.0,0,HUMAN
0.0,0.0,1.0,0,HUMAN
0.0,0.0,1.0,0,HUMAN
0.0,0.0,1.0,0,HUMAN
0.0,0.0,1.0,0,HUMAN
0.0,0.0,1.0,0,HUMAN
0.0,0.0,1.0,0,HUMAN
0.0,0.0,1.0,0,HUMAN
0.0,0.0,1.0,0,HUMAN
0.0,0.0,1.0,0,HUMAN
0.0,0.0,1.0,0,HUMAN
0.0,0.0,1.0,0,HUMAN
0.0,0.0,1.0,0,HUMAN
0.0,0.0,1.0,0,HUMAN
0.0,0.0,1.0,0,HUMAN
0.0,0.0,1.0,0,HUMAN
0.0,0.0,1.0,0,HUMAN
0.0,0.0,1.0,0,HUMAN
0.0,0.0,1.0,0,HUMAN
0.0,0.0,1.0,0,HUMAN
0.0,0.0,1.0,0,HUMAN
0.0,0.0,1.0,0,HUMAN
0.0,0.0,1.0,0,HUMAN
0.0,0.0,1.0,0,HUMAN
0.0,0.0,1.0,0,HUMAN
0.0,0.0,1.0,0,HUMAN
0.0,0.0,1.0,0,HUMAN
0.0,0.0,1.0,0,HUMAN
0.0,0.0,1.0,0,HUMAN
0.0,0.0,1.0,0,HUMAN
0.0,0.0,1.0,0,HUMAN
0.0,0.0,1.0,0,HUMAN
0.0,0.0,1.0,0,HUMAN
0.0,0.0,1.0,0,HUMAN
0.0,0.0,1.0,0,HUMAN
0.0,0.0,1.0,0,HUMAN
0.0,0.0,1.0,0,HUMAN
0.0,0.0,1.0,0,HUMAN
0.0,0.0,1.0,0,HUMAN
0.0,0.0,1.0,0,HUMAN
0.0,0.0,1.0,0,HUMAN
0.0,0.0,1.0,0,HUMAN
0.0,0.0,1.0,0,HUMAN
0.0,0.0,1.0,0,HUMAN
0.0,0.0,1.0,0,HUMAN
0.0,0.0,1.0,0,HUMAN
0.0,0.0,1.0,0,HUMAN
0.0,0.0,1.0,0,HUMAN
0.0,0.0,1.0,0,HUMAN
0.0,0.0,1.0,0,HUMAN
0.0,0.0,1.0,0,HUMAN
0.0,0.0,1.0,0,HUMAN
0.0,0.0,1.0,0,HUMAN
0.0,0.0,1.0,0,HUMAN
0.0,0.0,1.0,0,HUMAN
0.0,0.0,1.0,0,HUMAN
0.0,0.0,1.0,0,HUMAN
0.0,0.0,1.0,0,HUMAN
0.0,0.0,1.0,0,HUMAN
0.0,0.0,1.0,0,HUMAN
0.0,0.0,1.0,0,HUMAN
0.0,0.0,1.0,0,HUMAN
0.0,0.0,1.0,0,HUMAN
0.0,0.0,1.0,0,HUMAN
0.0,0.0,1.0,0,HUMAN
0.0,0.0,1.0,0,HUMAN
0.0,0.0,1.0,0,HUMAN
0.0,0.0,1.0,0,HUMAN
0.0,0.0,1.0,0,HUMAN
0.0,0.0,1.0,0,HUMAN
0.0,0.0,1.0,0,HUMAN
0.0,0.0,1.0,0,HUMAN
0.0,0.0,1.0,0,HUMAN
0.0,0.0,1.0,0,HUMAN
0.0,0.0,1.0,0,HUMAN
0.0,0.0,1.0,0,HUMAN
0.0,0.0,1.0,0,HUMAN
0.0,0.0,1.0,0,HUMAN
0.0,0.0,1.0,0,HUMAN
0.0,0.0,1.0,0,HUMAN
0.0,0.0,1.0,0,HUMAN
0.0,0.0,1.0,0,HUMAN
0.0,0.0,1.0,0,HUMAN
0.0,0.0,1.0,0,HUMAN
0.0,0.0,1.0,0,HUMAN
0.0,0.0,1.0,0,HUMAN
0.0,0.0,1.0,0,HUMAN
0.0,0.0,1.0,0,HUMAN
0.0,0.0,1.0,0,HUMAN
0.0,0.0,1.0,0,HUMAN
0.0,0.0,1.0,0,HUMAN
0.0,0.0,1.0,0,HUMAN
0.0,0.0,1.0,0,HUMAN
0.0,0.0,1.0,0,HUMAN
0.0,0.0,1.0,0,HUMAN
0.0,0.0,1.0,0,HUMAN
49.7202,7.8125,46727.7,48,HUMAN
35.0028,7.8125,2117.55,0,HUMAN
37.3179,7.8125,3061.71,0,HUMAN
42.0718,7.8125,8303.55,0,HUMAN
42.6798,7.8125,8945.14,0,HUMAN
46.8253,7.8125,25061.3,0,HUMAN
35.1948,7.8125,1738.05,0,HUMAN
40.17,7.8125,4863.41,0,HUMAN
47.6281,7.8125,29176.9,31,HUMAN
47.5035,7.8125,36021.7,93,HUMAN
38.4465,7.8125,4332.03,0,HUMAN
41.2284,7.8125,7982.55,0,HUMAN
42.3557,7.8125,9825.5,7,HUMAN
39.9636,7.8125,6260.25,0,HUMAN
37.375,7.8125,2241.17,0,HUMAN
32.9516,7.8125,1090.7,0,HUMAN
41.2816,7.8125,7378.47,0,HUMAN
40.3428,7.8125,7217.38,0,HUMAN
31.0108,7.8125,632.566,0,HUMAN
47.4423,7.8125,21002.0,9,HUMAN
41.5729,7.8125,8506.44,9,HUMAN
44.664,7.8125,17614.6,34,HUMAN
40.6449,7.8125,6277.91,0,HUMAN
45.1118,7.8125,19759.1,4,HUMAN
44.363,7.8125,18582.1,0,HUMAN
42.237,7.8125,14191.3,13,HUMAN
41.3418,7.8125,7779.98,6,HUMAN
39.5641,7.8125,4665.44,0,HUMAN
38.3668,7.8125,3904.61,0,HUMAN
36.8001,7.8125,2828.54,0,HUMAN
46.0,7.8125,32330.1,37,HUMAN
31.0117,7.8125,707.39,0,HUMAN
38.5568,7.8125,3937.9,0,HUMAN
56.8285,7.8125,317338.0,326,HUMAN
31.5608,7.8125,735.59,0,HUMAN
40.2597,7.8125,5463.9,0,HUMAN
39.3069,7.8125,5723.87,0,HUMAN
35.7191,7.8125,2255.09,0,HUMAN
38.1106,7.8125,3556.26,0,HUMAN
35.5455,7.8125,2282.22,0,HUMAN
41.3734,7.8125,12736.6,1,HUMAN
42.0693,7.8125,9994.9,0,HUMAN
43.3567,7.8125,19062.4,6,HUMAN
36.2562,7.8125,2306.01,0,HUMAN
37.3038,7.8125,3401.99,0,HUMAN
34.3435,7.8125,1484.49,0,HUMAN
36.3178,7.8125,2651.15,0,HUMAN
36.0715,7.8125,2441.99,0,HUMAN
37.7183,7.8125,3460.59,0,HUMAN
32.2051,7.8125,819.721,0,HUMAN
32.6926,7.8125,1253.13,0,HUMAN
34.1707,7.8125,1446.8,0,HUMAN
39.4092,7.8125,6252.7,0,HUMAN
39.3347,7.8125,3638.53,0,HUMAN
42.6972,7.8125,8057.57,0,HUMAN
31.5365,7.8125,899.238,0,HUMAN
40.7891,7.8125,4888.38,0,HUMAN
36.5496,7.8125,3460.28,1,HUMAN
43.6796,7.8125,14586.6,0,HUMAN
41.3466,7.8125,7524.52,0,HUMAN
43.171,7.8125,11500.0,4,HUMAN
40.2638,7.8125,5351.91,0,HUMAN
44.7275,7.8125,27251.1,19,HUMAN
43.6021,7.8125,11723.6,0,HUMAN
41.4402,7.8125,7273.76,0,HUMAN
42.9183,7.8125,17532.4,11,HUMAN
32.8567,7.8125,1149.43,0,HUMAN
43.7529,7.8125,22188.6,9,HUMAN
36.8165,7.8125,2703.64,0,HUMAN
45.1601,7.8125,19899.6,15,HUMAN
61.4293,7.8125,789417.0,239,HUMAN
41.5567,7.8125,8390.91,6,HUMAN
38.3852,7.8125,3156.83,0,HUMAN
41.0359,7.8125,7558.54,0,HUMAN
49.1918,7.8125,85555.8,21,HUMAN
40.7771,7.8125,5047.05,0,HUMAN
42.4369,7.8125,13215.9,0,HUMAN
42.211,7.8125,12573.1,13,HUMAN
41.455,7.8125,7910.33,0,HUMAN
47.349,7.8125,29068.3,12,HUMAN
48.05,7.8125,38907.0,8,HUMAN
34.8831,7.8125,1652.67,0,HUMAN
49.2871,7.8125,30932.0,12,HUMAN
46.0572,7.8125,27382.7,34,HUMAN
39.9546,7.8125,4834.75,0,HUMAN
31.916,7.8125,833.866,0,HUMAN
53.7157,7.8125,214577.0,139,HUMAN
60.4346,7.8125,800486.0,323,HUMAN
46.9628,7.8125,24081.5,45,HUMAN
44.7315,7.8125,27242.4,35,HUMAN
47.4422,7.8125,27378.7,37,HUMAN
50.5561,7.8125,141989.0,105,HUMAN
39.5253,7.8125,4617.63,0,HUMAN
53.6335,7.8125,202436.0,221,HUMAN
37.8963,7.8125,4805.91,2,HUMAN
46.8819,7.8125,22807.6,23,HUMAN
46.7705,7.8125,25722.3,21,HUMAN
38.876,7.8125,4161.46,0,HUMAN
37.2816,7.8125,2881.41,0,HUMAN
41.8122,7.8125,9212.27,3,HUMAN
44.5532,7.8125,15454.7,0,HUMAN
37.0412,7.8125,2750.23,0,HUMAN
30.8464,7.8125,744.816,0,HUMAN
43.2434,7.8125,12165.6,0,HUMAN
37.2897,7.8125,3317.3,0,HUMAN
35.726,7.8125,2009.9,0,HUMAN
42.1278,7.8125,6433.7,0,HUMAN
43.3753,7.8125,12232.6,9,HUMAN
47.0852,7.8125,32528.6,68,HUMAN
40.9446,7.8125,6651.09,0,HUMAN
42.5733,7.8125,10344.2,12,HUMAN
38.7183,7.8125,4837.22,6,HUMAN
39.4392,7.8125,5026.04,0,HUMAN
43.0781,7.8125,12106.0,1,HUMAN
44.7924,7.8125,18758.3,25,HUMAN
42.703,7.8125,10347.1,4,HUMAN
52.0319,7.8125,125891.0,123,HUMAN
39.3644,7.8125,5491.68,0,HUMAN
41.1239,7.8125,5977.26,3,HUMAN
35.0647,7.8125,1794.45,0,HUMAN
32.3401,7.8125,1095.76,0,HUMAN
42.7195,7.8125,9614.09,7,HUMAN
39.4325,7.8125,4765.31,1,HUMAN
29.53,7.8125,448.053,0,HUMAN
31.9876,7.8125,1109.56,0,HUMAN
37.3952,7.8125,2940.13,0,HUMAN
38.6207,7.8125,3810.6,3,HUMAN
33.0045,7.8125,1130.08,0,HUMAN
33.7887,7.8125,1463.9,0,HUMAN
36.6796,7.8125,3259.57,0,HUMAN
37.2051,7.8125,2888.43,0,HUMAN
53.1491,7.8125,100170.0,163,HUMAN
42.3222,7.8125,9333.65,0,HUMAN
33.5156,7.8125,1863.23,0,HUMAN
47.2046,7.8125,31068.6,35,HUMAN
49.0018,7.8125,172801.0,78,HUMAN
51.1501,7.8125,90481.7,96,HUMAN
42.3479,7.8125,11978.8,0,HUMAN
33.6619,7.8125,1111.21,0,HUMAN
49.6063,7.8125,48355.0,133,HUMAN
52.2838,7.8125,85888.5,170,HUMAN
34.0779,7.8125,1209.21,0,HUMAN
43.7246,7.8125,13177.8,1,HUMAN
40.0159,7.8125,7441.08,0,HUMAN
38.7344,7.8125,4454.89,0,HUMAN
38.9827,7.8125,4753.69,1,HUMAN
59.2959,7.8125,597679.0,356,HUMAN
37.3364,7.8125,3211.23,0,HUMAN
43.4609,7.8125,10808.6,0,HUMAN
54.2282,7.8125,123397.0,200,HUMAN
50.7346,7.8125,236765.0,63,HUMAN
43.7297,7.8125,15240.0,10,HUMAN
48.8703,7.8125,44766.8,49,HUMAN
38.8902,7.8125,4151.35,0,HUMAN
43.2188,7.8125,12184.6,3,HUMAN
45.114,7.8125,21675.9,51,HUMAN
44.759,7.8125,16162.2,12,HUMAN
44.1467,7.8125,14682.1,2,HUMAN
36.2064,7.8125,2154.64,0,HUMAN
52.5985,7.8125,127458.0,158,HUMAN
50.9,7.8125,101199.0,141,HUMAN
45.1228,7.8125,17496.0,12,HUMAN
51.2748,7.8125,65313.7,82,HUMAN
35.6124,7.8125,2512.01,0,HUMAN
41.7233,7.8125,7854.73,0,HUMAN
55.0387,7.8125,149129.0,157,HUMAN
52.1831,7.8125,160602.0,140,HUMAN
50.0582,7.8125,58858.8,139,HUMAN
42.6592,7.8125,16896.8,9,HUMAN
40.5484,7.8125,6479.95,0,HUMAN
40.4191,7.8125,6634.09,1,HUMAN
67.5978,7.8125,2.79183E7,0,HUMAN
37.4235,148.438,13658.6,0,HUMAN
50.6817,234.375,312368.0,30,HUMAN
45.2021,500.0,90933.6,16,HUMAN
45.4589,281.25,86162.7,0,HUMAN
43.8347,179.688,63385.9,1,HUMAN
42.7162,179.688,49434.1,1,HUMAN
39.5029,437.5,24596.1,0,HUMAN
53.4547,257.812,532744.0,105,HUMAN
44.4943,195.312,84248.1,7,HUMAN
37.5358,250.0,15944.9,0,HUMAN
45.2795,218.75,88252.8,1,HUMAN
57.9317,710.938,1632780.0,254,NON_HUMAN
53.5024,390.625,562785.0,154,HUMAN
43.728,179.688,70479.9,1,HUMAN
39.9361,570.312,26501.6,1,HUMAN
67.4742,7.8125,2.69955E7,2,HUMAN
32.8582,23.4375,4929.3,0,HUMAN
48.7705,875.0,201012.0,126,NON_HUMAN
42.9274,460.938,55126.3,0,HUMAN
47.9496,375.0,158937.0,93,HUMAN
40.9265,132.812,30965.0,0,HUMAN
40.9338,226.562,38516.2,0,HUMAN
55.6573,265.625,1027280.0,85,HUMAN
42.5411,437.5,41794.8,0,HUMAN
45.5123,437.5,94172.9,8,HUMAN
45.2246,31.25,81251.7,3,HUMAN
51.8084,1023.44,381635.0,231,NON_HUMAN
41.6276,429.688,36465.6,0,HUMAN
40.768,835.938,30446.4,0,NON_HUMAN
39.9435,414.062,25597.5,0,HUMAN
68.0546,7.8125,3.0788E7,1,HUMAN
39.79,804.688,25285.6,0,NON_HUMAN
46.8119,937.5,123506.0,63,NON_HUMAN
67.941,7.8125,3.01904E7,1,HUMAN
39.3188,390.625,21575.9,0,HUMAN
51.387,781.25,363593.0,181,NON_HUMAN
42.3784,23.4375,47949.6,0,HUMAN
48.644,476.562,231766.0,82,HUMAN
37.6588,46.875,15994.4,0,HUMAN
37.2033,179.688,13112.1,0,HUMAN
35.3998,398.438,9382.92,0,HUMAN
41.7246,234.375,36620.1,0,HUMAN
38.6496,429.688,18600.6,0,HUMAN
33.5489,234.375,6856.39,0,HUMAN
44.4943,351.562,83945.8,2,HUMAN
42.1268,437.5,41767.7,1,HUMAN
31.4571,46.875,3508.37,0,HUMAN
41.2973,156.25,36793.8,0,HUMAN
44.085,187.5,66079.9,2,HUMAN
68.4954,7.8125,3.43577E7,2,HUMAN
48.3517,226.562,169638.0,16,HUMAN
44.2486,507.812,69520.8,6,HUMAN
37.0397,257.812,14364.1,0,HUMAN
60.7792,875.0,3583940.0,327,NON_HUMAN
33.3615,23.4375,6157.72,0,HUMAN
34.0244,46.875,6229.17,0,HUMAN
32.5474,46.875,3980.76,0,HUMAN
32.3773,31.25,4056.48,0,HUMAN
42.431,195.312,44615.6,0,HUMAN
54.3073,195.312,717034.0,93,HUMAN
39.0869,437.5,20645.1,0,HUMAN
43.8131,335.938,61278.0,0,HUMAN
42.7683,171.875,55615.7,9,HUMAN
37.8528,429.688,14297.2,0,HUMAN
43.3325,195.312,58275.0,0,HUMAN
58.0715,554.688,1654860.0,284,HUMAN
57.6862,664.062,1458800.0,328,NON_HUMAN
40.7881,257.812,31403.4,0,HUMAN
39.4728,234.375,23562.4,0,HUMAN
46.9772,320.312,135429.0,3,HUMAN
48.6551,375.0,190402.0,13,HUMAN
41.8313,171.875,36482.7,0,HUMAN
53.1313,187.5,517204.0,127,HUMAN
50.1469,421.875,263752.0,35,HUMAN
44.6141,109.375,69544.2,0,HUMAN
38.438,46.875,18315.4,0,HUMAN
53.8239,187.5,648477.0,77,HUMAN
52.4306,132.812,506845.0,120,HUMAN
44.4934,31.25,75863.2,0,HUMAN
45.2293,31.25,80782.4,10,HUMAN
45.6223,31.25,87507.5,0,HUMAN
48.4529,156.25,180848.0,38,HUMAN
48.6036,609.375,202929.0,68,HUMAN
41.2745,156.25,29174.8,3,HUMAN
52.9719,421.875,490150.0,127,HUMAN
41.9545,539.062,51482.9,11,HUMAN
36.4536,234.375,12257.1,0,HUMAN
60.4453,632.812,2834210.0,368,HUMAN
57.996,679.688,1625110.0,292,NON_HUMAN
49.0635,601.562,210339.0,88,HUMAN
40.0469,156.25,26956.2,0,HUMAN
56.395,421.875,1117870.0,260,HUMAN
43.3093,39.0625,45587.3,0,HUMAN
54.6202,257.812,684195.0,81,HUMAN
40.6461,187.5,38154.7,0,HUMAN
53.912,281.25,618968.0,211,HUMAN
53.8926,992.188,611924.0,274,NON_HUMAN
56.7101,437.5,1241860.0,337,HUMAN
71.2497,1414.06,3.56368E7,480,NON_HUMAN
67.3757,1695.31,1.95094E7,398,NON_HUMAN
67.6739,1515.62,1.68526E7,468,NON_HUMAN
74.0555,1515.62,6.68749E7,479,NON_HUMAN
62.4958,437.5,4749000.0,340,HUMAN
49.595,226.562,245265.0,103,HUMAN
68.2174,7.8125,3.17666E7,178,HUMAN
43.4572,164.062,51263.2,0,HUMAN
67.7311,578.125,1.45871E7,459,HUMAN
57.5629,734.375,1438730.0,262,NON_HUMAN
41.2162,421.875,37183.7,0,HUMAN
51.8792,390.625,394559.0,48,HUMAN
67.0922,726.562,1.31764E7,456,NON_HUMAN
51.2152,554.688,347376.0,115,HUMAN
40.3839,1046.88,28926.8,5,NON_HUMAN
46.7157,390.625,123705.0,64,HUMAN
43.5795,1187.5,62249.2,25,NON_HUMAN
59.7043,281.25,2371440.0,353,HUMAN
47.1174,351.562,132299.0,56,HUMAN
62.5571,578.125,5624100.0,280,HUMAN
45.464,304.688,113649.0,10,HUMAN
67.9581,7.8125,3.06897E7,113,HUMAN
33.4441,46.875,5664.95,0,HUMAN
62.0921,765.625,6260160.0,313,NON_HUMAN
44.6691,257.812,72552.1,0,HUMAN
49.7241,710.938,246232.0,162,NON_HUMAN
37.0861,773.438,13290.2,0,NON_HUMAN
46.7582,1296.88,131609.0,114,NON_HUMAN
49.458,695.312,224387.0,111,NON_HUMAN
48.5273,117.188,178301.0,127,HUMAN
50.6977,1164.06,493998.0,79,NON_HUMAN
49.8137,710.938,290081.0,84,NON_HUMAN
59.1242,585.938,2127910.0,380,HUMAN
52.2106,382.812,436781.0,90,HUMAN
53.49,609.375,609177.0,164,HUMAN
48.4629,335.938,176354.0,160,HUMAN
48.0565,1406.25,162919.0,101,NON_HUMAN
51.6115,289.062,399929.0,125,HUMAN
46.6245,23.4375,159087.0,65,HUMAN
44.509,406.25,73146.7,1,HUMAN
56.9443,1726.56,1252890.0,382,NON_HUMAN
61.1088,664.062,3337300.0,390,NON_HUMAN
57.2392,539.062,1386020.0,265,HUMAN
59.8816,656.25,2583990.0,372,NON_HUMAN
59.2389,140.625,2146950.0,291,HUMAN
35.9341,242.188,11570.7,0,HUMAN
46.2098,265.625,111102.0,26,HUMAN
45.3011,23.4375,84656.1,0,HUMAN
44.2434,23.4375,68223.5,0,HUMAN
47.1355,23.4375,124187.0,0,HUMAN
45.7685,23.4375,86546.9,0,HUMAN
46.0712,23.4375,102380.0,0,HUMAN
44.4141,23.4375,74908.2,0,HUMAN
45.5278,23.4375,97536.7,0,HUMAN
45.5938,23.4375,86198.0,0,HUMAN
44.4168,23.4375,72816.3,0,HUMAN
47.3887,23.4375,143361.0,0,HUMAN
46.2072,23.4375,111514.0,0,HUMAN
45.472,23.4375,86794.3,15,HUMAN
65.8358,937.5,1.0574E7,446,NON_HUMAN
73.8707,1398.44,6.28195E7,500,NON_HUMAN
70.1079,1312.5,2.55276E7,480,NON_HUMAN
59.3168,1320.31,2387610.0,387,NON_HUMAN
50.9047,23.4375,319560.0,219,HUMAN
44.8241,23.4375,81930.7,0,HUMAN
68.4859,7.8125,3.40656E7,0,HUMAN
46.1865,23.4375,121346.0,0,HUMAN
49.2114,23.4375,159449.0,0,HUMAN
46.4744,23.4375,109749.0,0,HUMAN
47.725,23.4375,150351.0,0,HUMAN
45.4819,23.4375,88022.2,0,HUMAN
45.5074,23.4375,97205.8,0,HUMAN
45.5581,23.4375,86402.6,0,HUMAN
44.5297,23.4375,75600.3,0,HUMAN
45.0265,23.4375,81787.1,0,HUMAN
46.6494,23.4375,100822.0,0,HUMAN
46.0379,23.4375,93623.8,0,HUMAN
48.4208,23.4375,223846.0,0,HUMAN
46.4609,23.4375,112745.0,0,HUMAN
47.0013,23.4375,126958.0,0,HUMAN
46.3609,54.6875,100417.0,0,HUMAN
46.2272,23.4375,110040.0,0,HUMAN
46.0918,23.4375,103526.0,0,HUMAN
46.2433,23.4375,109950.0,0,HUMAN
46.3891,62.5,112873.0,0,HUMAN
45.6625,23.4375,95627.9,0,HUMAN
44.8487,23.4375,79214.7,0,HUMAN
46.1011,23.4375,99862.1,0,HUMAN
45.3161,23.4375,95048.2,0,HUMAN
44.9161,23.4375,77284.6,0,HUMAN
44.9026,23.4375,73182.1,0,HUMAN
46.4033,23.4375,101125.0,9,HUMAN
47.2567,23.4375,132729.0,0,HUMAN
44.488,23.4375,74809.7,0,HUMAN
44.3852,23.4375,50500.2,0,HUMAN
46.8554,23.4375,139399.0,23,HUMAN
44.6849,23.4375,82604.0,0,HUMAN
46.1396,23.4375,105256.0,13,HUMAN
46.9835,23.4375,116120.0,4,HUMAN
45.776,23.4375,99499.2,3,HUMAN
45.3276,23.4375,91481.2,1,HUMAN
45.8639,23.4375,94022.5,1,HUMAN
45.7134,23.4375,91634.4,0,HUMAN
45.6719,54.6875,101075.0,0,HUMAN
45.9413,23.4375,100549.0,5,HUMAN
44.5785,23.4375,74060.5,0,HUMAN
46.0619,23.4375,97127.2,0,HUMAN
45.8593,23.4375,93667.3,0,HUMAN
45.9814,54.6875,105714.0,0,HUMAN
45.4415,23.4375,90526.5,0,HUMAN
44.5792,23.4375,79299.2,0,HUMAN
44.926,23.4375,75344.9,0,HUMAN
44.0709,23.4375,68193.5,0,HUMAN
45.1171,23.4375,76471.9,0,HUMAN
46.4044,23.4375,105693.0,0,HUMAN
45.265,23.4375,87185.6,0,HUMAN
45.5843,23.4375,72301.1,0,HUMAN
44.8412,23.4375,73971.2,0,HUMAN
48.2026,70.3125,155382.0,0,HUMAN
46.4096,23.4375,111022.0,0,HUMAN
46.8677,23.4375,119031.0,0,HUMAN
45.5319,23.4375,89883.5,0,HUMAN
43.8323,23.4375,58444.5,0,HUMAN
44.5069,23.4375,82598.3,0,HUMAN
44.82,23.4375,70950.7,0,HUMAN
45.7707,23.4375,100104.0,0,HUMAN
46.9242,54.6875,123947.0,0,HUMAN
48.6449,23.4375,146211.0,0,HUMAN
51.6442,15.625,352109.0,0,HUMAN
45.4547,23.4375,93624.0,0,HUMAN
45.0941,23.4375,80742.2,0,HUMAN
45.3239,23.4375,79311.2,0,HUMAN
44.9091,23.4375,80657.6,0,HUMAN
44.6501,23.4375,71995.9,0,HUMAN
44.0756,23.4375,60990.5,0,HUMAN
44.6736,23.4375,70396.7,0,HUMAN
44.7106,23.4375,74682.3,0,HUMAN
44.1715,23.4375,60885.9,0,HUMAN
45.9351,23.4375,91197.7,0,HUMAN
44.7477,23.4375,65816.8,0,HUMAN
45.9357,23.4375,94531.2,0,HUMAN
45.3078,23.4375,89869.8,0,HUMAN
45.8834,23.4375,100441.0,0,HUMAN
45.859,23.4375,101700.0,0,HUMAN
44.4392,23.4375,67998.3,0,HUMAN
44.2575,23.4375,74104.7,0,HUMAN
44.4383,23.4375,71257.2,0,HUMAN
45.1354,23.4375,73749.6,0,HUMAN
45.1085,23.4375,77845.6,0,HUMAN
46.0834,23.4375,107050.0,0,HUMAN
45.7725,54.6875,96453.8,0,HUMAN
44.0049,23.4375,57874.5,0,HUMAN
45.7055,23.4375,92374.2,0,HUMAN
44.9649,23.4375,79110.6,0,HUMAN
43.7096,23.4375,57572.1,0,HUMAN
42.9631,23.4375,54902.3,0,HUMAN
45.2865,23.4375,83175.7,0,HUMAN
44.9622,23.4375,80026.5,0,HUMAN
45.3414,23.4375,87944.6,0,HUMAN
44.9558,23.4375,88861.5,0,HUMAN
46.6692,23.4375,128814.0,0,HUMAN
45.5076,23.4375,89511.9,0,HUMAN
45.1505,23.4375,82335.6,0,HUMAN
43.3068,23.4375,60169.9,0,HUMAN
44.2511,23.4375,67804.2,0,HUMAN
45.2789,23.4375,79593.1,0,HUMAN
45.4966,23.4375,85714.9,0,HUMAN
44.5958,23.4375,74606.3,0,HUMAN
44.7971,23.4375,70889.3,0,HUMAN
45.2999,23.4375,78981.0,0,HUMAN
44.1598,23.4375,70984.2,0,HUMAN
47.8666,23.4375,166284.0,0,HUMAN
46.2438,23.4375,114703.0,2,HUMAN
45.1987,23.4375,82423.7,0,HUMAN
44.7612,23.4375,70709.8,0,HUMAN
46.6537,23.4375,114784.0,1,HUMAN
44.9882,23.4375,68988.8,0,HUMAN
45.3018,23.4375,83126.9,0,HUMAN
45.2274,23.4375,86784.1,0,HUMAN
45.9892,23.4375,95016.5,0,HUMAN
45.8979,23.4375,101603.0,0,HUMAN
44.9615,23.4375,82972.4,0,HUMAN
47.2633,23.4375,125666.0,0,HUMAN
45.1352,23.4375,75425.7,0,HUMAN
45.9306,23.4375,100888.0,1,HUMAN
45.7934,23.4375,99421.4,0,HUMAN
46.108,23.4375,104292.0,0,HUMAN
46.0396,23.4375,88454.7,0,HUMAN
46.9148,23.4375,121149.0,0,HUMAN
45.7869,23.4375,92374.4,0,HUMAN
49.2043,23.4375,189409.0,0,HUMAN
46.2889,23.4375,107203.0,2,HUMAN
45.3522,23.4375,81816.8,0,HUMAN
44.9306,23.4375,75635.9,0,HUMAN
45.3618,23.4375,82090.5,0,HUMAN
45.7075,23.4375,88737.1,0,HUMAN
45.7853,23.4375,94662.5,0,HUMAN
45.7999,23.4375,97245.5,0,HUMAN
45.933,23.4375,94577.4,0,HUMAN
43.37,23.4375,55953.9,0,HUMAN
43.8159,23.4375,58585.0,0,HUMAN
43.9125,23.4375,62464.7,0,HUMAN
44.9822,23.4375,70646.0,0,HUMAN
46.1458,23.4375,111804.0,0,HUMAN
45.3786,23.4375,84006.7,0,HUMAN
46.2239,23.4375,101469.0,0,HUMAN
44.8761,23.4375,72211.6,0,HUMAN
45.5335,23.4375,83201.7,0,HUMAN
44.4765,23.4375,63316.5,0,HUMAN
44.7711,23.4375,80434.7,0,HUMAN
44.6266,23.4375,71800.9,0,HUMAN
45.3306,23.4375,88278.1,0,HUMAN
46.6502,23.4375,111190.0,0,HUMAN
43.9923,23.4375,73539.3,0,HUMAN
46.2977,23.4375,93864.4,0,HUMAN
46.2304,23.4375,102416.0,3,HUMAN
45.1332,23.4375,79188.3,0,HUMAN
45.2563,23.4375,80183.3,0,HUMAN
43.5436,23.4375,59529.2,0,HUMAN
45.143,23.4375,91002.6,0,HUMAN
45.9619,23.4375,99708.6,0,HUMAN
45.1029,23.4375,79198.3,0,HUMAN
46.2407,23.4375,103458.0,0,HUMAN
44.9604,23.4375,76747.9,0,HUMAN
46.0697,23.4375,104039.0,0,HUMAN
43.7523,23.4375,63310.9,0,HUMAN
46.4688,23.4375,123812.0,0,HUMAN
46.5382,23.4375,109457.0,0,HUMAN
46.0993,23.4375,110212.0,0,HUMAN
44.9576,23.4375,77118.2,0,HUMAN
46.0552,23.4375,106835.0,0,HUMAN
46.5044,23.4375,111142.0,0,HUMAN
45.3796,23.4375,81536.8,0,HUMAN
45.9792,23.4375,101062.0,0,HUMAN
45.1453,23.4375,73717.7,0,HUMAN
45.9921,23.4375,89377.0,0,HUMAN
44.7651,23.4375,69272.6,0,HUMAN
45.8939,23.4375,94793.5,0,HUMAN
45.1615,23.4375,80353.1,0,HUMAN
45.2981,23.4375,90745.5,0,HUMAN
44.9959,23.4375,87747.6,0,HUMAN
44.8239,23.4375,79356.7,0,HUMAN
44.3734,23.4375,65878.6,0,HUMAN
45.1711,23.4375,87577.8,0,HUMAN
45.6654,23.4375,95736.3,0,HUMAN
46.3924,23.4375,115180.0,0,HUMAN
45.9811,23.4375,114579.0,0,HUMAN
51.0192,23.4375,305485.0,0,HUMAN
45.9586,23.4375,94098.5,0,HUMAN
44.9323,23.4375,81478.0,0,HUMAN
45.3096,23.4375,84653.0,0,HUMAN
46.2397,23.4375,96481.5,0,HUMAN
46.6411,23.4375,108860.0,0,HUMAN
45.1677,23.4375,83020.8,0,HUMAN
47.3062,23.4375,119056.0,0,HUMAN
45.8456,23.4375,93391.5,0,HUMAN
45.9875,23.4375,92034.7,0,HUMAN
45.7875,23.4375,91169.4,0,HUMAN
46.0513,23.4375,100192.0,0,HUMAN
44.6676,23.4375,75127.4,0,HUMAN
45.1515,23.4375,80415.7,0,HUMAN
46.2458,23.4375,109709.0,0,HUMAN
46.2379,23.4375,102938.0,0,HUMAN
45.2315,23.4375,82811.5,0,HUMAN
44.963,23.4375,79246.6,0,HUMAN
46.4686,23.4375,118986.0,0,HUMAN
45.7018,23.4375,93526.4,0,HUMAN
46.0419,23.4375,91371.3,0,HUMAN
45.1025,23.4375,87980.8,0,HUMAN
45.6745,23.4375,91698.2,0,HUMAN
46.739,23.4375,120501.0,0,HUMAN
45.6208,23.4375,88164.6,0,HUMAN
44.928,23.4375,82172.3,0,HUMAN
44.2692,23.4375,63612.9,0,HUMAN
44.7218,23.4375,72805.2,0,HUMAN
45.9936,23.4375,103308.0,0,HUMAN
46.043,23.4375,104212.0,0,HUMAN
44.6303,23.4375,66926.9,0,HUMAN
45.216,23.4375,76909.9,0,HUMAN
45.1348,23.4375,96159.2,0,HUMAN
45.5682,23.4375,92524.4,0,HUMAN
45.7855,23.4375,99724.1,0,HUMAN
45.6643,23.4375,96169.7,0,HUMAN
46.6792,23.4375,113250.0,0,HUMAN
45.0487,23.4375,80031.2,0,HUMAN
46.7624,23.4375,115459.0,0,HUMAN
46.3459,23.4375,108137.0,0,HUMAN
45.813,23.4375,88533.6,0,HUMAN
46.311,23.4375,115191.0,0,HUMAN
45.2599,23.4375,83296.2,0,HUMAN
44.8974,23.4375,75238.9,0,HUMAN
45.7478,23.4375,91589.1,0,HUMAN
46.9429,23.4375,120368.0,0,HUMAN
44.2136,23.4375,65140.8,0,HUMAN
48.1936,54.6875,169627.0,0,HUMAN
45.7345,23.4375,88719.1,0,HUMAN
45.9142,23.4375,105238.0,0,HUMAN
45.0135,23.4375,76756.4,0,HUMAN
45.3148,23.4375,84106.9,0,HUMAN
45.444,23.4375,87290.1,0,HUMAN
45.9687,23.4375,99069.3,0,HUMAN
45.204,23.4375,81767.4,0,HUMAN
44.6577,54.6875,68483.1,0,HUMAN
49.096,23.4375,200929.0,0,HUMAN
46.6492,23.4375,123133.0,0,HUMAN
45.9581,23.4375,101079.0,0,HUMAN
45.9109,23.4375,97095.7,0,HUMAN
45.7372,23.4375,86990.1,0,HUMAN
44.6276,23.4375,72454.3,0,HUMAN
45.5846,23.4375,86212.5,0,HUMAN
44.4399,23.4375,73972.3,0,HUMAN
46.4467,23.4375,110544.0,0,HUMAN
45.6733,23.4375,88791.9,0,HUMAN
45.7158,23.4375,94995.2,0,HUMAN
46.6373,23.4375,104800.0,0,HUMAN
47.0761,23.4375,124418.0,0,HUMAN
45.5061,23.4375,86771.6,0,HUMAN
45.5224,23.4375,107574.0,0,HUMAN
46.3411,23.4375,115530.0,0,HUMAN
45.9914,54.6875,92494.6,0,HUMAN
44.7345,23.4375,77659.0,0,HUMAN
45.2203,23.4375,83098.8,0,HUMAN
47.1249,54.6875,130927.0,0,HUMAN
46.0556,23.4375,96139.4,0,HUMAN
46.0697,23.4375,102647.0,0,HUMAN
44.7354,23.4375,84392.5,0,HUMAN
45.853,23.4375,93461.9,0,HUMAN
45.0145,23.4375,93726.4,0,HUMAN
45.079,23.4375,88783.3,0,HUMAN
45.1973,23.4375,81513.0,0,HUMAN
46.5243,23.4375,107796.0,0,HUMAN
45.9173,23.4375,94198.3,0,HUMAN
46.0359,23.4375,98383.6,0,HUMAN
47.0593,23.4375,118057.0,0,HUMAN
45.9595,23.4375,92791.9,0,HUMAN
45.2703,23.4375,90695.4,0,HUMAN
45.8328,23.4375,93337.2,0,HUMAN
44.7601,23.4375,74124.4,0,HUMAN
44.2597,23.4375,67193.9,0,HUMAN
45.2948,23.4375,91004.1,0,HUMAN
45.5348,23.4375,80201.2,0,HUMAN
45.5142,23.4375,89866.4,0,HUMAN
46.5826,23.4375,107455.0,0,HUMAN
45.7334,23.4375,109558.0,0,HUMAN
44.6283,23.4375,63105.3,0,HUMAN
45.326,23.4375,81983.5,0,HUMAN
45.6585,23.4375,92705.0,0,HUMAN
47.1118,23.4375,129209.0,0,HUMAN
46.8447,23.4375,129601.0,0,HUMAN
46.3327,23.4375,102208.0,0,HUMAN
45.3386,23.4375,90675.6,0,HUMAN
46.6059,23.4375,109143.0,0,HUMAN
44.4011,23.4375,71519.5,0,HUMAN
44.4892,23.4375,71801.0,0,HUMAN
46.6197,23.4375,112968.0,0,HUMAN
45.3109,23.4375,79131.6,0,HUMAN
45.7422,23.4375,106926.0,0,HUMAN
45.4947,23.4375,82977.0,0,HUMAN
47.0561,23.4375,123360.0,0,HUMAN
46.072,23.4375,108281.0,0,HUMAN
47.2884,23.4375,131825.0,0,HUMAN
47.0552,23.4375,132153.0,0,HUMAN
45.6578,23.4375,83541.7,0,HUMAN
45.7608,23.4375,89742.1,0,HUMAN
45.1259,23.4375,85062.8,0,HUMAN
46.8302,23.4375,114647.0,0,HUMAN
46.3288,23.4375,104259.0,0,HUMAN
45.4629,23.4375,81035.9,0,HUMAN
45.7332,23.4375,89305.8,0,HUMAN
46.3851,23.4375,114746.0,0,HUMAN
45.6087,23.4375,89229.7,0,HUMAN
47.1517,23.4375,125762.0,0,HUMAN
46.1559,23.4375,101487.0,0,HUMAN
45.2019,23.4375,80956.1,0,HUMAN
44.9178,23.4375,73449.3,0,HUMAN
45.7916,23.4375,91223.4,0,HUMAN
46.3456,23.4375,103286.0,0,HUMAN
45.5327,23.4375,80350.0,0,HUMAN
44.7736,23.4375,75923.1,0,HUMAN
45.1685,23.4375,79770.2,0,HUMAN
44.2148,23.4375,69570.0,0,HUMAN
46.2439,23.4375,105454.0,0,HUMAN
45.8877,23.4375,87804.6,0,HUMAN
46.3892,23.4375,103448.0,0,HUMAN
68.8743,7.8125,3.68397E7,0,HUMAN
47.1128,23.4375,111761.0,0,HUMAN
45.1208,23.4375,70003.9,0,HUMAN
68.8906,7.8125,3.70551E7,0,HUMAN
47.3997,23.4375,110868.0,0,HUMAN
44.5284,23.4375,77197.6,0,HUMAN
46.6523,23.4375,90631.2,0,HUMAN
47.641,23.4375,144075.0,0,HUMAN
46.8918,23.4375,113035.0,0,HUMAN
46.1868,23.4375,105611.0,0,HUMAN
45.7176,23.4375,88917.5,0,HUMAN
46.3663,23.4375,101451.0,0,HUMAN
45.5175,23.4375,91742.1,0,HUMAN
44.2164,23.4375,65264.7,0,HUMAN
44.9185,23.4375,72305.8,0,HUMAN
45.9597,23.4375,103636.0,0,HUMAN
45.549,23.4375,92656.4,0,HUMAN
68.5971,7.8125,3.49016E7,0,HUMAN
45.7342,23.4375,93533.1,0,HUMAN
44.8035,23.4375,66541.1,0,HUMAN
46.0488,23.4375,101485.0,0,HUMAN
44.9219,23.4375,71536.3,0,HUMAN
46.0253,23.4375,102821.0,0,HUMAN
47.0884,54.6875,127704.0,0,HUMAN
44.1029,23.4375,69758.5,0,HUMAN
45.7068,15.625,91648.8,0,HUMAN
45.5834,23.4375,95225.3,0,HUMAN
45.6223,23.4375,83500.1,0,HUMAN
46.133,23.4375,94244.9,0,HUMAN
46.4671,23.4375,112350.0,0,HUMAN
46.5899,23.4375,106004.0,0,HUMAN
46.5325,23.4375,102476.0,0,HUMAN
46.0342,23.4375,94529.5,0,HUMAN
46.0542,23.4375,89057.2,0,HUMAN
46.6413,23.4375,104152.0,0,HUMAN
47.9692,23.4375,152618.0,0,HUMAN
46.3473,23.4375,103251.0,0,HUMAN
47.1,23.4375,124097.0,0,HUMAN
45.2393,23.4375,93644.7,0,HUMAN
46.624,23.4375,109840.0,0,HUMAN
45.2486,23.4375,87130.5,0,HUMAN
46.087,23.4375,99233.2,0,HUMAN
45.552,23.4375,92079.5,0,HUMAN
45.8248,23.4375,96459.0,0,HUMAN
45.1149,23.4375,89305.0,4,HUMAN
46.8777,23.4375,100954.0,0,HUMAN
68.2599,7.8125,3.2631E7,0,HUMAN
47.7062,23.4375,142270.0,0,HUMAN
44.9553,23.4375,85571.6,0,HUMAN
46.4261,23.4375,114631.0,0,HUMAN
46.6069,23.4375,113843.0,1,HUMAN
46.9675,23.4375,117298.0,1,HUMAN
46.012,23.4375,94075.5,0,HUMAN
46.269,23.4375,111217.0,0,HUMAN
46.3373,23.4375,95628.9,0,HUMAN
46.7136,23.4375,122551.0,0,HUMAN
46.8507,23.4375,113631.0,0,HUMAN
46.7654,23.4375,125632.0,0,HUMAN
44.4425,23.4375,77802.1,0,HUMAN
44.5746,23.4375,81923.7,0,HUMAN
46.3334,23.4375,104995.0,0,HUMAN
45.8987,23.4375,96566.8,0,HUMAN
46.5314,23.4375,100053.0,0,HUMAN
45.6084,23.4375,81748.9,0,HUMAN
45.3939,23.4375,87637.9,0,HUMAN
46.4489,23.4375,108550.0,0,HUMAN
45.9642,23.4375,100048.0,0,HUMAN
47.0862,23.4375,121918.0,0,HUMAN
47.2791,23.4375,133473.0,0,HUMAN
47.527,23.4375,133531.0,0,HUMAN
45.684,23.4375,88911.0,0,HUMAN
46.7927,23.4375,135061.0,0,HUMAN
45.4136,23.4375,82217.7,0,HUMAN
45.6093,23.4375,90176.2,0,HUMAN
47.0168,23.4375,135316.0,0,HUMAN
68.2843,7.8125,3.26711E7,0,HUMAN
46.9285,23.4375,124894.0,0,HUMAN
45.8909,23.4375,96402.0,0,HUMAN
68.6883,7.8125,3.53976E7,0,HUMAN
45.2385,23.4375,77311.9,0,HUMAN
45.666,23.4375,87868.6,0,HUMAN
67.6514,7.8125,2.83438E7,0,HUMAN
47.5808,23.4375,146552.0,0,HUMAN
45.8331,23.4375,100207.0,0,HUMAN
68.0128,7.8125,3.05072E7,0,HUMAN
45.3751,23.4375,98538.0,0,HUMAN
68.6034,7.8125,3.46995E7,1,HUMAN
46.6756,23.4375,127474.0,0,HUMAN
45.8848,23.4375,101650.0,0,HUMAN
45.2607,23.4375,89171.5,0,HUMAN
44.8199,23.4375,69205.8,0,HUMAN
45.3371,23.4375,92568.9,0,HUMAN
45.4553,23.4375,89494.7,0,HUMAN
45.9629,23.4375,96810.1,0,HUMAN
45.8325,23.4375,97533.4,0,HUMAN
68.3838,7.8125,3.30628E7,0,HUMAN
45.5388,23.4375,93916.6,0,HUMAN
46.0485,62.5,92005.8,0,HUMAN
68.5939,7.8125,3.48676E7,0,HUMAN
45.387,23.4375,78952.7,0,HUMAN
46.6766,23.4375,120342.0,0,HUMAN
46.0279,23.4375,97785.3,0,HUMAN
45.5884,23.4375,85943.4,0,HUMAN
44.942,23.4375,80240.8,0,HUMAN
45.5269,23.4375,82562.8,0,HUMAN
45.1062,23.4375,80439.1,0,HUMAN
44.6594,23.4375,80113.3,0,HUMAN
45.0928,23.4375,79749.5,0,HUMAN
45.4711,23.4375,92262.8,0,HUMAN
44.3246,23.4375,69556.1,0,HUMAN
43.7265,23.4375,66855.4,0,HUMAN
44.6005,23.4375,73244.1,0,HUMAN
45.3005,23.4375,71811.1,0,HUMAN
45.7598,23.4375,97837.8,0,HUMAN
68.3058,7.8125,3.25925E7,0,HUMAN
44.4986,23.4375,70427.8,0,HUMAN
45.8753,23.4375,94982.2,0,HUMAN
68.2763,7.8125,3.2661E7,0,HUMAN
46.524,23.4375,112003.0,0,HUMAN
68.4432,7.8125,3.35026E7,0,HUMAN
44.9648,23.4375,75476.8,0,HUMAN
45.4029,23.4375,86466.0,0,HUMAN
68.6989,7.8125,3.55679E7,0,HUMAN
45.6484,23.4375,83516.3,0,HUMAN
44.3057,23.4375,62003.0,0,HUMAN
68.734,7.8125,3.56951E7,0,HUMAN
44.2154,23.4375,64097.2,0,HUMAN
46.6782,23.4375,105976.0,0,HUMAN
45.5673,54.6875,101437.0,0,HUMAN
46.8957,23.4375,115884.0,0,HUMAN
50.8877,54.6875,316814.0,0,HUMAN
45.5398,54.6875,92804.9,0,HUMAN
45.8449,23.4375,95623.0,0,HUMAN
45.5439,23.4375,93551.2,0,HUMAN
45.2201,23.4375,81810.1,0,HUMAN
45.1893,23.4375,77296.3,0,HUMAN
43.7666,23.4375,65652.4,0,HUMAN
46.0444,54.6875,103384.0,0,HUMAN
44.7181,23.4375,75206.2,0,HUMAN
44.0588,23.4375,67161.3,0,HUMAN
45.6367,23.4375,96090.5,0,HUMAN
68.1646,7.8125,3.17676E7,0,HUMAN
47.0056,23.4375,112892.0,0,HUMAN
45.0907,23.4375,70565.0,0,HUMAN
45.612,23.4375,91571.7,0,HUMAN
45.1345,23.4375,72582.7,0,HUMAN
45.9857,23.4375,101231.0,0,HUMAN
45.0192,23.4375,80068.3,0,HUMAN
45.0274,23.4375,77973.0,0,HUMAN
45.7189,23.4375,88531.9,0,HUMAN
46.7637,23.4375,106648.0,0,HUMAN
43.5256,23.4375,61214.9,0,HUMAN
46.0134,23.4375,100280.0,0,HUMAN
44.7108,23.4375,66767.7,0,HUMAN
43.6648,23.4375,66527.5,0,HUMAN
42.9799,23.4375,45640.1,0,HUMAN
46.5101,54.6875,115194.0,0,HUMAN
68.1441,7.8125,3.17854E7,0,HUMAN
45.7818,23.4375,105877.0,0,HUMAN
46.2094,23.4375,108676.0,0,HUMAN
45.6675,23.4375,96709.8,0,HUMAN
45.9088,23.4375,100564.0,0,HUMAN
46.9069,62.5,121289.0,0,HUMAN
46.2049,23.4375,100472.0,0,HUMAN
46.2829,23.4375,112505.0,0,HUMAN
43.6965,23.4375,64225.0,0,HUMAN
44.004,23.4375,72840.1,0,HUMAN
45.4009,23.4375,89718.9,0,HUMAN
44.1292,23.4375,69559.4,0,HUMAN
47.6951,54.6875,139874.0,6,HUMAN
45.4664,23.4375,108232.0,0,HUMAN
47.0757,23.4375,139064.0,0,HUMAN
45.5129,23.4375,93384.0,0,HUMAN
68.0745,7.8125,3.13039E7,0,HUMAN
47.4765,23.4375,155849.0,0,HUMAN
0.0,0.0,0.0,0,HUMAN
46.9109,15.625,133108.0,0,HUMAN
45.6305,23.4375,92778.7,0,HUMAN
68.1096,7.8125,3.11797E7,0,HUMAN
46.3249,23.4375,101293.0,0,HUMAN
50.8862,23.4375,486314.0,4,HUMAN
0.0,0.0,0.0,0,HUMAN
45.0793,23.4375,81781.9,0,HUMAN
46.2106,23.4375,97093.5,0,HUMAN
45.7404,23.4375,93042.8,0,HUMAN
45.8545,23.4375,97351.0,0,HUMAN
45.0647,23.4375,84904.6,0,HUMAN
46.4322,23.4375,92692.4,0,HUMAN
47.1667,23.4375,133248.0,0,HUMAN
46.3322,23.4375,91846.2,0,HUMAN
44.7874,23.4375,86127.8,0,HUMAN
45.7813,23.4375,85157.4,0,HUMAN
44.9579,23.4375,77214.9,0,HUMAN
46.5945,23.4375,111426.0,0,HUMAN
45.3859,23.4375,80209.6,0,HUMAN
47.0717,23.4375,134367.0,0,HUMAN
45.4335,23.4375,91125.4,0,HUMAN
46.2238,23.4375,106681.0,0,HUMAN
45.7825,23.4375,99542.4,0,HUMAN
56.1311,1117.19,1029750.0,345,NON_HUMAN
50.0334,23.4375,278175.0,156,HUMAN
57.8025,1695.31,1691220.0,346,NON_HUMAN
55.0706,1750.0,966350.0,269,NON_HUMAN
69.6783,7.8125,4.34438E7,161,HUMAN
53.8171,1328.12,633954.0,267,NON_HUMAN
61.4561,750.0,3628510.0,415,NON_HUMAN
0.0,0.0,0.0,0,HUMAN
45.2701,23.4375,82337.5,0,HUMAN
65.589,1257.81,9362190.0,454,NON_HUMAN
62.2438,1695.31,4455040.0,434,NON_HUMAN
64.882,1765.62,8115780.0,443,NON_HUMAN
66.9951,1890.62,1.46624E7,466,NON_HUMAN
68.3791,1781.25,1.74337E7,482,NON_HUMAN
59.437,562.5,2484050.0,397,HUMAN
71.1074,1671.88,3.2237E7,490,NON_HUMAN
62.5424,1179.69,6380470.0,319,NON_HUMAN
68.6792,1585.94,2.03939E7,468,NON_HUMAN
65.195,1117.19,9143130.0,435,NON_HUMAN
70.1945,1226.56,3.54224E7,438,NON_HUMAN
72.8265,1125.0,4.8752E7,488,NON_HUMAN
45.3467,23.4375,87588.4,0,HUMAN
44.6528,23.4375,71082.9,0,HUMAN
46.4042,23.4375,107461.0,0,HUMAN
45.9776,23.4375,87364.4,0,HUMAN
45.7493,23.4375,99294.0,0,HUMAN
46.1544,23.4375,109496.0,0,HUMAN
45.186,23.4375,71276.2,0,HUMAN
45.9766,23.4375,93735.5,0,HUMAN
45.3241,23.4375,94491.3,0,HUMAN
45.143,23.4375,65207.0,0,HUMAN
46.1326,23.4375,96021.8,0,HUMAN
44.8798,23.4375,70516.5,0,HUMAN
47.6479,23.4375,137466.0,0,HUMAN
45.5348,23.4375,97363.7,0,HUMAN
45.7777,23.4375,93715.2,0,HUMAN
44.8817,23.4375,80303.5,0,HUMAN
44.6971,23.4375,77560.7,0,HUMAN
46.3529,23.4375,100002.0,0,HUMAN
68.0372,7.8125,3.10011E7,0,HUMAN
45.8729,23.4375,84998.2,0,HUMAN
46.3087,23.4375,115585.0,0,HUMAN
68.2027,7.8125,3.18253E7,0,HUMAN
46.2396,23.4375,110767.0,0,HUMAN
45.0802,23.4375,80804.9,0,HUMAN
68.3303,7.8125,3.30369E7,0,HUMAN
45.2501,23.4375,78599.8,0,HUMAN
44.6858,23.4375,80741.0,0,HUMAN
68.3475,7.8125,3.31665E7,0,HUMAN
46.3919,23.4375,99399.4,0,HUMAN
46.1543,23.4375,97017.1,0,HUMAN
68.4189,7.8125,3.34855E7,0,HUMAN
45.207,23.4375,78230.4,0,HUMAN
45.113,23.4375,68657.4,0,HUMAN
68.0368,7.8125,3.077E7,0,HUMAN
45.55,23.4375,91700.3,0,HUMAN
45.9729,23.4375,95386.4,0,HUMAN
68.6041,7.8125,3.49731E7,0,HUMAN
45.0097,23.4375,81350.7,0,HUMAN
44.7796,23.4375,69860.4,0,HUMAN
68.1709,7.8125,3.20483E7,0,HUMAN
45.242,23.4375,72618.3,0,HUMAN
47.0249,23.4375,123405.0,0,HUMAN
46.0814,23.4375,95478.2,0,HUMAN
46.695,23.4375,108825.0,0,HUMAN
45.3061,23.4375,76939.4,0,HUMAN
45.624,23.4375,81193.5,0,HUMAN
45.9767,23.4375,97689.8,0,HUMAN
45.584,23.4375,88608.6,0,HUMAN
45.4598,23.4375,79908.1,0,HUMAN
44.5926,23.4375,63339.9,0,HUMAN
46.061,23.4375,108096.0,0,HUMAN
46.2342,23.4375,105510.0,0,HUMAN
45.2234,23.4375,87755.0,0,HUMAN
43.7456,23.4375,61405.2,0,HUMAN
46.9536,23.4375,130594.0,0,HUMAN
45.803,23.4375,96931.7,0,HUMAN
45.3384,23.4375,84841.7,0,HUMAN
44.9234,23.4375,79531.9,0,HUMAN
45.5936,23.4375,100388.0,0,HUMAN
45.226,23.4375,82772.6,0,HUMAN
45.033,23.4375,73907.3,0,HUMAN
46.503,23.4375,113474.0,0,HUMAN
46.1882,23.4375,90888.6,0,HUMAN
44.0807,23.4375,60158.5,0,HUMAN
44.783,23.4375,72326.8,0,HUMAN
45.5373,23.4375,87612.4,0,HUMAN
46.1765,23.4375,100492.0,0,HUMAN
45.5422,23.4375,113359.0,0,HUMAN
45.4826,23.4375,89586.9,0,HUMAN
45.3855,23.4375,85107.3,0,HUMAN
44.4303,23.4375,75854.1,0,HUMAN
45.0593,23.4375,73373.5,0,HUMAN
45.9888,23.4375,92497.8,0,HUMAN
45.4018,23.4375,76415.9,0,HUMAN
45.3337,23.4375,76049.6,0,HUMAN
45.752,23.4375,79989.2,0,HUMAN
45.4752,23.4375,89923.7,0,HUMAN
44.8749,23.4375,69875.9,0,HUMAN
46.1375,23.4375,96932.3,0,HUMAN
44.7535,23.4375,75192.6,0,HUMAN
45.1628,23.4375,72644.8,0,HUMAN
46.1951,23.4375,99533.1,0,HUMAN
45.1288,23.4375,83265.9,0,HUMAN
45.799,23.4375,93744.0,0,HUMAN
46.7005,23.4375,117927.0,0,HUMAN
45.5984,23.4375,81750.1,0,HUMAN
46.3223,23.4375,103172.0,0,HUMAN
45.3976,23.4375,89323.3,0,HUMAN
45.2166,23.4375,73633.5,0,HUMAN
43.9299,23.4375,66119.8,0,HUMAN
45.137,23.4375,87130.8,0,HUMAN
45.8682,23.4375,92747.1,0,HUMAN
44.919,23.4375,81403.9,0,HUMAN
46.6319,23.4375,110217.0,0,HUMAN
45.8365,23.4375,95351.1,0,HUMAN
46.4723,23.4375,105448.0,0,HUMAN
46.7715,23.4375,118216.0,0,HUMAN
45.0811,23.4375,75232.8,0,HUMAN
45.4126,23.4375,79010.3,0,HUMAN
44.3039,23.4375,68753.9,0,HUMAN
44.3166,23.4375,72212.5,0,HUMAN
45.4069,23.4375,75428.0,0,HUMAN
45.5485,23.4375,90303.7,0,HUMAN
45.5355,23.4375,86617.5,0,HUMAN
45.42,23.4375,90176.2,0,HUMAN
45.324,23.4375,72702.0,0,HUMAN
44.5057,23.4375,69778.9,0,HUMAN
44.6538,23.4375,71464.4,0,HUMAN
44.9041,23.4375,76193.9,0,HUMAN
45.7776,23.4375,80668.3,0,HUMAN
45.4519,23.4375,93638.3,0,HUMAN
44.7356,23.4375,73922.0,0,HUMAN
46.2467,23.4375,107152.0,0,HUMAN
45.4664,23.4375,81996.8,0,HUMAN
45.5703,23.4375,97881.6,0,HUMAN
46.2444,23.4375,96194.0,0,HUMAN
46.0999,23.4375,89347.8,0,HUMAN
46.1343,23.4375,94853.8,0,HUMAN
46.0689,23.4375,96406.9,0,HUMAN
45.3296,23.4375,84215.8,0,HUMAN
45.8636,23.4375,89999.0,0,HUMAN
45.5419,23.4375,88166.9,0,HUMAN
46.224,23.4375,107584.0,0,HUMAN
45.2441,23.4375,88108.5,0,HUMAN
46.1153,23.4375,95743.4,0,HUMAN
46.4911,23.4375,107774.0,0,HUMAN
45.0542,23.4375,85351.9,0,HUMAN
45.5665,23.4375,81456.6,0,HUMAN
44.4652,23.4375,71882.6,0,HUMAN
45.2541,23.4375,82615.8,0,HUMAN
45.7303,23.4375,90008.8,0,HUMAN
45.3226,23.4375,93504.1,0,HUMAN
44.3648,23.4375,48663.6,0,HUMAN
46.6671,23.4375,114442.0,0,HUMAN
44.2725,23.4375,64250.4,0,HUMAN
45.222,23.4375,77034.0,0,HUMAN
46.9751,23.4375,118473.0,0,HUMAN
45.7148,23.4375,93752.8,0,HUMAN
46.7494,23.4375,119479.0,0,HUMAN
47.1897,23.4375,134131.0,0,HUMAN
44.9782,23.4375,73186.2,0,HUMAN
53.8887,54.6875,615180.0,0,HUMAN
47.7702,23.4375,146549.0,0,HUMAN
48.052,23.4375,146559.0,0,HUMAN
49.1242,23.4375,184908.0,0,HUMAN
47.641,23.4375,141781.0,0,HUMAN
49.7942,23.4375,234751.0,0,HUMAN
42.9909,23.4375,42618.5,0,HUMAN
45.794,23.4375,89889.1,0,HUMAN
48.7975,23.4375,189966.0,0,HUMAN
47.7223,23.4375,156688.0,0,HUMAN
46.9199,23.4375,123333.0,0,HUMAN
52.5248,23.4375,449020.0,0,HUMAN
51.4893,23.4375,333738.0,0,HUMAN
51.3732,23.4375,306594.0,0,HUMAN
50.8484,23.4375,297991.0,0,HUMAN
50.8725,23.4375,304918.0,0,HUMAN
47.9279,23.4375,162585.0,0,HUMAN
50.1963,23.4375,238283.0,0,HUMAN
45.1834,23.4375,88798.6,0,HUMAN
49.2673,23.4375,213542.0,0,HUMAN
51.3457,23.4375,337266.0,0,HUMAN
47.7922,23.4375,148647.0,0,HUMAN
44.8442,54.6875,78808.7,0,HUMAN
52.1619,23.4375,403390.0,0,HUMAN
49.2566,23.4375,200290.0,0,HUMAN
46.8609,54.6875,124886.0,0,HUMAN
51.2776,23.4375,323852.0,0,HUMAN
48.7457,23.4375,195064.0,0,HUMAN
46.6956,46.875,129491.0,0,HUMAN
47.53,23.4375,152925.0,0,HUMAN
50.5168,23.4375,264228.0,0,HUMAN
49.3695,23.4375,189712.0,0,HUMAN
45.6324,23.4375,95442.3,0,HUMAN
50.6003,23.4375,273693.0,0,HUMAN
51.6255,23.4375,333562.0,0,HUMAN
51.2175,23.4375,326565.0,0,HUMAN
44.057,54.6875,67136.5,0,HUMAN
51.0832,23.4375,291589.0,0,HUMAN
43.2013,31.25,55766.8,0,HUMAN
50.2688,23.4375,276199.0,0,HUMAN
50.6328,23.4375,274630.0,0,HUMAN
46.7973,23.4375,125419.0,0,HUMAN
48.9149,23.4375,186336.0,0,HUMAN
49.6135,23.4375,189465.0,0,HUMAN
50.7507,23.4375,297234.0,0,HUMAN
50.4928,23.4375,285624.0,0,HUMAN
46.7245,54.6875,114249.0,0,HUMAN
45.8932,54.6875,96569.3,0,HUMAN
43.6511,54.6875,51937.0,0,HUMAN
45.224,23.4375,82210.1,0,HUMAN
50.5328,23.4375,267413.0,0,HUMAN
48.9723,23.4375,196433.0,0,HUMAN
45.5626,54.6875,76545.8,0,HUMAN
43.5506,54.6875,52075.8,0,HUMAN
48.0783,23.4375,161522.0,0,HUMAN
47.1758,23.4375,125125.0,0,HUMAN
48.7397,23.4375,201013.0,0,HUMAN
45.933,23.4375,111387.0,0,HUMAN
45.7434,23.4375,100319.0,0,HUMAN
45.6708,23.4375,90993.6,0,HUMAN
45.3357,23.4375,96563.2,0,HUMAN
45.3172,23.4375,83459.0,0,HUMAN
43.4873,23.4375,53940.6,0,HUMAN
45.1413,23.4375,81264.2,0,HUMAN
48.3792,23.4375,167004.0,0,HUMAN
43.962,23.4375,76598.4,0,HUMAN
47.0048,23.4375,115153.0,0,HUMAN
43.8938,23.4375,66371.8,0,HUMAN
46.5117,23.4375,103844.0,0,HUMAN
46.3014,23.4375,92184.5,0,HUMAN
45.8022,23.4375,92241.6,0,HUMAN
45.6334,23.4375,86654.8,0,HUMAN
47.8982,23.4375,152355.0,0,HUMAN
47.995,23.4375,141332.0,0,HUMAN
43.5599,54.6875,57354.8,0,HUMAN
44.1043,23.4375,65596.8,0,HUMAN
46.8407,23.4375,119488.0,0,HUMAN
47.9218,23.4375,144392.0,0,HUMAN
48.3876,23.4375,160570.0,0,HUMAN
46.597,23.4375,123852.0,0,HUMAN
45.7806,23.4375,99793.7,0,HUMAN
47.709,23.4375,143469.0,0,HUMAN
46.772,23.4375,113964.0,0,HUMAN
47.5901,23.4375,134650.0,0,HUMAN
46.9233,23.4375,112245.0,0,HUMAN
47.6859,23.4375,144670.0,0,HUMAN
47.8404,23.4375,126236.0,0,HUMAN
47.0923,23.4375,124151.0,0,HUMAN
46.4811,23.4375,110712.0,0,HUMAN
45.614,23.4375,87489.0,0,HUMAN
43.1793,54.6875,53748.0,0,HUMAN
44.1444,23.4375,69122.6,0,HUMAN
47.3312,23.4375,127397.0,0,HUMAN
45.4978,23.4375,93745.1,0,HUMAN
47.4498,23.4375,144368.0,0,HUMAN
48.0197,23.4375,141667.0,0,HUMAN
47.2112,23.4375,126495.0,0,HUMAN
44.7645,23.4375,67676.0,0,HUMAN
46.672,23.4375,116757.0,0,HUMAN
46.3129,23.4375,108707.0,0,HUMAN
44.0003,23.4375,66002.3,0,HUMAN
46.6453,23.4375,120053.0,0,HUMAN
47.1425,23.4375,140597.0,0,HUMAN
45.6628,23.4375,106382.0,0,HUMAN
46.4508,23.4375,100353.0,0,HUMAN
45.8508,23.4375,111816.0,0,HUMAN
48.1078,23.4375,146366.0,0,HUMAN
46.2208,23.4375,104346.0,0,HUMAN
45.8837,23.4375,114377.0,0,HUMAN
47.6986,23.4375,133528.0,0,HUMAN
45.2155,23.4375,85748.5,0,HUMAN
45.1715,23.4375,82142.5,0,HUMAN
47.098,23.4375,122916.0,0,HUMAN
46.4812,23.4375,129693.0,0,HUMAN
46.8481,23.4375,124278.0,0,HUMAN
46.7446,23.4375,113697.0,0,HUMAN
45.8758,23.4375,88060.4,0,HUMAN
47.9898,23.4375,140308.0,0,HUMAN
45.2635,23.4375,71496.8,0,HUMAN
45.8693,23.4375,86237.0,0,HUMAN
45.8717,23.4375,82850.3,0,HUMAN
45.5538,23.4375,95242.3,0,HUMAN
44.6059,23.4375,65509.6,0,HUMAN
47.1799,23.4375,131910.0,0,HUMAN
47.5645,23.4375,133595.0,0,HUMAN
42.9858,23.4375,49198.2,0,HUMAN
43.8693,23.4375,55602.9,0,HUMAN
46.4782,23.4375,111458.0,0,HUMAN
47.4224,23.4375,125596.0,0,HUMAN
46.5489,23.4375,99542.8,0,HUMAN
46.2286,23.4375,90682.4,0,HUMAN
45.4831,23.4375,64156.1,0,HUMAN
44.0602,54.6875,62656.6,0,HUMAN
45.0139,23.4375,80475.9,0,HUMAN
45.4212,23.4375,90586.4,0,HUMAN
46.2649,23.4375,110406.0,0,HUMAN
44.9797,23.4375,87035.1,0,HUMAN
46.3702,23.4375,103526.0,0,HUMAN
46.2108,23.4375,110644.0,0,HUMAN
43.1051,54.6875,54864.3,0,HUMAN
43.6989,23.4375,64699.2,0,HUMAN
47.9946,23.4375,157172.0,0,HUMAN
43.746,23.4375,65226.7,0,HUMAN
43.4873,54.6875,54288.2,0,HUMAN
44.4112,23.4375,63506.6,0,HUMAN
46.3596,23.4375,119526.0,0,HUMAN
45.081,23.4375,78806.5,0,HUMAN
46.3165,23.4375,109429.0,0,HUMAN
45.2319,23.4375,89153.4,0,HUMAN
45.9901,23.4375,97650.4,0,HUMAN
43.5114,23.4375,55909.6,0,HUMAN
46.7957,23.4375,124374.0,0,HUMAN
48.0198,23.4375,176665.0,0,HUMAN
47.0692,23.4375,116457.0,0,HUMAN
47.0544,23.4375,124499.0,0,HUMAN
45.1501,23.4375,74845.4,0,HUMAN
48.5295,23.4375,179225.0,0,HUMAN
45.8875,23.4375,89423.8,0,HUMAN
45.8156,23.4375,87907.2,0,HUMAN
45.0895,23.4375,73603.7,0,HUMAN
47.0187,23.4375,119571.0,0,HUMAN
45.8012,23.4375,87795.8,0,HUMAN
46.4946,23.4375,112028.0,0,HUMAN
47.3768,23.4375,143175.0,0,HUMAN
45.8645,23.4375,98626.2,0,HUMAN
44.4538,23.4375,72911.5,0,HUMAN
45.3808,23.4375,94457.1,0,HUMAN
44.7371,23.4375,66524.2,0,HUMAN
45.4915,23.4375,94700.2,0,HUMAN
44.9453,23.4375,73476.9,0,HUMAN
44.767,23.4375,66210.4,0,HUMAN
45.5231,23.4375,91194.6,0,HUMAN
45.3675,23.4375,86809.1,0,HUMAN
45.8153,23.4375,94226.4,0,HUMAN
44.58,23.4375,74297.1,0,HUMAN
44.3348,23.4375,61931.8,0,HUMAN
45.3063,23.4375,79363.0,0,HUMAN
45.4046,23.4375,99798.1,0,HUMAN
45.556,23.4375,90153.2,0,HUMAN
44.4575,23.4375,75730.5,0,HUMAN
45.8479,23.4375,95378.6,0,HUMAN
44.7363,23.4375,74710.5,0,HUMAN
44.4219,23.4375,76738.4,0,HUMAN
45.5442,23.4375,84847.3,0,HUMAN
43.0956,23.4375,56343.1,0,HUMAN
45.281,23.4375,93626.5,0,HUMAN
46.1553,23.4375,104265.0,1,HUMAN
45.2903,23.4375,77293.8,0,HUMAN
44.0448,23.4375,67818.1,0,HUMAN
46.0523,23.4375,106475.0,0,HUMAN
44.074,23.4375,71163.7,0,HUMAN
47.2058,23.4375,126750.0,0,HUMAN
45.1436,23.4375,77666.4,0,HUMAN
44.6814,23.4375,79209.7,0,HUMAN
46.0696,23.4375,93829.4,0,HUMAN
44.3712,23.4375,73945.9,0,HUMAN
46.8412,23.4375,113327.0,0,HUMAN
45.3369,23.4375,89687.0,0,HUMAN
43.241,23.4375,52447.4,0,HUMAN
44.6638,23.4375,79353.8,0,HUMAN
44.582,23.4375,67969.2,0,HUMAN
45.8731,23.4375,96045.0,0,HUMAN
44.9442,23.4375,85438.3,0,HUMAN
44.6751,23.4375,73077.6,5,HUMAN
43.5367,23.4375,58726.5,0,HUMAN
41.7366,23.4375,39163.6,0,HUMAN
43.8491,23.4375,61467.4,0,HUMAN
46.1526,23.4375,112093.0,0,HUMAN
46.0701,23.4375,103529.0,0,HUMAN
45.8378,23.4375,88817.5,0,HUMAN
44.1965,23.4375,59470.4,0,HUMAN
46.1884,23.4375,101867.0,0,HUMAN
43.5305,23.4375,57646.7,0,HUMAN
45.1805,54.6875,90926.2,0,HUMAN
47.5082,23.4375,134845.0,0,HUMAN
45.1014,23.4375,68739.7,0,HUMAN
45.5082,23.4375,80715.6,0,HUMAN
46.4253,23.4375,109042.0,0,HUMAN
46.7719,23.4375,115392.0,0,HUMAN
46.9149,23.4375,128371.0,0,HUMAN
46.8591,23.4375,115138.0,0,HUMAN
45.7396,54.6875,90364.2,0,HUMAN
46.2628,23.4375,108148.0,0,HUMAN
47.7736,23.4375,141220.0,0,HUMAN
43.0919,23.4375,64472.3,0,HUMAN
43.0321,23.4375,51276.1,0,HUMAN
45.7626,23.4375,86901.5,0,HUMAN
41.859,23.4375,43498.6,0,HUMAN
43.8673,23.4375,61626.1,0,HUMAN
47.7745,23.4375,163440.0,0,HUMAN
47.036,23.4375,121137.0,0,HUMAN
45.7437,23.4375,89764.5,0,HUMAN
47.623,23.4375,141770.0,0,HUMAN
46.8117,23.4375,106312.0,0,HUMAN
45.9863,23.4375,92245.2,0,HUMAN
45.6363,23.4375,97855.3,0,HUMAN
44.8869,23.4375,81763.3,0,HUMAN
45.1517,23.4375,91492.4,0,HUMAN
45.458,23.4375,87505.6,0,HUMAN
44.5394,23.4375,69596.8,0,HUMAN
45.5712,23.4375,85586.0,0,HUMAN
45.1904,54.6875,80179.1,0,HUMAN
45.0243,23.4375,77878.1,0,HUMAN
45.1014,23.4375,82857.4,0,HUMAN
45.038,23.4375,87715.1,0,HUMAN
44.4415,23.4375,78915.0,0,HUMAN
45.8541,23.4375,96754.6,0,HUMAN
44.1168,23.4375,67551.8,0,HUMAN
44.6141,23.4375,76627.8,0,HUMAN
44.9688,23.4375,73881.8,0,HUMAN
44.3078,23.4375,62048.5,0,HUMAN
45.0444,23.4375,77957.8,0,HUMAN
45.9831,23.4375,96463.7,0,HUMAN
43.9939,23.4375,63212.2,0,HUMAN
44.72,23.4375,71081.3,0,HUMAN
45.6345,23.4375,89046.5,0,HUMAN
44.786,23.4375,79637.5,0,HUMAN
45.0868,23.4375,87245.3,0,HUMAN
44.5053,23.4375,59484.1,0,HUMAN
44.6551,23.4375,67860.3,0,HUMAN
44.313,23.4375,71261.9,0,HUMAN
45.4916,23.4375,93596.1,0,HUMAN
45.031,23.4375,85934.3,0,HUMAN
45.0556,23.4375,77648.5,0,HUMAN
46.5145,23.4375,102184.0,0,HUMAN
44.8385,23.4375,76464.4,0,HUMAN
45.935,23.4375,102459.0,0,HUMAN
45.1915,23.4375,77560.6,0,HUMAN
44.192,23.4375,68887.8,0,HUMAN
45.3459,23.4375,86962.2,0,HUMAN
42.5322,23.4375,48657.0,0,HUMAN
44.7392,23.4375,73568.5,0,HUMAN
45.6781,23.4375,96789.3,0,HUMAN
46.0147,23.4375,102537.0,0,HUMAN
45.4024,23.4375,87239.2,0,HUMAN
45.1645,23.4375,79342.0,0,HUMAN
45.0205,23.4375,81804.2,0,HUMAN
47.5513,23.4375,144282.0,0,HUMAN
44.7722,23.4375,84909.4,0,HUMAN
44.4102,23.4375,70542.1,0,HUMAN
43.8663,54.6875,61006.8,0,HUMAN
44.542,23.4375,70499.7,0,HUMAN
45.0493,23.4375,74593.4,0,HUMAN
45.9384,54.6875,101501.0,0,HUMAN
46.1174,23.4375,96227.6,0,HUMAN
45.7921,23.4375,89991.5,0,HUMAN
45.2271,23.4375,80586.4,0,HUMAN
45.1978,23.4375,78864.5,0,HUMAN
45.9217,23.4375,95390.0,0,HUMAN
45.2927,23.4375,76134.5,0,HUMAN
45.2162,54.6875,76446.5,0,HUMAN
45.5179,23.4375,94936.4,4,HUMAN
44.8447,23.4375,72716.2,0,HUMAN
45.8526,23.4375,100942.0,0,HUMAN
43.594,23.4375,56388.0,0,HUMAN
46.2807,23.4375,99859.2,0,HUMAN
44.4918,23.4375,79573.5,0,HUMAN
44.9268,23.4375,72906.7,0,HUMAN
46.7737,23.4375,113089.0,0,HUMAN
45.3221,23.4375,93592.1,0,HUMAN
44.743,23.4375,81232.1,0,HUMAN
44.5051,23.4375,65013.8,0,HUMAN
45.2286,23.4375,79289.2,0,HUMAN
44.5283,23.4375,71649.6,0,HUMAN
44.8582,23.4375,74115.6,0,HUMAN
45.3894,23.4375,81176.9,0,HUMAN
44.3369,23.4375,70003.3,0,HUMAN
44.168,23.4375,72392.1,0,HUMAN
44.2502,23.4375,76612.6,0,HUMAN
45.0721,23.4375,77464.3,0,HUMAN
45.435,23.4375,84711.9,0,HUMAN
44.4227,23.4375,66199.1,0,HUMAN
43.8603,23.4375,66773.6,0,HUMAN
44.6806,23.4375,68767.4,2,HUMAN
44.994,23.4375,79297.8,0,HUMAN
45.0077,23.4375,82794.8,0,HUMAN
43.4442,23.4375,55590.7,0,HUMAN
44.5935,23.4375,76189.3,0,HUMAN
45.5467,23.4375,85738.6,0,HUMAN
44.7728,23.4375,79872.2,0,HUMAN
45.8463,54.6875,101008.0,0,HUMAN
44.0727,23.4375,70667.6,0,HUMAN
43.7554,23.4375,65338.8,0,HUMAN
44.305,23.4375,66279.9,0,HUMAN
44.4948,23.4375,61312.5,0,HUMAN
45.8165,23.4375,94180.1,0,HUMAN
44.7321,23.4375,75864.8,0,HUMAN
46.6545,23.4375,111738.0,0,HUMAN
43.9139,23.4375,56767.8,0,HUMAN
45.0137,23.4375,74081.4,0,HUMAN
45.0015,23.4375,73595.4,0,HUMAN
44.5658,23.4375,69196.9,0,HUMAN
44.6413,23.4375,73880.9,0,HUMAN
45.056,23.4375,76316.6,0,HUMAN
43.0547,23.4375,57921.7,0,HUMAN
45.0551,23.4375,85119.1,0,HUMAN
44.5806,23.4375,63151.0,0,HUMAN
44.7504,23.4375,69186.8,0,HUMAN
46.0254,23.4375,99444.4,0,HUMAN
44.5804,23.4375,76713.1,0,HUMAN
44.9234,23.4375,81188.0,0,HUMAN
45.1563,23.4375,82062.3,0,HUMAN
44.3195,23.4375,65018.9,0,HUMAN
44.7734,23.4375,77590.1,0,HUMAN
45.9049,23.4375,91204.5,0,HUMAN
45.077,54.6875,81197.2,0,HUMAN
45.6029,54.6875,92722.0,0,HUMAN
43.8451,23.4375,67046.3,0,HUMAN
46.2603,23.4375,110220.0,0,HUMAN
43.4709,23.4375,60460.2,0,HUMAN
46.5504,23.4375,120982.0,0,HUMAN
44.275,23.4375,69093.6,0,HUMAN
44.8113,23.4375,69003.0,0,HUMAN
44.8423,23.4375,76234.8,0,HUMAN
44.1066,23.4375,64067.3,0,HUMAN
44.835,23.4375,76872.0,0,HUMAN
44.7104,23.4375,76426.3,0,HUMAN
45.2778,54.6875,82892.9,0,HUMAN
45.3764,23.4375,90021.0,0,HUMAN
43.8996,23.4375,57568.1,0,HUMAN
47.4564,54.6875,138408.0,0,HUMAN
45.7868,15.625,91548.8,0,HUMAN
53.3676,23.4375,441415.0,0,HUMAN
47.6472,23.4375,145977.0,0,HUMAN
46.4389,54.6875,94738.3,0,HUMAN
45.6339,23.4375,91762.5,0,HUMAN
45.3571,54.6875,94864.3,0,HUMAN
45.0139,23.4375,76766.5,0,HUMAN
44.9686,23.4375,77005.6,0,HUMAN
45.4765,23.4375,87778.6,0,HUMAN
43.2368,23.4375,55893.7,0,HUMAN
44.0022,23.4375,63832.8,0,HUMAN
44.5875,23.4375,66278.4,0,HUMAN
44.3726,23.4375,62913.7,0,HUMAN
45.2502,23.4375,87864.6,0,HUMAN
44.9363,23.4375,86391.9,0,HUMAN
43.6625,15.625,65697.9,0,HUMAN
45.0548,23.4375,80374.7,0,HUMAN
44.5313,23.4375,66796.8,0,HUMAN
44.1492,23.4375,65690.4,0,HUMAN
44.5453,23.4375,77577.4,0,HUMAN
46.0348,23.4375,103098.0,0,HUMAN
43.8719,23.4375,67094.9,0,HUMAN
46.1614,54.6875,110995.0,0,HUMAN
44.5981,23.4375,69899.6,0,HUMAN
44.2015,23.4375,68446.9,0,HUMAN
45.2646,23.4375,82038.8,0,HUMAN
44.2853,23.4375,72565.9,0,HUMAN
45.1983,23.4375,79163.3,0,HUMAN
46.0967,54.6875,108608.0,0,HUMAN
47.1125,23.4375,140009.0,0,HUMAN
44.2225,23.4375,64400.3,0,HUMAN
45.7132,23.4375,91601.0,0,HUMAN
44.0872,23.4375,64454.3,0,HUMAN
42.5747,23.4375,46094.4,0,HUMAN
45.486,23.4375,88702.2,0,HUMAN
43.0063,23.4375,50144.6,0,HUMAN
45.5117,23.4375,92399.1,0,HUMAN
44.1243,23.4375,60596.0,0,HUMAN
45.5076,23.4375,87737.5,0,HUMAN
44.1722,54.6875,64149.6,0,HUMAN
44.6094,54.6875,76612.3,0,HUMAN
45.3298,23.4375,74197.0,0,HUMAN
45.2342,23.4375,75428.5,0,HUMAN
44.6703,23.4375,78209.5,0,HUMAN
44.4568,23.4375,63858.1,0,HUMAN
45.1243,23.4375,83220.8,0,HUMAN
43.5258,23.4375,55561.2,0,HUMAN
46.702,23.4375,114516.0,0,HUMAN
45.402,23.4375,93678.6,0,HUMAN
44.9446,23.4375,81734.6,0,HUMAN
44.1285,23.4375,71108.0,0,HUMAN
45.2772,23.4375,81239.8,0,HUMAN
44.1317,23.4375,76036.4,0,HUMAN
44.5466,23.4375,72935.3,0,HUMAN
45.0573,23.4375,71145.6,0,HUMAN
44.0873,23.4375,65023.6,0,HUMAN
43.9908,23.4375,58096.8,0,HUMAN
45.2434,23.4375,81954.6,0,HUMAN
43.542,23.4375,57472.0,0,HUMAN
44.1792,23.4375,69588.0,0,HUMAN
45.2199,23.4375,68458.8,0,HUMAN
43.9619,23.4375,57998.9,0,HUMAN
46.039,54.6875,102212.0,0,HUMAN
43.518,23.4375,60498.5,0,HUMAN
45.6613,23.4375,103076.0,0,HUMAN
44.9956,23.4375,79157.8,0,HUMAN
43.4223,23.4375,58848.7,0,HUMAN
46.9735,54.6875,124252.0,0,HUMAN
45.1295,23.4375,81403.6,0,HUMAN
45.223,23.4375,88006.9,0,HUMAN
44.9059,23.4375,69745.0,0,HUMAN
48.3856,23.4375,158809.0,0,HUMAN
44.5442,23.4375,74104.5,0,HUMAN
44.0657,23.4375,69015.1,0,HUMAN
45.9841,23.4375,92739.3,0,HUMAN
45.7501,23.4375,90579.4,0,HUMAN
43.4694,23.4375,59926.1,0,HUMAN
45.1758,54.6875,78981.0,0,HUMAN
45.364,23.4375,85163.2,0,HUMAN
45.5722,23.4375,98036.8,0,HUMAN
43.9291,23.4375,67950.2,0,HUMAN
43.4997,23.4375,55287.1,0,HUMAN
43.7926,23.4375,61463.4,0,HUMAN
45.3148,23.4375,74985.6,0,HUMAN
46.9984,23.4375,124044.0,0,HUMAN
46.3255,23.4375,98972.4,0,HUMAN
44.7328,23.4375,81154.4,0,HUMAN
43.6979,23.4375,60592.4,0,HUMAN
45.9027,23.4375,95484.8,0,HUMAN
44.482,23.4375,69097.0,0,HUMAN
44.4028,23.4375,65291.8,0,HUMAN
43.6189,23.4375,54734.9,0,HUMAN
45.0102,23.4375,76336.4,0,HUMAN
44.3961,23.4375,68392.6,0,HUMAN
45.7023,54.6875,88796.4,0,HUMAN
44.845,23.4375,68325.4,0,HUMAN
44.5627,23.4375,68300.8,0,HUMAN
45.3329,23.4375,82026.9,0,HUMAN
46.5222,23.4375,102593.0,0,HUMAN
42.0125,23.4375,40302.1,0,HUMAN
45.6116,54.6875,91991.0,0,HUMAN
45.3553,23.4375,80060.8,0,HUMAN
43.4284,23.4375,54417.5,0,HUMAN
45.5713,23.4375,92985.3,0,HUMAN
44.8619,23.4375,73008.3,0,HUMAN
46.5032,23.4375,105218.0,0,HUMAN
44.8278,23.4375,78340.1,0,HUMAN
44.2914,23.4375,72407.3,0,HUMAN
44.7183,23.4375,71682.4,0,HUMAN
44.0366,23.4375,64712.6,0,HUMAN
43.3799,23.4375,50646.5,0,HUMAN
44.2646,23.4375,61529.0,0,HUMAN
45.1129,23.4375,78299.4,0,HUMAN
44.3275,23.4375,69669.0,0,HUMAN
45.9823,23.4375,96620.3,0,HUMAN
44.7659,23.4375,71932.0,0,HUMAN
45.4608,23.4375,91979.5,0,HUMAN
44.3635,23.4375,60536.1,0,HUMAN
44.0264,23.4375,59183.6,0,HUMAN
44.3631,23.4375,62793.0,0,HUMAN
43.7253,23.4375,59135.5,0,HUMAN
44.4876,23.4375,68622.3,0,HUMAN
44.6146,23.4375,70093.0,0,HUMAN
44.1398,23.4375,65234.3,0,HUMAN
45.5061,23.4375,86443.2,0,HUMAN
44.7444,23.4375,74993.7,0,HUMAN
46.4862,23.4375,103406.0,0,HUMAN
44.6273,54.6875,74929.1,0,HUMAN
45.1853,23.4375,77172.8,0,HUMAN
44.6139,23.4375,66663.2,0,HUMAN
45.2341,23.4375,77470.3,0,HUMAN
44.6186,23.4375,77047.4,0,HUMAN
45.479,23.4375,85593.3,0,HUMAN
43.8835,23.4375,67012.7,0,HUMAN
46.7891,23.4375,115767.0,0,HUMAN
44.4536,23.4375,68708.6,0,HUMAN
45.2507,23.4375,88250.4,0,HUMAN
43.9167,23.4375,65937.0,0,HUMAN
45.8865,23.4375,92034.0,0,HUMAN
46.3927,54.6875,107177.0,0,HUMAN
44.4156,23.4375,74858.7,0,HUMAN
44.9055,23.4375,73301.3,0,HUMAN
45.8055,54.6875,90597.0,0,HUMAN
44.4452,23.4375,65581.0,0,HUMAN
44.4148,23.4375,80342.6,0,HUMAN
44.4282,23.4375,72213.3,0,HUMAN
45.3278,23.4375,86129.4,0,HUMAN
44.9826,23.4375,89723.4,0,HUMAN
45.2649,23.4375,71993.9,0,HUMAN
44.901,23.4375,71975.5,0,HUMAN
46.443,23.4375,102231.0,0,HUMAN
45.2298,23.4375,86967.4,0,HUMAN
43.5303,23.4375,52551.4,0,HUMAN
45.9672,54.6875,100204.0,0,HUMAN
44.8358,23.4375,81803.6,0,HUMAN
44.1005,23.4375,60011.8,0,HUMAN
43.8531,23.4375,60586.5,0,HUMAN
44.034,23.4375,66733.0,0,HUMAN
44.7168,23.4375,72924.2,0,HUMAN
45.0921,23.4375,82388.2,0,HUMAN
45.4877,54.6875,92495.5,0,HUMAN
44.8913,23.4375,83893.3,0,HUMAN
44.5333,23.4375,65722.4,0,HUMAN
44.2114,23.4375,67125.2,0,HUMAN
46.6741,23.4375,74604.2,0,HUMAN
44.3551,23.4375,65211.5,0,HUMAN
45.9056,23.4375,102228.0,0,HUMAN
47.4415,23.4375,138143.0,0,HUMAN
45.6735,23.4375,99724.4,0,HUMAN
45.7561,23.4375,85234.9,0,HUMAN
45.0715,23.4375,88571.8,0,HUMAN
45.1661,23.4375,82708.5,0,HUMAN
45.503,54.6875,89720.0,0,HUMAN
44.4712,23.4375,70629.5,0,HUMAN
46.7731,23.4375,120508.0,0,HUMAN
44.4926,23.4375,70472.5,0,HUMAN
42.9838,23.4375,53710.3,0,HUMAN
44.0293,23.4375,58258.0,0,HUMAN
45.5479,23.4375,102810.0,0,HUMAN
45.8237,23.4375,96552.6,0,HUMAN
45.8689,23.4375,106781.0,0,HUMAN
45.1936,23.4375,82171.2,0,HUMAN
45.0931,46.875,73456.8,0,HUMAN
44.9993,23.4375,80066.2,0,HUMAN
44.5347,23.4375,66301.6,0,HUMAN
45.0883,23.4375,78572.5,0,HUMAN
45.7291,54.6875,103713.0,0,HUMAN
44.6306,23.4375,73690.8,0,HUMAN
44.5684,23.4375,67948.5,0,HUMAN
43.8965,23.4375,58717.1,0,HUMAN
45.5731,23.4375,87266.0,0,HUMAN
46.3776,54.6875,99308.7,0,HUMAN
44.7387,23.4375,75057.3,0,HUMAN
45.2628,23.4375,76336.0,0,HUMAN
43.6752,23.4375,61867.8,0,HUMAN
43.3462,23.4375,56640.6,0,HUMAN
45.5751,23.4375,92985.5,0,HUMAN
43.0233,23.4375,51163.1,0,HUMAN
43.582,23.4375,59689.0,0,HUMAN
45.5795,23.4375,91088.5,0,HUMAN
47.7118,7.8125,228051.0,0,HUMAN
43.788,23.4375,61973.8,0,HUMAN
44.9034,54.6875,89005.3,0,HUMAN
44.8647,23.4375,74589.9,0,HUMAN
44.0734,23.4375,69984.4,0,HUMAN
45.3697,23.4375,83381.8,0,HUMAN
45.3931,23.4375,92052.5,0,HUMAN
43.4276,23.4375,50021.3,0,HUMAN
43.2164,23.4375,48276.3,0,HUMAN
44.5937,23.4375,76781.7,0,HUMAN
44.5894,23.4375,71480.0,0,HUMAN
44.6613,23.4375,71190.2,0,HUMAN
47.1817,23.4375,97992.7,0,HUMAN
43.9059,23.4375,67231.4,0,HUMAN
43.9449,23.4375,64205.3,0,HUMAN
43.6976,23.4375,61465.3,0,HUMAN
43.9307,23.4375,66844.8,0,HUMAN
43.431,23.4375,62185.5,0,HUMAN
41.8228,23.4375,43620.0,0,HUMAN
44.0872,23.4375,69827.2,0,HUMAN
44.7171,23.4375,75134.2,0,HUMAN
43.1461,23.4375,49749.1,0,HUMAN
46.1686,54.6875,101769.0,0,HUMAN
46.3406,15.625,119288.0,0,HUMAN
44.7427,23.4375,79501.0,0,HUMAN
45.7001,23.4375,80519.0,0,HUMAN
44.9564,23.4375,75844.4,0,HUMAN
43.3004,23.4375,53750.2,0,HUMAN
43.9298,23.4375,63978.0,0,HUMAN
43.7229,23.4375,54986.4,0,HUMAN
46.0276,54.6875,101820.0,0,HUMAN
45.0296,54.6875,71073.4,0,HUMAN
44.5699,23.4375,74442.6,0,HUMAN
44.9571,23.4375,79786.2,0,HUMAN
44.6967,23.4375,68239.3,0,HUMAN
43.9111,23.4375,60440.5,0,HUMAN
45.5889,23.4375,85161.1,0,HUMAN
44.9478,23.4375,76495.9,0,HUMAN
45.8503,23.4375,92327.6,0,HUMAN
45.1208,54.6875,80498.5,0,HUMAN
43.0464,23.4375,53475.3,0,HUMAN
45.9878,54.6875,101080.0,0,HUMAN
44.2076,23.4375,78105.7,0,HUMAN
44.6606,54.6875,78155.1,0,HUMAN
44.7971,23.4375,75710.1,0,HUMAN
44.4193,23.4375,68232.8,0,HUMAN
44.6787,23.4375,73073.7,0,HUMAN
45.7747,54.6875,118771.0,0,HUMAN
44.9138,23.4375,74938.6,0,HUMAN
45.1894,23.4375,73121.7,0,HUMAN
44.5331,23.4375,75847.6,0,HUMAN
43.6994,23.4375,64599.8,0,HUMAN
45.0631,23.4375,84918.1,0,HUMAN
43.5373,23.4375,59225.4,0,HUMAN
45.3797,23.4375,73637.9,0,HUMAN
44.4234,23.4375,69799.9,0,HUMAN
43.2733,23.4375,53320.1,0,HUMAN
44.0977,23.4375,69531.2,0,HUMAN
43.8132,23.4375,62761.6,0,HUMAN
44.148,23.4375,74906.0,0,HUMAN
47.4536,117.188,134613.0,0,HUMAN
45.5486,54.6875,85289.6,0,HUMAN
50.4499,54.6875,288173.0,0,HUMAN
44.9662,23.4375,79390.6,0,HUMAN
45.1206,23.4375,78122.1,0,HUMAN
44.5765,54.6875,64000.7,0,HUMAN
44.4316,23.4375,68687.0,0,HUMAN
45.3775,23.4375,81450.7,0,HUMAN
45.776,54.6875,95952.2,0,HUMAN
44.2553,23.4375,59859.4,0,HUMAN
43.8639,23.4375,65441.7,0,HUMAN
45.9048,23.4375,97758.1,0,HUMAN
43.4051,23.4375,60074.7,0,HUMAN
44.8141,23.4375,77109.0,0,HUMAN
43.4704,23.4375,57077.8,0,HUMAN
44.462,23.4375,65933.3,0,HUMAN
44.8733,23.4375,73602.2,0,HUMAN
45.4467,23.4375,93919.1,0,HUMAN
47.5584,23.4375,113039.0,0,HUMAN
47.5924,39.0625,164237.0,0,HUMAN
46.4168,23.4375,117272.0,0,HUMAN
43.3687,23.4375,56487.8,0,HUMAN
45.7677,23.4375,94085.2,0,HUMAN
46.1115,23.4375,102021.0,0,HUMAN
46.3728,23.4375,110148.0,16,HUMAN
44.152,23.4375,70824.0,0,HUMAN
43.5719,23.4375,56193.8,0,HUMAN
42.9011,23.4375,53385.2,0,HUMAN
44.5118,23.4375,55205.2,0,HUMAN
43.623,23.4375,59064.7,0,HUMAN
44.9686,23.4375,82153.2,0,HUMAN
51.1372,23.4375,407334.0,164,HUMAN
54.4472,15.625,907479.0,238,HUMAN
54.3406,1187.5,709122.0,298,NON_HUMAN
75.5019,1117.19,9.31831E7,496,NON_HUMAN
70.3028,1117.19,3.59537E7,400,NON_HUMAN
45.5838,23.4375,85301.9,0,HUMAN
51.0511,101.562,394200.0,15,HUMAN
48.1565,23.4375,169553.0,0,HUMAN
45.3748,23.4375,80994.9,0,HUMAN
44.3734,23.4375,57480.1,0,HUMAN
44.7213,23.4375,81707.9,0,HUMAN
45.8066,23.4375,91798.0,0,HUMAN
47.2748,23.4375,122156.0,0,HUMAN
43.9316,54.6875,70372.7,3,HUMAN
46.5929,23.4375,110528.0,11,HUMAN
46.9339,23.4375,116512.0,18,HUMAN
48.1325,54.6875,175472.0,75,HUMAN
47.4341,23.4375,145468.0,61,HUMAN
45.2757,23.4375,80330.6,0,HUMAN
44.6932,23.4375,75585.4,0,HUMAN
46.4547,23.4375,119717.0,19,HUMAN
45.4814,23.4375,84750.0,8,HUMAN
46.1334,23.4375,105559.0,52,HUMAN
47.1349,23.4375,139809.0,41,HUMAN
46.0703,23.4375,101967.0,0,HUMAN
45.5248,23.4375,78843.3,2,HUMAN
47.5381,23.4375,161515.0,28,HUMAN
44.8939,23.4375,74235.5,0,HUMAN
45.0582,23.4375,91502.8,1,HUMAN
46.1516,23.4375,110566.0,6,HUMAN
45.6486,23.4375,86458.1,0,HUMAN
45.4578,23.4375,91095.5,0,HUMAN
44.2359,23.4375,63517.3,0,HUMAN
45.1914,23.4375,76526.1,0,HUMAN
47.011,23.4375,118417.0,1,HUMAN
46.326,23.4375,92381.0,0,HUMAN
47.6358,23.4375,165328.0,32,HUMAN
46.174,23.4375,98548.5,0,HUMAN
49.5291,23.4375,248888.0,135,HUMAN
50.094,23.4375,266012.0,120,HUMAN
47.2321,23.4375,131180.0,32,HUMAN
50.2647,23.4375,279560.0,116,HUMAN
47.4078,23.4375,135950.0,58,HUMAN
49.8955,1132.81,351915.0,96,NON_HUMAN
47.672,23.4375,153723.0,22,HUMAN
45.4061,23.4375,93903.2,3,HUMAN
46.1071,23.4375,109527.0,0,HUMAN
47.3028,23.4375,140366.0,0,HUMAN
46.9868,23.4375,118951.0,0,HUMAN
46.6843,23.4375,162460.0,40,HUMAN
47.2002,54.6875,132589.0,0,HUMAN
44.9687,23.4375,77786.7,0,HUMAN
46.1136,23.4375,102225.0,1,HUMAN
45.2748,54.6875,90882.1,1,HUMAN
51.2306,23.4375,333968.0,220,HUMAN
47.0006,23.4375,129158.0,49,HUMAN
47.8646,62.5,146345.0,0,HUMAN
46.1964,23.4375,105909.0,6,HUMAN
45.1537,54.6875,107394.0,3,HUMAN
47.6628,23.4375,148337.0,9,HUMAN
49.7752,23.4375,252160.0,112,HUMAN
48.2622,23.4375,206673.0,108,HUMAN
53.8394,1218.75,653039.0,278,NON_HUMAN
45.1276,54.6875,84125.3,0,HUMAN
46.5272,23.4375,106759.0,2,HUMAN
50.3343,23.4375,283661.0,221,HUMAN
49.8653,23.4375,257559.0,163,HUMAN
49.4039,23.4375,232674.0,87,HUMAN
45.6347,23.4375,91399.4,4,HUMAN
46.4662,23.4375,111861.0,2,HUMAN
46.0398,23.4375,95440.6,0,HUMAN
44.0992,23.4375,59536.5,0,HUMAN
46.5285,23.4375,121190.0,27,HUMAN
48.1981,23.4375,167932.0,30,HUMAN
48.3644,1078.12,181377.0,105,NON_HUMAN
47.5414,23.4375,145860.0,58,HUMAN
44.7243,23.4375,74885.0,0,HUMAN
46.2925,23.4375,109479.0,0,HUMAN
44.4016,23.4375,66521.8,0,HUMAN
46.3618,23.4375,99201.3,0,HUMAN
45.1509,23.4375,76856.4,3,HUMAN
45.7877,23.4375,102119.0,0,HUMAN
47.6994,23.4375,136496.0,0,HUMAN
46.9543,531.25,147940.0,55,HUMAN
44.4345,23.4375,65406.4,0,HUMAN
47.781,23.4375,164686.0,0,HUMAN
47.0733,23.4375,120149.0,0,HUMAN
46.5006,62.5,109728.0,0,HUMAN
46.8475,23.4375,132032.0,5,HUMAN
46.3158,23.4375,111186.0,2,HUMAN
45.618,54.6875,103225.0,0,HUMAN
47.9452,23.4375,158788.0,52,HUMAN
44.791,23.4375,70639.9,3,HUMAN
44.2177,23.4375,71396.6,0,HUMAN
44.8065,23.4375,79563.6,0,HUMAN
44.4357,23.4375,67732.0,0,HUMAN
45.4384,54.6875,86693.0,0,HUMAN
52.311,23.4375,481954.0,142,HUMAN
50.0387,23.4375,270690.0,109,HUMAN
46.1932,23.4375,103874.0,9,HUMAN
52.8256,1289.06,532767.0,225,NON_HUMAN
51.1803,1234.38,351126.0,194,NON_HUMAN
52.1482,1117.19,523192.0,179,NON_HUMAN
45.8001,23.4375,90042.7,0,HUMAN
47.3646,23.4375,147426.0,61,HUMAN
52.4446,1351.56,473977.0,215,NON_HUMAN
46.8292,23.4375,108463.0,26,HUMAN
51.9541,15.625,400081.0,144,HUMAN
53.1639,1468.75,609647.0,234,NON_HUMAN
47.1139,23.4375,131034.0,14,HUMAN
51.9995,1171.88,430792.0,184,NON_HUMAN
43.1632,23.4375,57689.3,0,HUMAN
51.5149,718.75,385070.0,211,NON_HUMAN
44.3749,23.4375,64115.4,0,HUMAN
50.929,1445.31,340904.0,164,NON_HUMAN
45.1911,23.4375,79921.6,0,HUMAN
46.7956,23.4375,105520.0,0,HUMAN
47.5456,23.4375,137361.0,7,HUMAN
44.4752,23.4375,66601.7,0,HUMAN
46.6131,23.4375,117549.0,2,HUMAN
45.0862,23.4375,83832.9,7,HUMAN
44.462,23.4375,68759.6,10,HUMAN
44.8325,54.6875,78531.7,0,HUMAN
50.7548,765.625,310693.0,140,NON_HUMAN
45.8341,23.4375,102412.0,19,HUMAN
45.8038,23.4375,109361.0,12,HUMAN
46.0355,23.4375,104553.0,19,HUMAN
46.5884,23.4375,133401.0,52,HUMAN
46.1703,23.4375,108913.0,38,HUMAN
47.6562,23.4375,139097.0,1,HUMAN
46.4447,62.5,109620.0,13,HUMAN
45.6709,23.4375,91733.1,0,HUMAN
45.9659,23.4375,96553.6,0,HUMAN
45.4661,23.4375,97716.8,0,HUMAN
46.2335,54.6875,107687.0,0,HUMAN
43.7103,23.4375,60582.4,0,HUMAN
44.0079,23.4375,68652.5,0,HUMAN
44.2043,23.4375,64513.1,0,HUMAN
45.8327,23.4375,91596.7,0,HUMAN
45.8378,23.4375,104673.0,8,HUMAN
43.8565,23.4375,60580.9,0,HUMAN
45.3151,62.5,78760.0,0,HUMAN
45.1665,23.4375,80395.3,3,HUMAN
46.3944,23.4375,104101.0,0,HUMAN
44.3488,23.4375,67062.2,0,HUMAN
43.8491,23.4375,58771.6,0,HUMAN
44.5434,23.4375,66141.3,0,HUMAN
45.6192,23.4375,85095.0,0,HUMAN
43.8164,23.4375,60179.5,0,HUMAN
46.2374,23.4375,106321.0,0,HUMAN
46.349,23.4375,118273.0,1,HUMAN
44.9578,23.4375,79559.8,0,HUMAN
45.0993,23.4375,68455.7,0,HUMAN
47.2411,23.4375,126772.0,0,HUMAN
46.7077,23.4375,120218.0,0,HUMAN
43.9794,23.4375,72434.8,0,HUMAN
44.5864,23.4375,72109.8,0,HUMAN
44.128,54.6875,66549.7,0,HUMAN
44.991,23.4375,78138.7,0,HUMAN
44.011,23.4375,65631.1,0,HUMAN
44.1459,23.4375,66551.5,0,HUMAN
44.1023,54.6875,62409.7,0,HUMAN
46.3627,23.4375,102056.0,0,HUMAN
44.9993,23.4375,75107.9,0,HUMAN
44.0827,23.4375,49829.6,0,HUMAN
44.9818,23.4375,71467.7,0,HUMAN
46.8856,23.4375,128473.0,0,HUMAN
43.9396,54.6875,67608.6,0,HUMAN
46.1665,23.4375,98933.4,0,HUMAN
43.9626,23.4375,62892.0,0,HUMAN
45.0535,23.4375,86597.4,0,HUMAN
42.4502,23.4375,40092.3,0,HUMAN
44.5834,23.4375,69183.4,0,HUMAN
45.6149,23.4375,78916.1,0,HUMAN
43.0222,23.4375,52904.8,0,HUMAN
44.3786,23.4375,68346.4,0,HUMAN
43.4596,23.4375,62972.4,0,HUMAN
45.1217,54.6875,79075.4,0,HUMAN
42.0371,23.4375,43242.7,0,HUMAN
46.4845,54.6875,128145.0,0,HUMAN
43.4808,54.6875,58523.2,0,HUMAN
42.9302,23.4375,52259.0,0,HUMAN
44.1416,23.4375,65274.5,0,HUMAN
45.5728,54.6875,83758.4,0,HUMAN
42.6423,23.4375,43492.4,0,HUMAN
45.919,23.4375,101015.0,0,HUMAN
46.7917,23.4375,118509.0,0,HUMAN
44.4154,23.4375,75345.8,0,HUMAN
46.2225,23.4375,93508.2,0,HUMAN
45.9866,23.4375,101086.0,0,HUMAN
44.298,15.625,71581.2,0,HUMAN
46.5666,7.8125,129307.0,0,HUMAN
45.1241,23.4375,80188.6,0,HUMAN
42.0543,23.4375,39815.6,0,HUMAN
42.2018,23.4375,41110.5,0,HUMAN
45.2826,54.6875,82440.8,0,HUMAN
44.9146,23.4375,66926.1,0,HUMAN
68.0824,7.8125,3.1348E7,0,HUMAN
44.3315,23.4375,73578.8,0,HUMAN
45.0467,23.4375,79442.6,0,HUMAN
68.6992,7.8125,3.52906E7,0,HUMAN
44.0754,23.4375,59034.6,0,HUMAN
45.3821,23.4375,82187.4,0,HUMAN
44.8872,23.4375,81417.7,0,HUMAN
44.0883,54.6875,67260.2,0,HUMAN
42.5628,54.6875,49043.3,0,HUMAN
45.0494,23.4375,88003.0,0,HUMAN
44.3154,54.6875,67008.4,0,HUMAN
42.9883,23.4375,55927.4,0,HUMAN
44.2374,23.4375,75525.9,0,HUMAN
45.4253,23.4375,84637.9,0,HUMAN
44.0256,23.4375,68214.4,0,HUMAN
43.4658,23.4375,53923.5,0,HUMAN
68.7656,7.8125,3.59811E7,0,HUMAN
45.8581,46.875,108026.0,0,HUMAN
45.6334,54.6875,98656.1,0,HUMAN
68.5537,7.8125,3.428E7,0,HUMAN
44.7038,23.4375,76307.4,0,HUMAN
43.7323,23.4375,61098.0,0,HUMAN
68.4513,7.8125,3.35409E7,0,HUMAN
43.5949,23.4375,61606.2,0,HUMAN
45.9184,23.4375,90769.6,0,HUMAN
68.2589,7.8125,3.23384E7,0,HUMAN
43.9458,23.4375,64879.6,0,HUMAN
43.6781,54.6875,55872.2,0,HUMAN
68.0948,7.8125,3.12993E7,0,HUMAN
43.6983,23.4375,58406.6,0,HUMAN
68.4549,7.8125,3.37237E7,0,HUMAN
43.6069,23.4375,63149.9,0,HUMAN
43.5853,23.4375,51743.8,0,HUMAN
43.5425,54.6875,56910.7,0,HUMAN
45.3207,23.4375,78176.1,0,HUMAN
49.0324,23.4375,230935.0,0,HUMAN
42.7427,23.4375,49876.6,0,HUMAN
45.3923,23.4375,79811.2,0,HUMAN
42.7914,23.4375,48325.8,0,HUMAN
43.1353,23.4375,55891.8,0,HUMAN
43.7399,23.4375,54654.9,0,HUMAN
44.631,23.4375,69224.2,0,HUMAN
42.0156,23.4375,43904.4,0,HUMAN
44.7017,23.4375,73299.8,0,HUMAN
43.8049,23.4375,62312.8,0,HUMAN
44.7126,54.6875,82346.9,0,HUMAN
67.8714,7.8125,2.97886E7,0,HUMAN
44.8049,54.6875,80840.7,0,HUMAN
44.311,23.4375,66635.7,0,HUMAN
68.4413,7.8125,3.37216E7,0,HUMAN
42.896,23.4375,47624.7,0,HUMAN
45.5934,23.4375,82557.0,0,HUMAN
68.8632,7.8125,3.68213E7,0,HUMAN
44.6586,23.4375,70010.0,0,HUMAN
43.2995,23.4375,58264.3,0,HUMAN
68.4944,7.8125,3.4137E7,0,HUMAN
44.8648,23.4375,74673.2,0,HUMAN
47.2114,23.4375,107322.0,0,HUMAN
43.3914,23.4375,55229.6,0,HUMAN
43.6603,23.4375,58136.4,0,HUMAN
43.2836,23.4375,52400.6,0,HUMAN
44.213,23.4375,67109.4,0,HUMAN
44.1334,23.4375,64960.0,0,HUMAN
42.699,23.4375,45885.2,0,HUMAN
44.5453,54.6875,73976.0,0,HUMAN
45.5902,23.4375,91952.4,0,HUMAN
42.6498,23.4375,52023.9,0,HUMAN
44.6358,23.4375,75083.6,0,HUMAN
44.8924,23.4375,76018.0,0,HUMAN
44.1935,23.4375,56766.4,0,HUMAN
68.9134,7.8125,3.69396E7,0,HUMAN
42.646,23.4375,41398.0,0,HUMAN
68.6211,7.8125,3.48251E7,0,HUMAN
46.6965,23.4375,133486.0,0,HUMAN
43.4944,23.4375,54145.0,0,HUMAN
68.1516,7.8125,3.18164E7,0,HUMAN
43.9289,23.4375,58656.3,0,HUMAN
42.5918,23.4375,46178.3,0,HUMAN
68.643,7.8125,3.51522E7,0,HUMAN
44.0915,23.4375,64017.0,0,HUMAN
68.2048,7.8125,3.20305E7,0,HUMAN
42.8803,62.5,52287.3,0,HUMAN
46.0573,54.6875,95660.1,0,HUMAN
68.6669,7.8125,3.51704E7,0,HUMAN
45.1416,23.4375,81555.0,0,HUMAN
68.2958,7.8125,3.25742E7,0,HUMAN
43.2417,23.4375,52789.3,0,HUMAN
43.7502,23.4375,54895.5,0,HUMAN
43.4432,54.6875,60676.3,0,HUMAN
45.536,62.5,95372.8,0,HUMAN
44.0939,23.4375,76128.7,0,HUMAN
44.8632,46.875,78100.8,1,HUMAN
46.2562,23.4375,123324.0,51,HUMAN
44.0277,23.4375,62974.7,15,HUMAN
43.5209,54.6875,52878.5,1,HUMAN
45.4615,23.4375,86946.4,7,HUMAN
43.9568,23.4375,63194.1,0,HUMAN
46.2107,54.6875,105393.0,9,HUMAN
46.14,23.4375,104421.0,28,HUMAN
45.2184,54.6875,86037.9,4,HUMAN
45.0837,23.4375,79384.0,0,HUMAN
68.1517,7.8125,3.18578E7,0,HUMAN
45.4531,23.4375,86530.2,19,HUMAN
44.8971,23.4375,85014.2,30,HUMAN
46.8521,23.4375,125807.0,40,HUMAN
45.939,23.4375,105694.0,15,HUMAN
44.905,54.6875,68868.1,0,HUMAN
45.5724,23.4375,118513.0,0,HUMAN
45.2543,23.4375,87889.9,0,HUMAN
42.0917,62.5,43946.8,0,HUMAN
43.2496,23.4375,58991.3,0,HUMAN
44.3733,23.4375,71557.4,0,HUMAN
44.0471,23.4375,64524.0,0,HUMAN
44.8338,23.4375,75080.1,0,HUMAN
44.1638,23.4375,66560.7,0,HUMAN
43.6929,23.4375,55836.5,0,HUMAN
68.094,7.8125,3.11286E7,0,HUMAN
43.5678,23.4375,58676.4,0,HUMAN
68.8513,7.8125,3.64924E7,0,HUMAN
43.6668,23.4375,62115.0,0,HUMAN
68.5044,7.8125,3.41311E7,0,HUMAN
44.0307,23.4375,61540.8,0,HUMAN
68.7823,7.8125,3.60168E7,0,HUMAN
47.9203,23.4375,158647.0,60,HUMAN
47.2278,23.4375,136161.0,60,HUMAN
43.7707,70.3125,59398.0,1,HUMAN
45.1064,54.6875,83988.2,19,HUMAN
45.6273,23.4375,82585.1,4,HUMAN
44.8491,54.6875,113378.0,2,HUMAN
47.3733,23.4375,150966.0,24,HUMAN
48.8604,23.4375,203878.0,101,HUMAN
64.1343,1757.81,8863090.0,372,NON_HUMAN
58.0958,765.625,1670490.0,368,NON_HUMAN
68.91,757.812,1.98976E7,475,NON_HUMAN
75.0861,1132.81,8.64987E7,492,NON_HUMAN
70.5484,1320.31,4.05582E7,432,NON_HUMAN
62.2759,750.0,4266920.0,416,NON_HUMAN
47.7316,23.4375,149506.0,80,HUMAN
68.6122,7.8125,3.47586E7,0,HUMAN
44.4954,23.4375,62283.5,0,HUMAN
46.4735,23.4375,116163.0,0,HUMAN
68.3681,7.8125,3.30066E7,0,HUMAN
42.8106,70.3125,51559.2,0,HUMAN
44.9038,23.4375,90734.0,0,HUMAN
44.9183,54.6875,71386.3,0,HUMAN
45.9414,23.4375,95457.0,0,HUMAN
45.5912,23.4375,89365.5,0,HUMAN
40.685,101.562,30758.5,0,HUMAN
42.624,23.4375,50827.7,0,HUMAN
48.0316,23.4375,146424.0,0,HUMAN
44.9631,23.4375,81400.9,0,HUMAN
68.2059,7.8125,3.19662E7,0,HUMAN
44.3007,23.4375,63723.3,0,HUMAN
42.4569,54.6875,48408.4,0,HUMAN
43.5891,23.4375,69550.6,0,HUMAN
45.559,23.4375,86184.7,0,HUMAN
43.7182,23.4375,64351.3,0,HUMAN
45.5006,23.4375,77785.8,0,HUMAN
45.7868,23.4375,97013.6,0,HUMAN
42.2097,70.3125,36651.8,0,HUMAN
43.7967,23.4375,54355.5,0,HUMAN
44.4381,23.4375,64734.5,0,HUMAN
44.9199,54.6875,71237.6,0,HUMAN
45.1547,23.4375,84270.5,0,HUMAN
44.0063,54.6875,60329.4,0,HUMAN
68.3739,7.8125,3.29829E7,0,HUMAN
44.684,23.4375,76521.9,0,HUMAN
43.7413,23.4375,54551.0,0,HUMAN
44.4327,23.4375,73380.4,0,HUMAN
43.4795,23.4375,57222.0,0,HUMAN
44.9702,54.6875,81764.0,0,HUMAN
43.6307,23.4375,57588.4,0,HUMAN
45.1147,23.4375,74007.5,0,HUMAN
45.2053,23.4375,80525.4,0,HUMAN
44.0182,23.4375,62768.2,0,HUMAN
44.7816,23.4375,76935.0,0,HUMAN
44.576,23.4375,76792.0,0,HUMAN
44.8891,54.6875,75585.7,0,HUMAN
43.9157,23.4375,67812.9,0,HUMAN
68.5101,7.8125,3.4118E7,0,HUMAN
46.7796,23.4375,115834.0,0,HUMAN
45.7629,23.4375,100695.0,0,HUMAN
68.2516,7.8125,3.25282E7,0,HUMAN
42.6983,23.4375,51552.0,0,HUMAN
42.6768,23.4375,48670.5,0,HUMAN
45.51,23.4375,94241.4,0,HUMAN
45.8494,54.6875,101515.0,0,HUMAN
43.8908,23.4375,60568.9,0,HUMAN
46.1221,23.4375,108522.0,0,HUMAN
46.3635,23.4375,104101.0,0,HUMAN
46.2017,23.4375,96321.3,0,HUMAN
42.5047,54.6875,49340.1,0,HUMAN
44.1589,54.6875,66652.2,0,HUMAN
46.0639,23.4375,125804.0,0,HUMAN
44.6839,23.4375,65800.9,0,HUMAN
43.1632,23.4375,55968.4,0,HUMAN
45.0194,54.6875,78626.1,0,HUMAN
42.7792,54.6875,50308.4,0,HUMAN
45.1572,15.625,73299.5,0,HUMAN
68.3042,7.8125,3.26311E7,0,HUMAN
46.0119,23.4375,108308.0,0,HUMAN
44.4948,23.4375,72190.1,0,HUMAN
44.3433,23.4375,72952.1,0,HUMAN
44.1152,54.6875,69095.7,0,HUMAN
43.3893,23.4375,55664.8,0,HUMAN
45.2033,54.6875,85044.3,0,HUMAN
44.4836,23.4375,66082.6,0,HUMAN
44.3821,54.6875,69442.5,0,HUMAN
43.2801,23.4375,56980.1,0,HUMAN
43.4649,23.4375,64239.8,0,HUMAN
50.2419,62.5,315271.0,0,HUMAN
46.7762,15.625,106327.0,0,HUMAN
46.1888,23.4375,109281.0,0,HUMAN
46.958,85.9375,129701.0,0,HUMAN
44.0622,54.6875,62607.2,0,HUMAN
44.0614,23.4375,60796.6,0,HUMAN
44.3823,23.4375,72273.4,0,HUMAN
47.0181,54.6875,121419.0,1,HUMAN
42.8688,101.562,46076.7,0,HUMAN
46.9423,23.4375,121262.0,0,HUMAN
43.3105,23.4375,55174.6,0,HUMAN
46.1618,54.6875,100135.0,0,HUMAN
44.5259,23.4375,67981.7,0,HUMAN
45.6719,23.4375,82523.5,0,HUMAN
45.9077,23.4375,97802.8,0,HUMAN
43.8992,70.3125,64650.7,0,HUMAN
43.5728,23.4375,57603.8,0,HUMAN
68.3758,7.8125,3.28977E7,0,HUMAN
43.9627,62.5,59743.5,0,HUMAN
68.1644,7.8125,3.15234E7,1,HUMAN
44.1989,23.4375,66619.7,0,HUMAN
43.4974,23.4375,60863.4,0,HUMAN
46.6376,781.25,110901.0,0,NON_HUMAN
45.4941,23.4375,83933.8,0,HUMAN
44.56,23.4375,71965.0,0,HUMAN
48.0312,703.125,159752.0,20,NON_HUMAN
45.5115,23.4375,91359.6,0,HUMAN
44.0473,23.4375,67646.3,0,HUMAN
45.3882,23.4375,82941.2,0,HUMAN
48.9899,54.6875,203648.0,0,HUMAN
45.2959,15.625,103080.0,0,HUMAN
44.7042,23.4375,79169.4,0,HUMAN
43.4906,23.4375,58224.7,0,HUMAN
43.4957,54.6875,54013.0,0,HUMAN
68.7635,7.8125,3.5952E7,0,HUMAN
45.3929,23.4375,97146.4,0,HUMAN
45.1375,54.6875,108064.0,0,HUMAN
68.3861,7.8125,3.30247E7,0,HUMAN
44.2895,62.5,57857.0,0,HUMAN
44.6345,54.6875,83190.0,0,HUMAN
45.3094,54.6875,75902.0,0,HUMAN
45.0305,70.3125,74060.0,0,HUMAN
42.5666,23.4375,39168.3,0,HUMAN
42.5072,54.6875,44363.1,0,HUMAN
45.9388,23.4375,101343.0,0,HUMAN
45.9222,23.4375,94202.5,0,HUMAN
45.2485,23.4375,90190.6,0,HUMAN
46.5916,23.4375,121080.0,0,HUMAN
44.4317,23.4375,68332.2,0,HUMAN
44.0107,23.4375,57058.3,0,HUMAN
43.4704,23.4375,55146.0,0,HUMAN
42.7989,23.4375,51342.7,0,HUMAN
44.229,54.6875,73227.8,0,HUMAN
42.9838,23.4375,47745.2,0,HUMAN
44.2046,54.6875,66220.6,0,HUMAN
41.3825,23.4375,40094.4,0,HUMAN
44.8121,23.4375,83171.4,0,HUMAN
44.1969,23.4375,69981.2,0,HUMAN
41.9,70.3125,38453.7,0,HUMAN
44.9711,54.6875,80559.8,0,HUMAN
50.4718,46.875,282498.0,0,HUMAN
46.4599,54.6875,115486.0,0,HUMAN
46.4151,54.6875,109420.0,0,HUMAN
44.8368,54.6875,78554.3,0,HUMAN
45.0018,23.4375,87293.8,0,HUMAN
45.6125,62.5,79223.9,0,HUMAN
46.5227,23.4375,97134.2,0,HUMAN
43.9145,23.4375,60247.0,0,HUMAN
44.9755,23.4375,74385.0,0,HUMAN
45.614,54.6875,92253.1,0,HUMAN
44.2116,23.4375,65426.4,0,HUMAN
44.1531,54.6875,68458.2,0,HUMAN
45.9538,23.4375,102985.0,0,HUMAN
44.8967,23.4375,84962.2,0,HUMAN
46.8505,23.4375,114818.0,0,HUMAN
45.4587,62.5,83218.1,0,HUMAN
46.0713,687.5,112155.0,22,NON_HUMAN
44.3411,54.6875,70601.1,0,HUMAN
46.3798,23.4375,111500.0,0,HUMAN
46.1871,23.4375,97265.5,0,HUMAN
45.0969,54.6875,79505.4,0,HUMAN
45.4493,23.4375,90075.4,0,HUMAN
44.1452,23.4375,63311.2,0,HUMAN
44.4873,54.6875,68202.3,0,HUMAN
43.0392,23.4375,52854.3,0,HUMAN
68.1379,7.8125,3.15138E7,0,HUMAN
44.6156,23.4375,79908.1,0,HUMAN
43.0721,54.6875,55972.4,0,HUMAN
44.7166,23.4375,69159.6,0,HUMAN
44.4479,23.4375,74248.4,0,HUMAN
44.8562,23.4375,79137.6,0,HUMAN
45.3907,23.4375,85624.4,0,HUMAN
44.198,23.4375,63587.9,0,HUMAN
42.7863,23.4375,49137.6,0,HUMAN
44.5331,23.4375,76894.0,0,HUMAN
47.096,15.625,129546.0,0,HUMAN
43.7051,15.625,53471.6,0,HUMAN
43.9488,23.4375,61978.7,0,HUMAN
45.5967,23.4375,97557.4,0,HUMAN
44.414,62.5,53157.7,0,HUMAN
44.2685,62.5,63484.1,0,HUMAN
68.6496,7.8125,3.50387E7,0,HUMAN
44.9415,23.4375,73744.3,0,HUMAN
44.6657,23.4375,77338.1,0,HUMAN
68.1911,7.8125,3.20538E7,0,HUMAN
46.9879,23.4375,138708.0,0,HUMAN
43.6784,70.3125,66564.6,0,HUMAN
46.2882,23.4375,115535.0,0,HUMAN
44.9942,54.6875,89216.4,0,HUMAN
44.8899,23.4375,84242.7,0,HUMAN
46.0386,23.4375,99945.1,0,HUMAN
42.138,62.5,43915.2,0,HUMAN
42.2691,62.5,41382.5,0,HUMAN
45.328,23.4375,74913.5,0,HUMAN
43.0173,23.4375,53279.5,0,HUMAN
43.8189,23.4375,57954.7,0,HUMAN
45.087,23.4375,75427.2,0,HUMAN
43.9453,54.6875,61694.5,0,HUMAN
68.6635,7.8125,3.51131E7,0,HUMAN
45.3873,54.6875,89798.0,0,HUMAN
46.0384,54.6875,100720.0,0,HUMAN
68.7247,7.8125,3.55686E7,0,HUMAN
46.2064,54.6875,115319.0,5,HUMAN
44.9149,23.4375,80080.3,0,HUMAN
43.2142,54.6875,57475.1,0,HUMAN
45.137,54.6875,69131.4,0,HUMAN
51.1033,15.625,354789.0,0,HUMAN
46.9477,15.625,128108.0,0,HUMAN
44.1538,23.4375,71824.9,0,HUMAN
44.9288,23.4375,81340.1,0,HUMAN
42.776,101.562,46825.6,0,HUMAN
46.5692,54.6875,105422.0,0,HUMAN
42.0619,23.4375,43435.4,0,HUMAN
44.0013,23.4375,62175.8,0,HUMAN
44.6631,23.4375,71962.9,0,HUMAN
45.938,54.6875,99227.7,0,HUMAN
68.6476,7.8125,3.50765E7,0,HUMAN
44.3201,23.4375,69440.4,0,HUMAN
43.1895,23.4375,55927.7,0,HUMAN
68.1836,7.8125,3.19096E7,0,HUMAN
44.0528,23.4375,57675.2,0,HUMAN
43.6935,70.3125,59109.4,0,HUMAN
43.8433,23.4375,57963.5,0,HUMAN
45.3875,23.4375,93984.2,0,HUMAN
44.0061,54.6875,63712.7,0,HUMAN
44.4152,23.4375,75128.5,0,HUMAN
44.0568,23.4375,67147.8,0,HUMAN
43.8272,23.4375,58207.3,0,HUMAN
43.2783,23.4375,52981.9,0,HUMAN
43.0312,23.4375,52724.7,0,HUMAN
44.4544,54.6875,68352.4,0,HUMAN
43.5938,54.6875,59149.9,0,HUMAN
43.5624,23.4375,58393.0,0,HUMAN
68.7137,7.8125,3.54691E7,0,HUMAN
44.9732,54.6875,84734.4,0,HUMAN
45.2771,23.4375,89464.1,0,HUMAN
68.351,7.8125,3.30122E7,0,HUMAN
44.6506,23.4375,67023.7,0,HUMAN
68.8776,7.8125,3.68986E7,0,HUMAN
44.3266,62.5,68338.3,0,HUMAN
44.9912,62.5,83960.7,0,HUMAN
45.4612,23.4375,92168.5,0,HUMAN
44.4026,54.6875,75867.5,0,HUMAN
44.4785,23.4375,72604.0,0,HUMAN
43.7928,54.6875,61950.4,0,HUMAN
45.4047,23.4375,89708.8,0,HUMAN
44.309,23.4375,69552.5,0,HUMAN
43.8093,23.4375,58253.7,0,HUMAN
42.7113,23.4375,49978.2,0,HUMAN
44.6217,23.4375,70269.5,0,HUMAN
43.0342,23.4375,53914.0,0,HUMAN
43.1559,23.4375,54917.2,0,HUMAN
43.0467,23.4375,48848.4,0,HUMAN
68.0767,7.8125,3.1217E7,0,HUMAN
44.3931,23.4375,69332.5,0,HUMAN
42.1986,23.4375,45940.3,0,HUMAN
42.8444,23.4375,44828.5,0,HUMAN
44.9331,62.5,78758.2,0,HUMAN
43.1418,62.5,50165.4,0,HUMAN
50.4913,742.188,271253.0,108,NON_HUMAN
45.4295,70.3125,92657.9,0,HUMAN
43.2168,23.4375,50390.8,0,HUMAN
44.4269,23.4375,70818.0,0,HUMAN
44.7647,23.4375,77021.9,0,HUMAN
44.936,62.5,74521.3,0,HUMAN
44.4858,54.6875,71374.2,0,HUMAN
47.2218,492.188,130596.0,0,HUMAN
44.5259,23.4375,67928.8,0,HUMAN
44.4229,54.6875,70672.7,0,HUMAN
47.8966,742.188,163517.0,2,NON_HUMAN
43.8365,54.6875,66228.6,0,HUMAN
44.1782,664.062,70219.7,0,HUMAN
44.475,23.4375,65521.1,0,HUMAN
44.9274,1320.31,78774.4,4,NON_HUMAN
47.3151,23.4375,136817.0,48,HUMAN
45.2645,54.6875,85005.0,0,HUMAN
45.6013,23.4375,92943.1,0,HUMAN
46.4731,23.4375,114773.0,8,HUMAN
45.1882,54.6875,77693.4,0,HUMAN
47.5041,742.188,147227.0,6,NON_HUMAN
45.4018,23.4375,91941.9,0,HUMAN
46.168,828.125,98650.1,0,NON_HUMAN
48.3785,750.0,183712.0,47,NON_HUMAN
68.1795,7.8125,3.18854E7,0,HUMAN
45.1389,23.4375,85949.0,0,HUMAN
44.5667,54.6875,83476.1,0,HUMAN
68.3531,7.8125,3.30008E7,0,HUMAN
43.2482,23.4375,66171.3,0,HUMAN
68.1782,7.8125,3.18727E7,0,HUMAN
44.2961,54.6875,77764.5,0,HUMAN
44.3726,54.6875,68171.2,0,HUMAN
49.4075,46.875,205238.0,0,HUMAN
44.4289,23.4375,58909.6,0,HUMAN
44.0618,23.4375,68063.1,0,HUMAN
44.275,54.6875,69350.6,0,HUMAN
43.2505,23.4375,54528.0,0,HUMAN
44.2385,23.4375,70352.4,0,HUMAN
45.6857,54.6875,92363.0,0,HUMAN
44.3574,23.4375,67122.7,0,HUMAN
42.5315,23.4375,45812.0,0,HUMAN
44.1356,54.6875,60985.3,0,HUMAN
42.9253,23.4375,52105.6,0,HUMAN
44.647,23.4375,75418.9,0,HUMAN
68.0226,7.8125,3.07923E7,0,HUMAN
43.9112,54.6875,64848.3,0,HUMAN
45.3922,23.4375,92766.9,0,HUMAN
43.596,23.4375,56485.8,0,HUMAN
45.8977,7.8125,87247.2,0,HUMAN
44.065,54.6875,62404.5,0,HUMAN
45.7465,54.6875,98630.4,0,HUMAN
44.7464,54.6875,69273.1,0,HUMAN
44.9365,62.5,78820.9,0,HUMAN
43.1403,62.5,55290.9,0,HUMAN
46.6686,23.4375,116812.0,0,HUMAN
46.4118,23.4375,112939.0,0,HUMAN
43.0929,23.4375,55053.3,0,HUMAN
45.3965,23.4375,90791.9,0,HUMAN
43.6837,62.5,63278.2,0,HUMAN
43.2373,23.4375,62810.4,0,HUMAN
68.3789,7.8125,3.30897E7,0,HUMAN
47.0986,23.4375,136436.0,0,HUMAN
44.4069,23.4375,77815.1,0,HUMAN
67.9747,7.8125,3.05337E7,0,HUMAN
44.1173,54.6875,72020.6,0,HUMAN
68.7628,7.8125,3.58501E7,0,HUMAN
43.9781,23.4375,63146.5,0,HUMAN
44.6495,23.4375,67610.0,0,HUMAN
44.0752,23.4375,65249.8,0,HUMAN
44.0665,23.4375,68117.3,0,HUMAN
42.6795,62.5,44732.6,0,HUMAN
43.4827,23.4375,56958.2,0,HUMAN
45.889,23.4375,72490.8,0,HUMAN
43.7881,62.5,62323.4,0,HUMAN
43.5904,23.4375,63290.5,0,HUMAN
44.3701,54.6875,70855.2,0,HUMAN
45.9238,23.4375,93510.6,0,HUMAN
45.7081,54.6875,91135.3,0,HUMAN
43.1427,23.4375,45754.6,0,HUMAN
45.439,54.6875,92005.1,0,HUMAN
68.1063,7.8125,3.14971E7,0,HUMAN
42.683,23.4375,54472.6,0,HUMAN
68.3384,7.8125,3.2927E7,0,HUMAN
43.2515,23.4375,56615.1,0,HUMAN
43.736,23.4375,63143.9,0,HUMAN
68.0202,7.8125,3.0819E7,0,HUMAN
43.8155,54.6875,65331.3,0,HUMAN
45.3115,23.4375,98668.8,0,HUMAN
47.5019,54.6875,126775.0,0,HUMAN
45.6159,54.6875,100972.0,0,HUMAN
47.3327,54.6875,140210.0,0,HUMAN
44.2195,15.625,72581.2,0,HUMAN
44.5114,54.6875,69439.8,0,HUMAN
45.2602,23.4375,88547.1,0,HUMAN
44.1133,62.5,62541.3,0,HUMAN
43.5432,23.4375,48628.0,0,HUMAN
44.7004,23.4375,76111.5,0,HUMAN
44.2012,23.4375,70241.2,0,HUMAN
44.3753,23.4375,66887.7,0,HUMAN
44.1516,23.4375,66349.6,0,HUMAN
68.3952,7.8125,3.32102E7,0,HUMAN
44.3296,23.4375,70097.4,0,HUMAN
45.9827,70.3125,98618.4,0,HUMAN
68.4635,7.8125,3.39191E7,0,HUMAN
42.9401,23.4375,54638.0,0,HUMAN
43.276,23.4375,51658.0,0,HUMAN
68.4686,7.8125,3.37314E7,0,HUMAN
43.375,23.4375,60932.9,0,HUMAN
44.7345,62.5,68669.6,0,HUMAN
68.909,7.8125,3.7172E7,0,HUMAN
43.5914,54.6875,61122.8,0,HUMAN
43.9178,23.4375,61448.0,0,HUMAN
43.8649,23.4375,54803.6,0,HUMAN
45.4202,23.4375,88661.8,0,HUMAN
46.8447,54.6875,104457.0,0,HUMAN
43.9903,23.4375,63649.9,0,HUMAN
44.8098,23.4375,75296.6,0,HUMAN
45.5348,23.4375,87763.5,0,HUMAN
44.6784,54.6875,84637.5,0,HUMAN
44.6368,23.4375,68436.0,0,HUMAN
47.0022,54.6875,113304.0,0,HUMAN
43.5901,54.6875,57617.4,0,HUMAN
45.8274,23.4375,94506.0,0,HUMAN
43.1703,23.4375,53229.9,0,HUMAN
42.8781,23.4375,50049.1,0,HUMAN
49.7164,7.8125,210907.0,0,HUMAN
44.8066,54.6875,74467.4,0,HUMAN
43.0627,23.4375,56421.0,0,HUMAN
43.2326,54.6875,58568.9,0,HUMAN
43.4207,23.4375,55108.6,0,HUMAN
43.8,54.6875,57917.5,0,HUMAN
44.0742,23.4375,63348.1,0,HUMAN
43.8494,23.4375,59462.4,0,HUMAN
49.1692,54.6875,182162.0,0,HUMAN
45.2027,23.4375,83665.8,0,HUMAN
44.0902,23.4375,58170.5,0,HUMAN
43.7927,23.4375,66712.8,0,HUMAN
42.8188,23.4375,45133.1,0,HUMAN
44.3195,23.4375,72226.6,0,HUMAN
68.0646,7.8125,3.09024E7,0,HUMAN
44.8272,54.6875,85642.7,0,HUMAN
68.1725,7.8125,3.19294E7,0,HUMAN
43.5254,23.4375,57898.4,0,HUMAN
44.3459,70.3125,64445.3,0,HUMAN
42.7164,23.4375,49410.5,0,HUMAN
43.609,23.4375,55966.9,0,HUMAN
42.2488,23.4375,40599.6,0,HUMAN
44.7625,23.4375,77084.6,0,HUMAN
43.9993,62.5,63012.7,0,HUMAN
42.6265,23.4375,48153.4,0,HUMAN
45.0331,54.6875,80759.8,0,HUMAN
43.5547,23.4375,55272.1,0,HUMAN
43.7525,23.4375,57961.4,0,HUMAN
44.0296,54.6875,62787.7,0,HUMAN
44.6721,54.6875,73533.0,0,HUMAN
41.308,23.4375,32665.7,0,HUMAN
45.1913,23.4375,86804.3,0,HUMAN
43.1137,70.3125,47367.3,0,HUMAN
47.8167,7.8125,164257.0,0,HUMAN
44.6827,54.6875,72066.3,0,HUMAN
43.5991,54.6875,60325.2,0,HUMAN
43.9399,23.4375,58194.4,0,HUMAN
43.5003,23.4375,55355.3,0,HUMAN
41.834,23.4375,38138.8,0,HUMAN
43.4221,23.4375,59916.1,0,HUMAN
44.0128,23.4375,67672.9,0,HUMAN
50.5194,15.625,265956.0,0,HUMAN
43.791,23.4375,56492.7,0,HUMAN
44.6264,54.6875,70230.6,0,HUMAN
44.7457,54.6875,67094.9,0,HUMAN
44.0169,54.6875,60690.9,0,HUMAN
43.2169,23.4375,54061.3,0,HUMAN
43.3423,54.6875,51534.9,0,HUMAN
43.0051,23.4375,51344.4,0,HUMAN
44.2364,23.4375,73297.0,0,HUMAN
45.4347,23.4375,86691.2,0,HUMAN
44.1499,54.6875,59717.3,0,HUMAN
49.1303,15.625,214458.0,0,HUMAN
44.8865,23.4375,80574.6,0,HUMAN
45.7186,23.4375,86390.8,0,HUMAN
44.7048,23.4375,71738.6,0,HUMAN
44.3961,62.5,69646.6,0,HUMAN
47.0433,54.6875,114791.0,0,HUMAN
49.135,23.4375,173975.0,0,HUMAN
44.6693,23.4375,63951.2,0,HUMAN
40.2798,23.4375,26139.6,0,HUMAN
41.2356,54.6875,33910.3,0,HUMAN
43.1196,54.6875,49367.2,0,HUMAN
43.1937,54.6875,49250.0,0,HUMAN
43.9218,23.4375,55754.4,0,HUMAN
45.167,54.6875,74323.8,0,HUMAN
45.6607,62.5,82417.5,3,HUMAN
44.8353,54.6875,69888.0,0,HUMAN
43.8279,62.5,64357.9,0,HUMAN
43.6813,23.4375,60715.2,0,HUMAN
43.8272,23.4375,60640.2,0,HUMAN
43.3899,23.4375,53261.8,0,HUMAN
42.7599,23.4375,45638.6,0,HUMAN
43.1218,23.4375,55655.9,0,HUMAN
42.7886,23.4375,48333.9,0,HUMAN
47.4534,54.6875,142377.0,3,HUMAN
44.6096,23.4375,67733.5,0,HUMAN
43.7656,23.4375,60704.1,0,HUMAN
44.855,54.6875,75491.7,0,HUMAN
45.8815,54.6875,98406.1,0,HUMAN
43.9879,54.6875,69108.9,0,HUMAN
43.2012,23.4375,57088.6,0,HUMAN
42.5641,23.4375,46317.6,0,HUMAN
41.1571,62.5,33240.5,0,HUMAN
43.8191,23.4375,64414.0,0,HUMAN
42.7281,23.4375,41008.3,0,HUMAN
43.6955,62.5,60135.4,0,HUMAN
44.6626,23.4375,70545.2,0,HUMAN
41.8335,23.4375,38537.2,0,HUMAN
43.7693,23.4375,63721.7,0,HUMAN
43.6019,23.4375,55121.5,0,HUMAN
44.4205,62.5,70956.9,0,HUMAN
43.1245,23.4375,55052.8,0,HUMAN
44.1802,23.4375,67776.0,0,HUMAN
43.9637,23.4375,61619.2,0,HUMAN
43.4019,23.4375,55223.2,0,HUMAN
43.9887,54.6875,71267.2,0,HUMAN
43.0964,23.4375,56413.9,0,HUMAN
42.1378,23.4375,49866.3,0,HUMAN
43.9132,23.4375,65222.9,0,HUMAN
44.6474,70.3125,68990.1,0,HUMAN
43.5855,23.4375,57666.4,0,HUMAN
42.5493,70.3125,49331.4,0,HUMAN
43.7496,23.4375,56265.1,0,HUMAN
43.8517,23.4375,63427.0,0,HUMAN
41.6883,23.4375,38839.1,0,HUMAN
42.3615,23.4375,40924.8,0,HUMAN
41.7058,23.4375,36752.4,0,HUMAN
44.134,54.6875,60737.6,0,HUMAN
42.4212,23.4375,44982.1,0,HUMAN
44.0111,23.4375,60005.6,0,HUMAN
42.1315,23.4375,39206.2,0,HUMAN
44.5916,54.6875,73609.3,0,HUMAN
44.1962,54.6875,64514.3,0,HUMAN
43.958,23.4375,57453.2,0,HUMAN
43.9569,23.4375,64183.6,0,HUMAN
45.392,23.4375,80073.0,0,HUMAN
44.9926,7.8125,84123.0,0,HUMAN
43.4048,70.3125,60343.2,0,HUMAN
42.8147,70.3125,53247.0,0,HUMAN
43.5495,70.3125,60737.5,0,HUMAN
43.8069,23.4375,62600.4,0,HUMAN
43.9867,23.4375,56650.3,0,HUMAN
43.5197,23.4375,61873.4,0,HUMAN
44.3119,54.6875,67375.0,0,HUMAN
43.8132,23.4375,64979.0,0,HUMAN
43.8585,54.6875,63985.9,0,HUMAN
43.1103,54.6875,49589.9,0,HUMAN
43.0335,23.4375,58965.4,0,HUMAN
43.8318,23.4375,69758.7,0,HUMAN
44.3288,23.4375,66386.1,1,HUMAN
42.7848,54.6875,55351.4,0,HUMAN
43.342,54.6875,61467.9,0,HUMAN
42.1889,23.4375,42034.4,0,HUMAN
41.67,70.3125,33905.0,0,HUMAN
43.419,62.5,59843.4,0,HUMAN
43.4778,23.4375,55936.4,0,HUMAN
43.4852,23.4375,54656.8,0,HUMAN
44.1311,23.4375,65137.2,0,HUMAN
43.8255,62.5,60639.4,0,HUMAN
42.1252,23.4375,42627.9,0,HUMAN
43.1578,54.6875,54281.1,0,HUMAN
43.0756,54.6875,50642.6,0,HUMAN
43.4654,54.6875,53590.1,0,HUMAN
40.578,23.4375,29861.9,0,HUMAN
40.9815,23.4375,31663.8,0,HUMAN
44.5679,23.4375,63913.1,0,HUMAN
43.0638,23.4375,54176.0,0,HUMAN
44.0512,23.4375,61083.4,0,HUMAN
44.1267,23.4375,56099.5,0,HUMAN
45.4168,23.4375,82766.1,0,HUMAN
44.5255,54.6875,73458.7,0,HUMAN
42.2169,23.4375,42584.5,0,HUMAN
44.7855,23.4375,77952.7,0,HUMAN
43.3686,70.3125,61015.7,0,HUMAN
43.4853,23.4375,55610.2,0,HUMAN
42.3861,23.4375,44480.3,0,HUMAN
43.7271,54.6875,61228.7,0,HUMAN
42.265,54.6875,46626.2,0,HUMAN
44.8006,54.6875,75555.1,0,HUMAN
43.6212,23.4375,57676.9,0,HUMAN
44.8414,54.6875,76824.0,0,HUMAN
44.3494,54.6875,77066.2,0,HUMAN
45.5919,23.4375,99152.1,0,HUMAN
42.9615,54.6875,49038.7,0,HUMAN
42.0186,54.6875,44090.4,0,HUMAN
44.7896,54.6875,74499.7,0,HUMAN
42.8317,62.5,54157.7,0,HUMAN
42.8955,23.4375,43211.9,0,HUMAN
43.3487,54.6875,53310.8,0,HUMAN
42.7345,23.4375,48181.1,0,HUMAN
42.6064,23.4375,45019.9,0,HUMAN
68.1683,7.8125,3.18002E7,0,HUMAN
42.6739,23.4375,44480.9,0,HUMAN
68.5755,7.8125,3.46633E7,0,HUMAN
43.0047,23.4375,45632.6,0,HUMAN
41.6445,70.3125,33106.8,0,HUMAN
68.1177,7.8125,3.14887E7,0,HUMAN
44.858,23.4375,78502.6,0,HUMAN
44.2666,23.4375,64667.8,0,HUMAN
68.1421,7.8125,3.17642E7,0,HUMAN
43.5821,23.4375,62526.2,0,HUMAN
44.6579,54.6875,70265.3,0,HUMAN
68.1119,7.8125,3.16215E7,0,HUMAN
45.5508,54.6875,81814.4,0,HUMAN
68.9176,7.8125,3.703E7,0,HUMAN
40.687,23.4375,30275.4,0,HUMAN
43.4686,23.4375,56811.4,0,HUMAN
68.3725,7.8125,3.31452E7,0,HUMAN
43.5006,46.875,54098.2,0,HUMAN
42.1824,23.4375,44242.4,0,HUMAN
68.2278,7.8125,3.2233E7,0,HUMAN
44.0227,23.4375,63414.3,0,HUMAN
44.6006,54.6875,77882.5,0,HUMAN
41.6219,23.4375,36368.8,0,HUMAN
42.5589,70.3125,50149.5,0,HUMAN
44.1397,54.6875,64807.8,0,HUMAN
43.7172,54.6875,53407.3,0,HUMAN
43.2552,62.5,41747.3,0,HUMAN
44.967,23.4375,87254.9,0,HUMAN
45.4202,62.5,86331.2,0,HUMAN
43.6526,62.5,54207.4,0,HUMAN
43.3435,23.4375,56962.4,0,HUMAN
44.3152,70.3125,76224.3,0,HUMAN
45.0531,54.6875,74890.1,0,HUMAN
43.2347,23.4375,54700.5,0,HUMAN
44.806,23.4375,75193.3,0,HUMAN
43.0435,23.4375,51728.2,0,HUMAN
42.0065,23.4375,40220.4,0,HUMAN
68.5737,7.8125,3.45023E7,0,HUMAN
44.9704,46.875,82012.5,0,HUMAN
42.3536,62.5,44248.1,0,HUMAN
42.3305,70.3125,44240.8,0,HUMAN
68.4908,7.8125,3.40609E7,0,HUMAN
43.4141,23.4375,47431.6,0,HUMAN
42.9868,70.3125,49114.7,0,HUMAN
68.4592,7.8125,3.36845E7,0,HUMAN
42.9476,62.5,54901.1,0,HUMAN
68.4051,7.8125,3.34429E7,0,HUMAN
42.5059,23.4375,45724.2,0,HUMAN
42.7967,23.4375,44781.9,0,HUMAN
42.4074,23.4375,43061.1,0,HUMAN
42.7925,23.4375,43119.1,0,HUMAN
43.3107,54.6875,64256.8,0,HUMAN
42.0296,23.4375,41117.4,0,HUMAN
41.9429,23.4375,43851.5,0,HUMAN
44.2095,54.6875,64009.1,0,HUMAN
42.1627,62.5,42816.4,0,HUMAN
44.3836,70.3125,69828.6,0,HUMAN
43.1924,62.5,40911.6,0,HUMAN
43.8772,62.5,63861.0,0,HUMAN
43.7797,62.5,62837.7,0,HUMAN
68.2623,7.8125,3.24721E7,0,HUMAN
43.7452,62.5,60931.6,0,HUMAN
45.2309,54.6875,81009.8,0,HUMAN
68.6252,7.8125,3.50894E7,0,HUMAN
44.6269,70.3125,76290.2,0,HUMAN
68.3947,7.8125,3.33019E7,0,HUMAN
44.1404,54.6875,66249.8,0,HUMAN
48.7386,23.4375,214357.0,0,HUMAN
44.5323,54.6875,72456.0,0,HUMAN
44.3991,70.3125,76539.2,0,HUMAN
45.6852,54.6875,96460.1,0,HUMAN
44.8216,70.3125,71973.0,0,HUMAN
43.1942,62.5,58408.7,0,HUMAN
45.0578,23.4375,85417.4,0,HUMAN
44.6605,23.4375,74777.6,0,HUMAN
43.833,54.6875,58383.6,0,HUMAN
43.3818,23.4375,55841.4,0,HUMAN
42.9425,70.3125,54878.0,0,HUMAN
43.694,23.4375,59639.6,0,HUMAN
46.8404,70.3125,134428.0,0,HUMAN
45.0194,70.3125,85918.1,0,HUMAN
44.2413,23.4375,67867.2,0,HUMAN
68.7323,7.8125,3.55634E7,0,HUMAN
44.6162,46.875,78542.9,0,HUMAN
46.4027,62.5,115799.0,0,HUMAN
68.2824,7.8125,3.25197E7,0,HUMAN
45.5477,23.4375,88607.5,0,HUMAN
42.2906,23.4375,43904.2,0,HUMAN
44.0403,54.6875,61505.6,0,HUMAN
43.1324,54.6875,53760.3,0,HUMAN
51.5636,23.4375,351681.0,49,HUMAN
44.6816,23.4375,76827.3,0,HUMAN
48.8005,23.4375,186348.0,0,HUMAN
51.9244,335.938,430906.0,2,HUMAN
44.8423,70.3125,76982.0,0,HUMAN
43.7569,62.5,57061.7,0,HUMAN
45.9956,62.5,101189.0,0,HUMAN
44.686,54.6875,68336.6,0,HUMAN
43.614,62.5,57669.1,0,HUMAN
43.6136,23.4375,58399.4,0,HUMAN
68.207,7.8125,3.20222E7,0,HUMAN
41.7073,23.4375,38177.5,0,HUMAN
42.4865,62.5,41424.1,0,HUMAN
68.5287,7.8125,3.42525E7,0,HUMAN
45.7553,54.6875,88397.8,0,HUMAN
43.6227,23.4375,53095.3,0,HUMAN
68.3072,7.8125,3.27205E7,0,HUMAN
44.0619,54.6875,57562.5,0,HUMAN
47.3585,23.4375,138463.0,0,HUMAN
67.9725,7.8125,3.06078E7,0,HUMAN
43.5927,70.3125,62068.9,0,HUMAN
44.3586,70.3125,72302.0,0,HUMAN
68.5977,7.8125,3.48888E7,0,HUMAN
43.6661,70.3125,61936.6,0,HUMAN
45.4435,54.6875,86825.5,0,HUMAN
44.1351,54.6875,62095.7,0,HUMAN
45.4574,54.6875,83511.9,0,HUMAN
43.9869,54.6875,59171.0,0,HUMAN
41.8911,23.4375,43931.5,0,HUMAN
42.9623,23.4375,48656.7,0,HUMAN
42.2102,23.4375,38486.2,0,HUMAN
43.451,23.4375,56552.6,0,HUMAN
44.5247,23.4375,80932.7,0,HUMAN
46.941,23.4375,116719.0,0,HUMAN
44.2845,23.4375,72060.9,0,HUMAN
43.8753,23.4375,65537.4,0,HUMAN
68.2201,7.8125,3.23415E7,0,HUMAN
45.2253,54.6875,77011.9,0,HUMAN
45.3541,54.6875,81595.2,0,HUMAN
68.8316,7.8125,3.64214E7,0,HUMAN
41.0734,23.4375,30329.8,0,HUMAN
43.8021,23.4375,58993.7,0,HUMAN
68.2096,7.8125,3.18505E7,0,HUMAN
41.6297,23.4375,41216.5,0,HUMAN
41.2147,23.4375,34782.5,0,HUMAN
46.51,54.6875,110093.0,0,HUMAN
42.3498,23.4375,39506.9,0,HUMAN
44.4994,54.6875,68133.7,0,HUMAN
44.2378,54.6875,69467.9,0,HUMAN
42.9752,23.4375,48328.7,0,HUMAN
42.7467,23.4375,43889.5,0,HUMAN
44.1223,54.6875,77211.0,0,HUMAN
44.0357,23.4375,61460.9,0,HUMAN
45.0393,23.4375,74533.5,0,HUMAN
43.8248,70.3125,64823.2,0,HUMAN
46.5974,54.6875,116720.0,0,HUMAN
43.2147,70.3125,55407.8,0,HUMAN
43.224,23.4375,52239.1,0,HUMAN
44.7249,70.3125,74297.9,0,HUMAN
43.0102,23.4375,49067.3,0,HUMAN
43.8406,23.4375,61729.0,0,HUMAN
44.7744,70.3125,74522.8,0,HUMAN
44.1427,54.6875,74741.5,0,HUMAN
43.2504,23.4375,50117.5,0,HUMAN
43.0782,54.6875,48658.5,0,HUMAN
45.1124,54.6875,80165.9,0,HUMAN
43.175,54.6875,58445.1,0,HUMAN
68.0602,7.8125,3.13177E7,0,HUMAN
47.0067,70.3125,131601.0,0,HUMAN
45.8611,23.4375,98510.8,0,HUMAN
42.3492,62.5,43883.8,0,HUMAN
68.4475,7.8125,3.34151E7,0,HUMAN
43.1466,23.4375,48895.3,0,HUMAN
44.1089,54.6875,61260.3,0,HUMAN
68.7184,7.8125,3.5583E7,0,HUMAN
43.2595,54.6875,51519.6,0,HUMAN
43.0794,23.4375,53365.8,0,HUMAN
68.4307,7.8125,3.37171E7,0,HUMAN
43.2962,23.4375,54450.6,0,HUMAN
44.669,23.4375,74203.2,0,HUMAN
68.6494,7.8125,3.52494E7,0,HUMAN
42.9731,54.6875,49731.6,0,HUMAN
42.8714,23.4375,53595.4,0,HUMAN
68.5527,7.8125,3.4373E7,0,HUMAN
43.7345,23.4375,60106.6,0,HUMAN
44.3158,23.4375,62238.8,0,HUMAN
68.3263,7.8125,3.30571E7,0,HUMAN
46.008,23.4375,104675.0,10,HUMAN
43.2476,54.6875,50308.8,0,HUMAN
44.6553,54.6875,79948.1,0,HUMAN
44.6865,23.4375,75811.1,0,HUMAN
42.1974,23.4375,43620.4,0,HUMAN
43.2226,23.4375,48183.1,0,HUMAN
45.8852,62.5,107064.0,0,HUMAN
43.2475,70.3125,53142.6,0,HUMAN
41.9339,23.4375,50888.7,0,HUMAN
43.5713,23.4375,59881.3,0,HUMAN
45.3658,54.6875,88283.9,0,HUMAN
42.7712,70.3125,44489.8,0,HUMAN
44.0742,23.4375,65698.6,0,HUMAN
42.9875,54.6875,51571.9,0,HUMAN
43.5523,70.3125,55289.8,0,HUMAN
67.9683,7.8125,3.07127E7,0,HUMAN
42.966,23.4375,54191.5,0,HUMAN
42.935,23.4375,51579.8,0,HUMAN
43.7539,23.4375,64007.3,0,HUMAN
45.2833,54.6875,72511.2,0,HUMAN
48.0169,54.6875,191187.0,0,HUMAN
44.0785,62.5,57940.1,0,HUMAN
47.7698,70.3125,179065.0,0,HUMAN
44.6516,62.5,85952.1,0,HUMAN
44.0571,23.4375,72038.6,0,HUMAN
41.7577,23.4375,39011.1,0,HUMAN
43.2285,23.4375,51523.1,0,HUMAN
42.5542,46.875,46708.4,0,HUMAN
43.5703,23.4375,60325.4,0,HUMAN
43.2751,23.4375,54588.1,0,HUMAN
67.9939,7.8125,3.08007E7,0,HUMAN
43.168,23.4375,53316.5,0,HUMAN
44.6416,54.6875,73565.8,0,HUMAN
43.8644,54.6875,63287.3,0,HUMAN
42.4244,23.4375,42488.8,0,HUMAN
43.8739,23.4375,60205.9,0,HUMAN
44.6729,54.6875,71154.8,0,HUMAN
44.538,54.6875,76791.4,0,HUMAN
43.7501,70.3125,57932.6,0,HUMAN
45.1171,23.4375,77298.7,0,HUMAN
42.7189,23.4375,46718.4,0,HUMAN
44.3179,23.4375,70950.9,0,HUMAN
44.3512,62.5,68693.2,0,HUMAN
43.8894,54.6875,63041.5,0,HUMAN
45.3831,54.6875,82069.4,0,HUMAN
67.8818,7.8125,2.99277E7,0,HUMAN
43.3491,54.6875,58129.4,0,HUMAN
44.9877,23.4375,78744.0,0,HUMAN
68.3694,7.8125,3.30345E7,0,HUMAN
43.6336,62.5,62315.6,0,HUMAN
44.6062,54.6875,72744.7,0,HUMAN
68.2366,7.8125,3.22711E7,0,HUMAN
43.5348,23.4375,56368.6,0,HUMAN
44.139,70.3125,62481.9,0,HUMAN
43.3797,54.6875,58970.4,0,HUMAN
41.4762,23.4375,38913.1,0,HUMAN
44.0264,23.4375,65783.2,0,HUMAN
43.2542,23.4375,50557.3,0,HUMAN
43.5383,23.4375,61038.3,0,HUMAN
43.8139,23.4375,57960.8,0,HUMAN
44.1567,54.6875,56582.2,0,HUMAN
43.8648,54.6875,63648.0,0,HUMAN
42.658,23.4375,46291.4,0,HUMAN
43.6597,23.4375,58262.0,0,HUMAN
43.0403,23.4375,54150.2,0,HUMAN
68.4616,7.8125,3.38689E7,0,HUMAN
44.4371,54.6875,71141.2,0,HUMAN
43.2189,23.4375,50155.3,0,HUMAN
68.5731,7.8125,3.47001E7,0,HUMAN
42.7369,23.4375,57147.6,0,HUMAN
43.7729,23.4375,59517.9,0,HUMAN
68.8103,7.8125,3.62571E7,0,HUMAN
43.97,54.6875,70291.3,0,HUMAN
43.7843,70.3125,59742.7,0,HUMAN
45.5835,54.6875,82256.1,1,HUMAN
45.5018,54.6875,88557.4,0,HUMAN
44.574,54.6875,90521.2,0,HUMAN
44.4427,54.6875,68038.3,0,HUMAN
42.7438,54.6875,46979.1,0,HUMAN
45.3326,54.6875,86967.8,0,HUMAN
44.6381,23.4375,75657.2,0,HUMAN
43.4516,54.6875,54896.2,0,HUMAN
42.1429,15.625,37949.1,0,HUMAN
44.2306,15.625,73734.0,0,HUMAN
42.995,23.4375,48714.7,0,HUMAN
43.2394,70.3125,58761.8,0,HUMAN
43.1517,54.6875,52720.6,0,HUMAN
43.7665,62.5,58501.7,0,HUMAN
43.2114,54.6875,49924.7,0,HUMAN
43.1978,23.4375,48234.8,0,HUMAN
44.7563,23.4375,76643.2,0,HUMAN
44.2029,54.6875,63063.2,0,HUMAN
41.933,23.4375,40037.6,0,HUMAN
42.927,23.4375,52684.2,0,HUMAN
43.0924,23.4375,51095.1,0,HUMAN
44.2278,54.6875,67675.3,0,HUMAN
42.6333,62.5,43949.1,0,HUMAN
44.6911,54.6875,69367.5,0,HUMAN
43.1474,23.4375,52632.9,0,HUMAN
43.9773,70.3125,63550.4,0,HUMAN
43.2844,54.6875,54938.8,0,HUMAN
45.5402,15.625,103310.0,0,HUMAN
44.7489,54.6875,70278.2,0,HUMAN
42.9093,54.6875,52165.1,0,HUMAN
44.0308,54.6875,60411.4,0,HUMAN
42.2523,23.4375,40612.8,0,HUMAN
45.1822,15.625,95409.1,0,HUMAN
44.5293,54.6875,69808.9,0,HUMAN
43.0995,23.4375,52238.2,0,HUMAN
45.8176,23.4375,84381.3,0,HUMAN
43.927,54.6875,55110.3,0,HUMAN
42.065,23.4375,40476.1,0,HUMAN
44.2032,23.4375,71855.4,0,HUMAN
43.9356,23.4375,59099.0,0,HUMAN
43.665,23.4375,62274.7,0,HUMAN
42.3968,23.4375,40418.7,0,HUMAN
43.3871,23.4375,51682.2,0,HUMAN
45.9807,54.6875,106798.0,0,HUMAN
43.0588,23.4375,58847.8,0,HUMAN
44.4348,70.3125,68952.5,0,HUMAN
47.9673,15.625,149149.0,0,HUMAN
52.889,15.625,430605.0,0,HUMAN
44.8688,23.4375,70314.7,0,HUMAN
43.5431,54.6875,52032.0,0,HUMAN
42.7285,54.6875,46877.1,0,HUMAN
44.9043,54.6875,60413.9,0,HUMAN
43.7815,46.875,59679.1,0,HUMAN
42.7916,23.4375,46596.9,0,HUMAN
45.2058,23.4375,85960.9,0,HUMAN
43.6682,23.4375,67478.8,0,HUMAN
41.3189,23.4375,31345.7,0,HUMAN
43.4568,70.3125,58626.1,0,HUMAN
44.5034,54.6875,65915.3,0,HUMAN
42.9794,70.3125,50849.9,0,HUMAN
43.9356,23.4375,58835.7,0,HUMAN
43.2194,23.4375,50961.3,0,HUMAN
44.5211,23.4375,68246.9,0,HUMAN
43.7463,23.4375,62671.2,0,HUMAN
41.9448,23.4375,39150.3,0,HUMAN
45.0098,23.4375,79657.0,0,HUMAN
43.1768,54.6875,47913.2,0,HUMAN
43.2308,23.4375,51155.1,0,HUMAN
43.3525,54.6875,49564.8,0,HUMAN
42.1384,54.6875,41614.3,0,HUMAN
43.8985,62.5,60474.8,0,HUMAN
41.9603,23.4375,38271.2,0,HUMAN
42.4298,23.4375,45597.5,0,HUMAN
47.1431,15.625,126413.0,0,HUMAN
44.7132,54.6875,83039.1,0,HUMAN
45.6951,23.4375,99306.8,0,HUMAN
43.4502,70.3125,51097.0,0,HUMAN
43.8832,54.6875,58366.0,0,HUMAN
43.746,23.4375,62920.3,0,HUMAN
45.3717,54.6875,91581.2,0,HUMAN
42.5894,23.4375,41378.7,0,HUMAN
45.1649,70.3125,93206.2,0,HUMAN
43.0289,23.4375,58718.2,0,HUMAN
43.1466,23.4375,51219.6,0,HUMAN
44.6303,62.5,63260.9,0,HUMAN
45.3841,23.4375,91636.8,0,HUMAN
47.9875,15.625,159204.0,0,HUMAN
44.2693,54.6875,61672.7,0,HUMAN
41.6455,23.4375,34291.7,0,HUMAN
43.187,23.4375,53250.9,0,HUMAN
43.6408,70.3125,58588.2,0,HUMAN
42.648,54.6875,47451.9,0,HUMAN
47.7072,46.875,112107.0,0,HUMAN
43.1855,62.5,52373.7,0,HUMAN
44.0404,54.6875,70450.4,0,HUMAN
42.3666,70.3125,42159.1,0,HUMAN
43.8997,54.6875,65231.4,0,HUMAN
44.1035,54.6875,66603.5,0,HUMAN
43.507,23.4375,54192.8,0,HUMAN
44.2797,54.6875,69612.8,0,HUMAN
43.5803,62.5,58402.2,0,HUMAN
43.6003,54.6875,62187.2,0,HUMAN
43.1372,23.4375,50293.5,0,HUMAN
44.5098,62.5,68478.2,0,HUMAN
42.5337,23.4375,43014.4,0,HUMAN
42.173,23.4375,44494.2,0,HUMAN
41.7255,23.4375,39443.5,0,HUMAN
42.6338,62.5,54781.0,0,HUMAN
45.0422,54.6875,75154.8,0,HUMAN
44.7228,54.6875,72199.1,0,HUMAN
42.9273,54.6875,46929.9,0,HUMAN
40.7949,23.4375,28817.9,0,HUMAN
47.9341,15.625,169127.0,0,HUMAN
43.1077,70.3125,49459.3,0,HUMAN
42.123,23.4375,35533.6,0,HUMAN
44.2783,70.3125,65902.1,0,HUMAN
42.1228,70.3125,44823.0,0,HUMAN
44.8627,23.4375,81984.9,0,HUMAN
42.481,62.5,48312.8,0,HUMAN
42.5001,62.5,44383.5,0,HUMAN
42.7988,23.4375,51572.6,0,HUMAN
44.1535,62.5,63334.6,0,HUMAN
43.6853,23.4375,66406.5,0,HUMAN
41.2814,62.5,34710.0,0,HUMAN
43.5794,62.5,57654.3,0,HUMAN
44.5874,54.6875,82686.1,0,HUMAN
42.1569,54.6875,40840.9,0,HUMAN
48.2267,23.4375,180755.0,0,HUMAN
49.8117,23.4375,243807.0,0,HUMAN
42.7467,23.4375,47030.7,0,HUMAN
41.7869,70.3125,40885.8,0,HUMAN
44.6547,23.4375,77974.6,0,HUMAN
46.8522,23.4375,134439.0,0,HUMAN
43.9701,23.4375,63746.4,0,HUMAN
42.4086,62.5,43594.2,0,HUMAN
44.8662,23.4375,77898.3,0,HUMAN
45.1648,23.4375,78679.5,0,HUMAN
45.6155,23.4375,89282.5,0,HUMAN
42.9156,23.4375,51674.4,0,HUMAN
41.8595,62.5,38706.2,0,HUMAN
44.8514,23.4375,76907.9,0,HUMAN
43.4642,23.4375,59787.2,0,HUMAN
46.2996,46.875,105045.0,0,HUMAN
43.0472,23.4375,53958.9,0,HUMAN
42.4405,23.4375,43146.9,0,HUMAN
42.8994,62.5,48445.4,0,HUMAN
44.7483,54.6875,76016.7,0,HUMAN
45.6797,54.6875,85490.5,0,HUMAN
44.7237,54.6875,69221.9,0,HUMAN
45.0601,789.062,87192.4,0,NON_HUMAN
42.4502,70.3125,46104.9,0,HUMAN
44.6947,54.6875,69409.3,0,HUMAN
43.3042,54.6875,56886.5,0,HUMAN
44.4257,54.6875,68486.6,0,HUMAN
43.9115,54.6875,58000.7,0,HUMAN
45.1807,15.625,89299.4,0,HUMAN
43.9723,54.6875,62939.0,0,HUMAN
44.0716,54.6875,68825.4,0,HUMAN
68.0849,7.8125,3.1235E7,0,HUMAN
42.6319,23.4375,49290.2,0,HUMAN
42.638,54.6875,46703.3,0,HUMAN
67.9482,7.8125,3.0473E7,0,HUMAN
42.6043,54.6875,52369.7,0,HUMAN
42.0015,23.4375,41227.8,0,HUMAN
68.2833,7.8125,3.25814E7,0,HUMAN
43.8861,54.6875,61634.8,0,HUMAN
45.0081,70.3125,104445.0,0,HUMAN
42.1264,62.5,41120.8,0,HUMAN
42.4556,62.5,42260.1,0,HUMAN
42.0885,23.4375,35164.6,0,HUMAN
42.9193,23.4375,52288.0,0,HUMAN
43.29,23.4375,51368.0,0,HUMAN
42.3143,23.4375,47461.7,0,HUMAN
43.7133,23.4375,58468.0,0,HUMAN
46.8186,70.3125,182037.0,0,HUMAN
44.426,54.6875,79468.5,0,HUMAN
43.7608,23.4375,59905.9,0,HUMAN
45.0672,54.6875,73031.4,0,HUMAN
43.07,70.3125,51309.0,0,HUMAN
45.0273,54.6875,77982.1,1,HUMAN
45.0261,54.6875,77684.2,0,HUMAN
42.6819,54.6875,44860.9,0,HUMAN
43.9596,62.5,55617.7,0,HUMAN
42.6008,62.5,47382.2,0,HUMAN
44.428,54.6875,66634.6,0,HUMAN
45.929,54.6875,95433.2,0,HUMAN
43.7122,54.6875,56971.1,0,HUMAN
43.128,23.4375,49356.1,0,HUMAN
42.9429,23.4375,56036.6,0,HUMAN
45.7311,54.6875,94207.2,0,HUMAN
46.7218,70.3125,106481.0,0,HUMAN
41.4427,70.3125,39587.8,0,HUMAN
44.1652,54.6875,72593.2,0,HUMAN
44.2346,54.6875,61997.1,0,HUMAN
42.2238,101.562,42214.1,0,HUMAN
45.1305,54.6875,83675.2,0,HUMAN
44.4939,54.6875,75089.5,0,HUMAN
42.1998,70.3125,39967.6,0,HUMAN
43.183,62.5,57709.2,0,HUMAN
41.8636,23.4375,40155.6,0,HUMAN
43.3237,62.5,62826.7,0,HUMAN
42.7537,23.4375,53678.0,0,HUMAN
47.7384,7.8125,180924.0,0,HUMAN
44.2305,54.6875,65350.8,0,HUMAN
43.6905,54.6875,51185.8,0,HUMAN
44.6466,62.5,74716.4,0,HUMAN
43.9598,62.5,58911.8,0,HUMAN
45.3085,54.6875,96390.0,0,HUMAN
43.0059,54.6875,50715.0,0,HUMAN
42.9882,23.4375,50331.2,0,HUMAN
44.0468,62.5,67024.3,0,HUMAN
43.9145,54.6875,68812.2,0,HUMAN
43.0963,23.4375,54845.4,0,HUMAN
42.29,23.4375,45173.7,0,HUMAN
44.1638,54.6875,70675.0,0,HUMAN
43.4666,54.6875,54225.3,0,HUMAN
45.6315,15.625,80944.1,0,HUMAN
44.7187,54.6875,74803.9,0,HUMAN
44.0671,70.3125,63062.9,0,HUMAN
43.2549,54.6875,56757.7,0,HUMAN
42.836,23.4375,51221.5,0,HUMAN
45.3393,54.6875,84212.6,0,HUMAN
44.4604,54.6875,70819.9,0,HUMAN
45.6654,7.8125,75599.1,0,HUMAN
43.3819,54.6875,52689.2,0,HUMAN
42.9543,70.3125,51744.8,0,HUMAN
45.8473,54.6875,94485.7,0,HUMAN
49.6111,23.4375,208535.0,0,HUMAN
43.1582,23.4375,49012.6,0,HUMAN
46.8121,62.5,122359.0,0,HUMAN
46.4293,7.8125,140776.0,0,HUMAN
44.135,54.6875,64698.2,0,HUMAN
44.8293,54.6875,81915.3,0,HUMAN
43.8541,23.4375,69140.8,0,HUMAN
42.4557,54.6875,45026.8,0,HUMAN
44.304,15.625,61715.8,0,HUMAN
44.3251,54.6875,66847.4,0,HUMAN
44.0681,54.6875,59398.5,0,HUMAN
47.4557,70.3125,147662.0,0,HUMAN
45.6536,23.4375,98150.2,0,HUMAN
46.8261,23.4375,122166.0,0,HUMAN
44.6781,62.5,73101.3,0,HUMAN
43.788,54.6875,72090.1,0,HUMAN
43.7758,23.4375,59879.5,0,HUMAN
43.9619,70.3125,62316.0,0,HUMAN
44.287,23.4375,68314.7,0,HUMAN
43.7192,23.4375,70005.9,0,HUMAN
44.7215,54.6875,75044.7,0,HUMAN
44.4563,23.4375,74351.1,0,HUMAN
47.669,54.6875,156328.0,0,HUMAN
43.3295,54.6875,55233.0,0,HUMAN
43.6031,23.4375,52164.0,0,HUMAN
42.3345,70.3125,39271.6,0,HUMAN
46.0555,62.5,93316.8,0,HUMAN
44.1095,23.4375,61807.3,0,HUMAN
42.0806,23.4375,40946.5,0,HUMAN
42.9207,70.3125,45634.9,0,HUMAN
43.3245,23.4375,57364.9,0,HUMAN
43.1531,70.3125,50117.9,0,HUMAN
48.0692,23.4375,145310.0,0,HUMAN
45.1532,54.6875,73395.7,0,HUMAN
45.5579,70.3125,93480.2,0,HUMAN
44.0993,23.4375,60977.7,0,HUMAN
46.8916,39.0625,140854.0,0,HUMAN
45.5439,23.4375,96670.5,0,HUMAN
42.9797,23.4375,54911.6,0,HUMAN
43.3277,54.6875,56786.0,0,HUMAN
41.6725,23.4375,40174.1,0,HUMAN
43.0482,23.4375,54731.7,0,HUMAN
43.651,23.4375,59738.2,0,HUMAN
48.2689,54.6875,185888.0,0,HUMAN
44.4233,23.4375,69470.4,0,HUMAN
43.2076,23.4375,54540.5,0,HUMAN
43.129,54.6875,59319.4,0,HUMAN
43.9312,54.6875,57815.6,0,HUMAN
44.7179,54.6875,71834.5,0,HUMAN
44.4831,54.6875,69784.8,0,HUMAN
42.836,54.6875,41041.8,0,HUMAN
44.1867,54.6875,82693.9,0,HUMAN
45.1465,54.6875,80765.2,0,HUMAN
45.1269,23.4375,85089.0,0,HUMAN
44.2824,54.6875,69608.2,0,HUMAN
47.4426,23.4375,150279.0,0,HUMAN
41.6581,23.4375,36767.8,0,HUMAN
43.9549,23.4375,63654.3,0,HUMAN
44.0355,54.6875,61457.8,0,HUMAN
44.3707,23.4375,73587.5,0,HUMAN
47.9053,54.6875,141795.0,0,HUMAN
43.3517,23.4375,54303.7,0,HUMAN
45.0043,70.3125,78384.9,0,HUMAN
46.3669,23.4375,91187.3,0,HUMAN
43.8209,70.3125,57288.6,0,HUMAN
45.3285,54.6875,82616.7,0,HUMAN
42.3575,23.4375,45308.9,0,HUMAN
46.1473,54.6875,113667.0,0,HUMAN
43.7946,23.4375,61489.9,0,HUMAN
43.8825,70.3125,66615.8,0,HUMAN
43.4446,23.4375,56432.9,0,HUMAN
43.7268,23.4375,59431.4,0,HUMAN
42.6554,23.4375,49651.0,0,HUMAN
43.3481,23.4375,52770.3,0,HUMAN
43.2132,62.5,49119.6,0,HUMAN
43.2165,23.4375,45348.2,0,HUMAN
44.0738,54.6875,67467.2,0,HUMAN
43.2663,62.5,58033.1,0,HUMAN
42.6295,23.4375,46702.6,0,HUMAN
44.882,23.4375,76713.4,0,HUMAN
43.0252,23.4375,51982.6,0,HUMAN
46.5116,23.4375,117240.0,0,HUMAN
43.8492,23.4375,61686.2,0,HUMAN
45.3798,54.6875,88615.4,0,HUMAN
44.3469,23.4375,66656.8,0,HUMAN
44.1316,23.4375,68635.7,0,HUMAN
42.1236,23.4375,37421.5,0,HUMAN
43.5063,23.4375,56842.5,0,HUMAN
48.4768,31.25,136352.0,0,HUMAN
43.232,23.4375,60065.9,0,HUMAN
43.7691,23.4375,56747.0,0,HUMAN
42.7868,62.5,47634.0,0,HUMAN
43.1864,23.4375,54123.1,0,HUMAN
42.6764,23.4375,42746.6,0,HUMAN
42.3481,23.4375,46300.5,0,HUMAN
44.8279,54.6875,96937.9,0,HUMAN
44.1362,23.4375,66402.8,0,HUMAN
41.5223,23.4375,34638.7,0,HUMAN
42.525,23.4375,52338.6,0,HUMAN
42.4229,23.4375,47362.3,0,HUMAN
43.9482,23.4375,71808.6,0,HUMAN
42.5906,23.4375,45699.9,0,HUMAN
41.0321,70.3125,35734.5,0,HUMAN
45.0243,23.4375,84568.9,0,HUMAN
42.3234,23.4375,39630.3,0,HUMAN
45.6747,54.6875,79439.2,0,HUMAN
42.5467,23.4375,42299.2,0,HUMAN
42.1754,62.5,45620.7,0,HUMAN
44.1295,23.4375,66661.5,0,HUMAN
43.0738,70.3125,48405.2,0,HUMAN
43.6965,23.4375,61267.7,0,HUMAN
42.3581,23.4375,42104.5,0,HUMAN
43.5093,23.4375,54918.0,0,HUMAN
42.5171,23.4375,42653.1,0,HUMAN
43.6753,54.6875,55660.2,0,HUMAN
43.9357,23.4375,65502.5,0,HUMAN
42.9399,23.4375,46624.4,2,HUMAN
44.3749,62.5,64760.8,0,HUMAN
42.3861,54.6875,44279.9,0,HUMAN
51.7211,31.25,345144.0,0,HUMAN
42.4461,23.4375,44420.2,0,HUMAN
43.5297,23.4375,50160.4,0,HUMAN
41.3779,62.5,36532.5,0,HUMAN
43.103,23.4375,52105.6,0,HUMAN
42.3969,23.4375,49115.0,0,HUMAN
45.3636,62.5,86544.9,0,HUMAN
45.9642,54.6875,95847.2,0,HUMAN
47.0703,39.0625,121334.0,0,HUMAN
48.7846,39.0625,209204.0,0,HUMAN
43.3753,54.6875,54910.4,0,HUMAN
42.9273,23.4375,54321.2,0,HUMAN
45.9168,54.6875,104249.0,0,HUMAN
43.9814,23.4375,62172.4,0,HUMAN
45.6606,23.4375,89735.5,0,HUMAN
68.1095,7.8125,3.12601E7,0,HUMAN
47.7206,62.5,158321.0,0,HUMAN
43.6112,54.6875,57505.0,0,HUMAN
45.741,54.6875,90496.9,0,HUMAN
45.8952,54.6875,91437.2,0,HUMAN
43.9783,23.4375,56624.5,0,HUMAN
45.0297,23.4375,82851.2,0,HUMAN
43.6963,23.4375,60633.2,0,HUMAN
43.7352,23.4375,67756.1,0,HUMAN
43.5276,39.0625,51538.8,0,HUMAN
44.0326,23.4375,57862.0,0,HUMAN
42.9888,23.4375,52366.1,0,HUMAN
43.9288,70.3125,67834.6,0,HUMAN
42.3058,23.4375,43968.0,0,HUMAN
44.5941,23.4375,67231.8,0,HUMAN
45.5945,23.4375,94690.6,0,HUMAN
45.5523,23.4375,98584.2,0,HUMAN
46.4274,23.4375,112937.0,0,HUMAN
42.9206,23.4375,50813.2,0,HUMAN
42.9957,23.4375,56195.4,0,HUMAN
43.5501,23.4375,57391.5,0,HUMAN
43.7944,54.6875,60089.1,0,HUMAN
44.5875,54.6875,80950.6,0,HUMAN
43.7998,23.4375,59354.5,0,HUMAN
43.67,23.4375,55777.9,0,HUMAN
44.4404,15.625,84455.2,0,HUMAN
43.465,23.4375,55543.4,0,HUMAN
42.7479,54.6875,51566.9,0,HUMAN
44.5712,23.4375,73481.7,0,HUMAN
43.0447,23.4375,51906.8,0,HUMAN
44.8109,54.6875,70373.5,0,HUMAN
44.6266,54.6875,75504.8,0,HUMAN
43.2619,54.6875,58466.6,0,HUMAN
48.7541,54.6875,211995.0,0,HUMAN
41.5336,23.4375,36693.3,0,HUMAN
43.1883,23.4375,51123.3,0,HUMAN
44.0528,54.6875,62126.8,0,HUMAN
44.8914,23.4375,79635.2,0,HUMAN
45.028,23.4375,79483.1,0,HUMAN
42.568,23.4375,52491.4,0,HUMAN
42.4933,54.6875,45970.1,0,HUMAN
45.1108,70.3125,80060.6,0,HUMAN
48.5679,15.625,191907.0,0,HUMAN
44.2091,15.625,64691.1,0,HUMAN
43.3055,62.5,55790.7,0,HUMAN
45.2316,54.6875,85892.3,0,HUMAN
45.0729,54.6875,81827.1,0,HUMAN
43.3725,62.5,58317.2,0,HUMAN
42.6259,23.4375,48010.8,0,HUMAN
44.8392,54.6875,80442.7,0,HUMAN
44.3561,23.4375,64289.0,0,HUMAN
41.4264,54.6875,35473.5,0,HUMAN
44.0285,23.4375,61725.3,0,HUMAN
42.8837,54.6875,50141.6,0,HUMAN
44.4931,23.4375,69907.0,0,HUMAN
43.8416,62.5,60688.4,0,HUMAN
44.0,23.4375,64977.7,0,HUMAN
41.8412,62.5,47893.6,0,HUMAN
42.216,23.4375,38751.3,0,HUMAN
43.7621,54.6875,49525.5,0,HUMAN
46.4221,70.3125,109759.0,0,HUMAN
43.5174,62.5,59675.7,0,HUMAN
43.7434,54.6875,63210.8,0,HUMAN
42.2015,23.4375,42560.4,0,HUMAN
42.4704,62.5,46613.7,0,HUMAN
42.6301,23.4375,54955.0,0,HUMAN
40.8971,23.4375,33880.0,0,HUMAN
44.5408,7.8125,68372.3,0,HUMAN
47.3459,742.188,147290.0,4,NON_HUMAN
45.8928,62.5,90915.9,0,HUMAN
43.8355,23.4375,53504.9,0,HUMAN
44.2817,54.6875,73564.1,0,HUMAN
49.3994,742.188,204582.0,45,NON_HUMAN
43.9054,23.4375,62512.6,0,HUMAN
48.3132,742.188,171526.0,16,NON_HUMAN
42.8653,23.4375,53719.9,0,HUMAN
44.9928,15.625,65564.7,0,HUMAN
42.2059,70.3125,41251.1,0,HUMAN
42.9926,23.4375,51909.3,0,HUMAN
47.1137,742.188,134871.0,6,NON_HUMAN
42.8066,23.4375,49926.8,0,HUMAN
43.0631,54.6875,51536.9,0,HUMAN
44.3753,23.4375,61407.5,0,HUMAN
43.7391,23.4375,59952.4,0,HUMAN
42.6108,23.4375,51178.7,0,HUMAN
43.528,54.6875,56121.0,0,HUMAN
44.752,54.6875,70776.1,0,HUMAN
43.7692,54.6875,71162.1,0,HUMAN
46.1836,1312.5,105533.0,30,NON_HUMAN
42.5351,23.4375,40602.8,0,HUMAN
45.566,70.3125,84177.3,0,HUMAN
44.4679,54.6875,77394.7,0,HUMAN
44.5781,1109.38,70910.5,0,NON_HUMAN
42.9075,54.6875,49368.1,0,HUMAN
43.1419,46.875,50194.0,0,HUMAN
43.1199,62.5,51855.9,0,HUMAN
40.9456,23.4375,33331.8,0,HUMAN
40.1552,23.4375,26303.1,0,HUMAN
44.5039,742.188,66244.9,0,NON_HUMAN
43.7934,835.938,63351.0,1,NON_HUMAN
44.3255,70.3125,75375.6,0,HUMAN
44.8024,828.125,80788.2,0,NON_HUMAN
46.5606,62.5,118435.0,0,HUMAN
45.1212,54.6875,84913.7,0,HUMAN
45.3328,742.188,90872.1,0,NON_HUMAN
44.8897,23.4375,80636.2,0,HUMAN
42.6011,23.4375,43514.4,0,HUMAN
48.6173,15.625,171631.0,0,HUMAN
43.5986,54.6875,64020.4,0,HUMAN
44.5503,54.6875,73479.4,0,HUMAN
43.1272,23.4375,48290.9,0,HUMAN
43.153,23.4375,52463.1,0,HUMAN
44.2396,7.8125,80702.2,0,HUMAN
41.7108,62.5,38127.5,0,HUMAN
43.6106,54.6875,51284.0,0,HUMAN
45.5904,54.6875,100236.0,0,HUMAN
44.1678,23.4375,73218.8,0,HUMAN
47.0658,70.3125,161226.0,0,HUMAN
45.7116,54.6875,97967.2,0,HUMAN
42.139,23.4375,42601.9,0,HUMAN
42.7993,23.4375,53124.7,0,HUMAN
42.4151,23.4375,40380.3,0,HUMAN
45.0015,23.4375,78982.4,0,HUMAN
42.7246,23.4375,48285.4,0,HUMAN
44.8312,54.6875,70827.7,0,HUMAN
43.041,23.4375,54836.6,0,HUMAN
46.4885,15.625,112989.0,0,HUMAN
44.675,54.6875,75804.9,0,HUMAN
43.4544,54.6875,54515.9,0,HUMAN
43.3481,23.4375,50036.6,0,HUMAN
41.1905,23.4375,31940.9,0,HUMAN
42.1849,62.5,42156.0,0,HUMAN
47.5439,70.3125,161780.0,0,HUMAN
42.0759,23.4375,44577.3,0,HUMAN
43.6976,62.5,56249.4,0,HUMAN
43.9024,54.6875,62509.0,0,HUMAN
42.8492,62.5,46299.9,0,HUMAN
49.5045,54.6875,133098.0,0,HUMAN
42.0821,23.4375,41072.9,0,HUMAN
42.7827,23.4375,45930.2,0,HUMAN
44.9481,54.6875,84948.4,0,HUMAN
43.9354,70.3125,63141.9,0,HUMAN
42.8356,23.4375,46833.1,0,HUMAN
43.9933,62.5,65301.5,0,HUMAN
43.4334,23.4375,59285.8,0,HUMAN
44.3708,54.6875,63161.4,0,HUMAN
42.2189,23.4375,44295.2,0,HUMAN
41.6824,23.4375,35885.9,0,HUMAN
43.4296,54.6875,51409.9,0,HUMAN
42.4558,70.3125,49720.6,0,HUMAN
44.4011,62.5,69516.5,0,HUMAN
44.2003,54.6875,67605.0,0,HUMAN
44.2986,23.4375,69183.0,0,HUMAN
44.2588,70.3125,69948.2,1,HUMAN
44.9512,54.6875,76947.8,0,HUMAN
44.244,54.6875,63334.4,0,HUMAN
44.6615,7.8125,77254.4,0,HUMAN
42.5698,70.3125,43141.6,0,HUMAN
42.1417,23.4375,39529.4,0,HUMAN
42.7223,54.6875,44522.7,0,HUMAN
42.8937,54.6875,54760.1,0,HUMAN
43.5122,54.6875,58849.3,0,HUMAN
43.3365,62.5,56157.8,0,HUMAN
44.2046,23.4375,62881.5,0,HUMAN
47.6324,54.6875,155828.0,0,HUMAN
44.9372,54.6875,88394.2,0,HUMAN
48.4645,54.6875,179946.0,0,HUMAN
45.7188,54.6875,76934.3,0,HUMAN
44.4339,54.6875,69926.8,0,HUMAN
47.5402,54.6875,133272.0,0,HUMAN
44.5523,15.625,79585.8,0,HUMAN
44.2395,70.3125,77562.7,0,HUMAN
43.5031,15.625,54038.4,0,HUMAN
44.1626,54.6875,73173.9,0,HUMAN
44.1535,15.625,63451.8,0,HUMAN
43.9636,23.4375,67228.4,0,HUMAN
42.1232,23.4375,42653.6,0,HUMAN
43.4345,54.6875,58629.8,0,HUMAN
43.7592,54.6875,59252.3,0,HUMAN
44.1028,23.4375,61555.3,0,HUMAN
44.1529,54.6875,64088.5,0,HUMAN
41.056,23.4375,35126.6,0,HUMAN
44.1652,23.4375,77725.1,0,HUMAN
42.6091,70.3125,43964.5,0,HUMAN
43.5387,62.5,55954.6,0,HUMAN
43.1529,70.3125,55122.0,0,HUMAN
44.0735,23.4375,65097.8,0,HUMAN
43.4405,62.5,47021.0,0,HUMAN
45.1818,54.6875,80134.7,0,HUMAN
43.3067,54.6875,58716.1,0,HUMAN
44.6732,23.4375,53820.3,0,HUMAN
43.6016,62.5,59098.0,0,HUMAN
42.4772,70.3125,46036.1,0,HUMAN
42.8262,70.3125,47265.9,0,HUMAN
43.5631,54.6875,53468.5,0,HUMAN
42.4988,54.6875,51332.6,0,HUMAN
42.9774,70.3125,51503.3,0,HUMAN
44.8797,54.6875,72627.1,0,HUMAN
47.4009,23.4375,115757.0,0,HUMAN
41.3402,70.3125,36428.4,0,HUMAN
42.3777,70.3125,46039.0,0,HUMAN
43.1695,70.3125,63514.9,0,HUMAN
43.0078,70.3125,50625.7,0,HUMAN
43.7977,54.6875,70203.1,0,HUMAN
43.2973,62.5,54348.1,0,HUMAN
43.8156,54.6875,61564.2,0,HUMAN
45.607,54.6875,111726.0,0,HUMAN
42.5317,62.5,47333.2,0,HUMAN
42.569,23.4375,48744.0,0,HUMAN
43.6104,54.6875,49917.7,0,HUMAN
44.0203,54.6875,59630.5,0,HUMAN
44.1114,54.6875,63729.8,0,HUMAN
44.2606,54.6875,66713.5,0,HUMAN
42.7046,54.6875,50257.9,0,HUMAN
48.4487,23.4375,220097.0,0,HUMAN
42.927,23.4375,44416.1,0,HUMAN
43.0221,54.6875,50641.1,0,HUMAN
42.1206,70.3125,44271.6,0,HUMAN
43.5081,54.6875,61170.2,0,HUMAN
48.3634,15.625,145714.0,0,HUMAN
44.6597,54.6875,77239.0,0,HUMAN
41.2371,101.562,26694.1,0,HUMAN
45.5683,54.6875,95902.6,0,HUMAN
44.4364,54.6875,69163.5,0,HUMAN
44.2023,54.6875,69971.4,0,HUMAN
41.9541,781.25,42168.7,0,NON_HUMAN
42.7701,23.4375,52293.9,0,HUMAN
44.1686,23.4375,74765.6,0,HUMAN
43.2455,23.4375,50963.1,0,HUMAN
45.2567,23.4375,78869.2,0,HUMAN
43.8482,54.6875,62957.5,0,HUMAN
43.5326,54.6875,59700.4,0,HUMAN
49.402,23.4375,214950.0,0,HUMAN
43.549,23.4375,58300.4,0,HUMAN
43.9536,70.3125,63976.0,0,HUMAN
42.7044,70.3125,50684.4,0,HUMAN
43.1338,23.4375,53103.8,0,HUMAN
43.9908,70.3125,69307.7,0,HUMAN
43.2459,62.5,50194.1,0,HUMAN
45.9401,54.6875,91286.5,0,HUMAN
44.4116,62.5,75543.5,0,HUMAN
44.0959,23.4375,57466.4,0,HUMAN
43.8133,54.6875,68346.2,0,HUMAN
42.3031,23.4375,45291.6,0,HUMAN
44.6755,54.6875,67972.9,0,HUMAN
42.3318,70.3125,41713.2,0,HUMAN
43.1854,54.6875,46858.8,0,HUMAN
42.7069,54.6875,49578.4,0,HUMAN
43.0881,54.6875,52174.2,0,HUMAN
43.3589,23.4375,60797.6,0,HUMAN
43.5499,70.3125,55557.7,0,HUMAN
68.508,7.8125,3.41582E7,0,HUMAN
47.8141,23.4375,149320.0,0,HUMAN
42.8025,23.4375,46238.5,0,HUMAN
68.4922,7.8125,3.39834E7,0,HUMAN
44.0628,23.4375,61693.3,0,HUMAN
43.9739,54.6875,71108.8,0,HUMAN
68.8054,7.8125,3.64351E7,0,HUMAN
44.9963,54.6875,83922.0,0,HUMAN
43.7311,54.6875,62776.8,0,HUMAN
68.7427,7.8125,3.58493E7,0,HUMAN
45.406,54.6875,82213.5,0,HUMAN
43.754,23.4375,54623.9,0,HUMAN
68.4029,7.8125,3.36269E7,0,HUMAN
42.0781,62.5,46713.6,0,HUMAN
45.12,54.6875,77682.4,0,HUMAN
68.4328,7.8125,3.37365E7,0,HUMAN
42.7267,23.4375,49232.6,0,HUMAN
42.6682,54.6875,49516.6,0,HUMAN
68.4302,7.8125,3.35581E7,0,HUMAN
43.9414,54.6875,63624.5,0,HUMAN
46.6839,46.875,108089.0,0,HUMAN
68.6241,7.8125,3.51674E7,0,HUMAN
44.0185,54.6875,60253.5,0,HUMAN
49.1352,46.875,260879.0,0,HUMAN
45.0865,54.6875,78800.7,0,HUMAN
43.474,70.3125,52139.5,0,HUMAN
43.1947,23.4375,53158.0,0,HUMAN
42.8636,23.4375,48294.2,0,HUMAN
45.9503,23.4375,114304.0,0,HUMAN
42.6824,23.4375,46243.7,0,HUMAN
42.7756,70.3125,47794.8,0,HUMAN
43.032,23.4375,49665.6,0,HUMAN
43.4952,54.6875,51710.5,0,HUMAN
44.0421,54.6875,70408.3,0,HUMAN
41.7864,62.5,37274.3,0,HUMAN
44.0945,70.3125,80657.8,0,HUMAN
44.0287,62.5,65841.0,0,HUMAN
44.328,54.6875,67567.8,0,HUMAN
42.7358,23.4375,45747.5,0,HUMAN
42.503,54.6875,45260.8,0,HUMAN
68.6848,7.8125,3.55879E7,0,HUMAN
45.8972,54.6875,98443.4,0,HUMAN
43.4711,54.6875,53948.1,0,HUMAN
68.1189,7.8125,3.16815E7,0,HUMAN
43.4892,70.3125,53110.1,0,HUMAN
43.4737,54.6875,50350.4,0,HUMAN
68.6653,7.8125,3.52518E7,0,HUMAN
42.6765,70.3125,50241.9,0,HUMAN
43.3444,62.5,56185.1,0,HUMAN
68.5792,7.8125,3.45772E7,0,HUMAN
43.0106,23.4375,49740.9,0,HUMAN
46.0767,70.3125,97657.9,0,HUMAN
68.5354,7.8125,3.41581E7,0,HUMAN
40.0921,101.562,27986.9,0,HUMAN
43.0448,54.6875,54695.2,0,HUMAN
68.3876,7.8125,3.34125E7,0,HUMAN
43.8874,23.4375,68585.0,0,HUMAN
44.1536,62.5,66364.5,0,HUMAN
68.4821,7.8125,3.39572E7,0,HUMAN
42.4986,62.5,44434.4,0,HUMAN
43.8425,54.6875,65466.8,0,HUMAN
68.4066,7.8125,3.35255E7,0,HUMAN
47.1266,7.8125,117588.0,0,HUMAN
42.0422,70.3125,43336.3,0,HUMAN
68.447,7.8125,3.37202E7,0,HUMAN
44.3145,54.6875,67816.2,0,HUMAN
43.0039,62.5,53101.5,0,HUMAN
68.5153,7.8125,3.43429E7,0,HUMAN
42.3017,23.4375,43070.5,0,HUMAN
42.8882,70.3125,41892.1,0,HUMAN
68.0961,7.8125,3.10708E7,0,HUMAN
48.9125,7.8125,229478.0,0,HUMAN
50.4813,23.4375,326096.0,0,HUMAN
68.6406,7.8125,3.50903E7,0,HUMAN
43.6326,54.6875,58744.1,0,HUMAN
43.0531,70.3125,52332.6,0,HUMAN
42.7754,23.4375,51350.5,0,HUMAN
44.0477,54.6875,66090.3,0,HUMAN
45.6517,54.6875,88811.6,0,HUMAN
43.5924,101.562,53037.3,0,HUMAN
45.3065,23.4375,79599.3,0,HUMAN
43.6086,54.6875,59825.5,0,HUMAN
44.7734,54.6875,87133.0,0,HUMAN
43.2369,54.6875,50983.2,0,HUMAN
44.2648,62.5,63117.6,0,HUMAN
43.5932,54.6875,60550.2,0,HUMAN
41.738,70.3125,41114.1,0,HUMAN
44.7534,54.6875,77663.7,0,HUMAN
42.7774,54.6875,52347.3,0,HUMAN
41.8705,54.6875,39771.7,0,HUMAN
42.2649,62.5,40922.3,0,HUMAN
44.4432,54.6875,68185.6,0,HUMAN
43.3542,54.6875,53478.1,0,HUMAN
42.9343,54.6875,52679.2,0,HUMAN
46.6542,62.5,118988.0,0,HUMAN
43.2674,54.6875,48929.8,0,HUMAN
44.2841,62.5,57890.3,0,HUMAN
42.818,62.5,46512.8,0,HUMAN
43.4496,54.6875,55088.8,0,HUMAN
43.4786,62.5,54995.7,0,HUMAN
42.9768,54.6875,52948.4,0,HUMAN
43.3682,70.3125,44185.6,0,HUMAN
42.6182,54.6875,50772.0,0,HUMAN
41.1119,70.3125,34687.8,0,HUMAN
43.7876,62.5,64836.5,0,HUMAN
43.0956,54.6875,53387.6,0,HUMAN
44.1191,15.625,54379.0,0,HUMAN
44.4857,54.6875,74044.1,0,HUMAN
55.2209,15.625,796964.0,0,HUMAN
41.6064,62.5,37250.6,0,HUMAN
45.1037,54.6875,79346.4,0,HUMAN
45.7116,54.6875,89771.5,0,HUMAN
44.912,54.6875,79160.1,0,HUMAN
46.5408,54.6875,123411.0,0,HUMAN
43.0777,70.3125,45137.1,0,HUMAN
44.5449,54.6875,66149.0,0,HUMAN
41.6589,70.3125,39373.3,0,HUMAN
43.7051,70.3125,58383.0,0,HUMAN
44.1241,23.4375,61712.3,0,HUMAN
44.6083,54.6875,73988.1,0,HUMAN
50.0895,15.625,258706.0,0,HUMAN
47.2725,15.625,137198.0,0,HUMAN
43.2452,39.0625,57476.4,0,HUMAN
46.1261,15.625,100973.0,0,HUMAN
45.052,15.625,79734.0,0,HUMAN
45.704,54.6875,93654.1,0,HUMAN
43.3586,23.4375,54257.6,0,HUMAN
48.4436,62.5,146646.0,0,HUMAN
46.1565,23.4375,103164.0,0,HUMAN
44.7142,54.6875,69870.4,0,HUMAN
43.6651,62.5,59385.0,0,HUMAN
47.5631,23.4375,142966.0,0,HUMAN
44.0992,62.5,73277.1,0,HUMAN
43.4701,54.6875,58215.3,0,HUMAN
45.4227,23.4375,81053.5,0,HUMAN
43.8684,54.6875,66006.5,0,HUMAN
43.1944,70.3125,54391.6,0,HUMAN
43.902,62.5,60188.5,0,HUMAN
42.764,54.6875,53651.5,0,HUMAN
43.5718,62.5,55071.5,0,HUMAN
41.3187,101.562,35993.3,0,HUMAN
46.3227,23.4375,116469.0,0,HUMAN
43.4244,54.6875,58009.9,0,HUMAN
41.6532,23.4375,44931.6,0,HUMAN
39.8897,23.4375,25909.2,0,HUMAN
43.6493,54.6875,57482.7,0,HUMAN
43.038,70.3125,47462.8,0,HUMAN
42.8062,54.6875,44070.6,0,HUMAN
41.7803,62.5,34958.3,0,HUMAN
42.7537,54.6875,43650.1,0,HUMAN
41.371,70.3125,32292.9,0,HUMAN
41.6686,70.3125,34501.3,0,HUMAN
42.6827,23.4375,49726.7,0,HUMAN
44.5137,54.6875,65376.3,0,HUMAN
42.9059,23.4375,49981.4,0,HUMAN
46.5056,54.6875,122547.0,0,HUMAN
43.1951,54.6875,58871.3,0,HUMAN
42.5143,62.5,43346.1,0,HUMAN
43.5149,23.4375,62074.3,0,HUMAN
45.7419,54.6875,94411.9,0,HUMAN
43.8131,62.5,59358.6,0,HUMAN
45.6594,23.4375,82726.2,0,HUMAN
46.9433,62.5,135706.0,0,HUMAN
44.3341,15.625,67252.8,0,HUMAN
42.845,23.4375,55093.6,0,HUMAN
41.4692,62.5,33406.8,0,HUMAN
40.5384,101.562,29597.5,0,HUMAN
41.2925,62.5,31410.6,0,HUMAN
45.2497,23.4375,80061.9,0,HUMAN
48.7269,15.625,202524.0,0,HUMAN
43.4416,54.6875,56990.5,0,HUMAN
43.3608,23.4375,56420.0,0,HUMAN
43.6942,70.3125,66194.7,0,HUMAN
45.4695,54.6875,98116.7,0,HUMAN
43.6811,62.5,56272.8,0,HUMAN
44.7697,15.625,71707.9,3,HUMAN
44.9457,23.4375,94698.8,0,HUMAN
43.8708,54.6875,63671.1,10,HUMAN
48.8176,54.6875,216986.0,1,HUMAN
42.4981,23.4375,43085.1,0,HUMAN
43.653,46.875,53321.2,0,HUMAN
42.8552,70.3125,46405.7,0,HUMAN
42.6687,101.562,45597.9,2,HUMAN
44.9384,70.3125,85059.0,0,HUMAN
42.3683,101.562,49072.9,6,HUMAN
45.2367,54.6875,88482.8,1,HUMAN
42.8449,54.6875,50210.7,0,HUMAN
43.837,54.6875,54196.2,0,HUMAN
44.1658,54.6875,67619.4,0,HUMAN
40.6206,101.562,31564.2,0,HUMAN
43.7062,70.3125,51163.4,0,HUMAN
42.4534,23.4375,45418.4,0,HUMAN
43.153,70.3125,47083.9,0,HUMAN
44.3082,54.6875,66430.8,0,HUMAN
41.3112,15.625,32477.2,0,HUMAN
43.7495,54.6875,57751.3,0,HUMAN
44.5868,54.6875,75374.6,0,HUMAN
43.7476,54.6875,55494.0,0,HUMAN
43.1722,23.4375,54905.2,0,HUMAN
44.7279,54.6875,75395.2,0,HUMAN
42.2506,23.4375,40863.7,0,HUMAN
45.0154,54.6875,83419.9,15,HUMAN
43.0523,70.3125,54834.6,0,HUMAN
41.1162,101.562,30842.7,0,HUMAN
47.1831,23.4375,126642.0,0,HUMAN
44.1446,62.5,68306.3,2,HUMAN
45.0204,54.6875,77272.2,0,HUMAN
46.574,54.6875,125769.0,0,HUMAN
41.1594,70.3125,33942.1,0,HUMAN
43.9966,54.6875,64538.4,0,HUMAN
43.0711,70.3125,51391.5,0,HUMAN
46.4577,54.6875,127520.0,0,HUMAN
41.3049,62.5,34466.1,0,HUMAN
44.228,54.6875,72909.3,0,HUMAN
42.8323,70.3125,48878.8,0,HUMAN
44.1125,101.562,63872.6,0,HUMAN
42.5647,23.4375,44375.7,0,HUMAN
42.6876,101.562,45744.2,0,HUMAN
45.3978,54.6875,98114.2,0,HUMAN
43.5369,101.562,60068.0,4,HUMAN
42.7004,54.6875,49558.4,0,HUMAN
44.1781,54.6875,66004.1,0,HUMAN
44.9149,54.6875,80804.6,1,HUMAN
42.336,62.5,44214.8,0,HUMAN
43.2963,54.6875,50658.4,0,HUMAN
43.8446,23.4375,65348.9,0,HUMAN
44.0214,54.6875,58672.9,0,HUMAN
44.1782,70.3125,65672.6,0,HUMAN
43.4152,54.6875,54101.0,0,HUMAN
41.8331,54.6875,41858.6,0,HUMAN
42.177,70.3125,47430.3,0,HUMAN
43.0615,54.6875,48363.2,0,HUMAN
45.989,7.8125,74258.9,0,HUMAN
44.1678,54.6875,65449.4,0,HUMAN
43.5042,54.6875,51887.7,0,HUMAN
42.1,54.6875,42785.8,0,HUMAN
41.8686,54.6875,38091.5,0,HUMAN
42.5936,70.3125,46961.1,0,HUMAN
41.7444,101.562,36870.8,0,HUMAN
43.8462,23.4375,73629.0,0,HUMAN
43.6443,54.6875,57933.9,0,HUMAN
40.855,70.3125,34032.8,0,HUMAN
44.7526,54.6875,77626.8,0,HUMAN
43.8646,54.6875,65119.8,0,HUMAN
44.0185,54.6875,65361.5,0,HUMAN
40.9467,101.562,32094.1,0,HUMAN
44.5775,70.3125,78353.9,0,HUMAN
41.5319,62.5,37222.9,0,HUMAN
42.64,23.4375,41340.1,0,HUMAN
41.2603,23.4375,34351.3,0,HUMAN
44.0991,54.6875,63774.9,0,HUMAN
43.7983,54.6875,66982.2,0,HUMAN
42.2514,101.562,44623.9,0,HUMAN
43.4097,70.3125,46709.8,0,HUMAN
43.9547,54.6875,70300.9,0,HUMAN
45.5001,7.8125,98200.4,0,HUMAN
43.2519,54.6875,56745.8,0,HUMAN
44.3355,54.6875,70664.1,0,HUMAN
41.7446,23.4375,36229.5,0,HUMAN
43.4161,54.6875,56978.8,0,HUMAN
43.1385,70.3125,52948.1,0,HUMAN
43.8617,54.6875,58788.9,0,HUMAN
49.3244,23.4375,210888.0,0,HUMAN
43.9459,70.3125,58235.9,1,HUMAN
43.9217,54.6875,63956.2,1,HUMAN
42.0604,23.4375,40994.3,0,HUMAN
43.2468,23.4375,50524.8,0,HUMAN
43.6813,70.3125,61238.6,0,HUMAN
42.853,62.5,52288.4,0,HUMAN
43.0514,54.6875,56472.8,0,HUMAN
43.0975,62.5,49398.3,0,HUMAN
43.2169,54.6875,54775.3,0,HUMAN
42.7032,23.4375,50823.0,0,HUMAN
39.8901,101.562,26051.8,0,HUMAN
41.337,23.4375,41747.3,0,HUMAN
41.4988,70.3125,34408.3,0,HUMAN
43.209,54.6875,48168.8,0,HUMAN
43.3917,62.5,58159.7,0,HUMAN
41.7918,23.4375,34799.0,0,HUMAN
44.127,70.3125,67689.2,0,HUMAN
41.7818,54.6875,39203.5,0,HUMAN
40.8096,101.562,32951.4,0,HUMAN
42.7318,54.6875,52130.4,0,HUMAN
44.7816,54.6875,76099.3,0,HUMAN
44.2775,54.6875,63271.3,0,HUMAN
43.6212,70.3125,69190.6,0,HUMAN
42.9213,23.4375,50360.8,0,HUMAN
43.2955,54.6875,55497.6,0,HUMAN
41.9794,62.5,39594.7,0,HUMAN
42.7443,54.6875,46940.0,0,HUMAN
42.9362,62.5,54795.6,0,HUMAN
43.8852,54.6875,61209.4,0,HUMAN
42.1328,54.6875,44330.2,0,HUMAN
43.5469,70.3125,56007.0,0,HUMAN
41.6009,23.4375,38550.5,0,HUMAN
45.6435,54.6875,104261.0,0,HUMAN
41.8966,70.3125,43440.9,0,HUMAN
43.4528,23.4375,57847.3,0,HUMAN
43.4917,54.6875,62330.4,0,HUMAN
41.9438,23.4375,44326.1,0,HUMAN
41.8028,62.5,38973.2,0,HUMAN
42.285,23.4375,37703.4,0,HUMAN
42.0794,54.6875,40870.5,0,HUMAN
43.906,54.6875,63642.9,0,HUMAN
51.5255,31.25,351487.0,0,HUMAN
42.9085,23.4375,43389.6,0,HUMAN
43.735,54.6875,54356.2,0,HUMAN
42.6357,23.4375,52183.9,0,HUMAN
42.407,54.6875,44718.8,0,HUMAN
43.7938,62.5,63385.9,0,HUMAN
43.322,23.4375,55777.4,0,HUMAN
42.0968,23.4375,44766.1,0,HUMAN
42.1885,23.4375,36397.3,0,HUMAN
44.1185,54.6875,63909.1,0,HUMAN
43.6845,54.6875,61477.0,0,HUMAN
42.7712,54.6875,52169.1,0,HUMAN
44.5475,23.4375,68691.0,0,HUMAN
40.6984,101.562,29453.0,0,HUMAN
43.6881,62.5,60169.2,0,HUMAN
43.7611,54.6875,61453.9,0,HUMAN
45.2523,54.6875,78198.5,0,HUMAN
42.4708,54.6875,44959.7,0,HUMAN
43.1945,23.4375,52533.2,0,HUMAN
45.2326,70.3125,96268.5,0,HUMAN
43.1898,54.6875,47853.8,0,HUMAN
43.9402,70.3125,63679.2,0,HUMAN
45.3203,54.6875,85065.9,0,HUMAN
47.489,54.6875,133385.0,0,HUMAN
43.0087,70.3125,49506.6,0,HUMAN
46.2101,54.6875,105092.0,0,HUMAN
48.7369,78.125,176120.0,0,HUMAN
44.8539,7.8125,63028.3,0,HUMAN
43.4206,54.6875,59307.0,0,HUMAN
44.4702,54.6875,69733.8,0,HUMAN
45.6764,54.6875,95122.8,0,HUMAN
41.8806,101.562,43244.5,0,HUMAN
43.6449,54.6875,66066.2,0,HUMAN
42.0149,54.6875,40825.8,0,HUMAN
41.9814,23.4375,40477.4,0,HUMAN
44.7333,15.625,72948.9,0,HUMAN
42.875,23.4375,52578.0,0,HUMAN
40.8935,70.3125,29626.5,0,HUMAN
43.5486,15.625,45660.2,0,HUMAN
44.1576,54.6875,66228.5,0,HUMAN
43.9284,46.875,62203.1,0,HUMAN
43.5216,54.6875,54882.1,0,HUMAN
42.1089,54.6875,42499.2,0,HUMAN
46.1579,23.4375,96512.3,0,HUMAN
41.6836,23.4375,36778.9,0,HUMAN
42.4846,23.4375,47866.9,0,HUMAN
44.4447,54.6875,69702.2,0,HUMAN
43.0199,23.4375,53308.0,0,HUMAN
42.7967,62.5,47487.4,0,HUMAN
43.4951,54.6875,54366.4,0,HUMAN
42.0781,70.3125,42901.2,0,HUMAN
46.0366,62.5,88476.6,0,HUMAN
42.5905,70.3125,42278.7,0,HUMAN
43.5849,54.6875,52818.2,0,HUMAN
44.0823,46.875,66764.0,0,HUMAN
42.8715,23.4375,42863.7,0,HUMAN
43.5638,54.6875,62874.2,0,HUMAN
43.5955,54.6875,53417.9,0,HUMAN
42.2025,23.4375,47052.8,0,HUMAN
47.3476,7.8125,140823.0,0,HUMAN
41.0169,62.5,36662.8,0,HUMAN
41.8645,23.4375,36731.0,0,HUMAN
43.1986,70.3125,69685.1,0,HUMAN
43.6813,54.6875,52948.0,0,HUMAN
43.6029,23.4375,59993.4,0,HUMAN
45.434,54.6875,88875.3,0,HUMAN
43.7775,54.6875,61812.6,0,HUMAN
42.5096,62.5,46711.2,0,HUMAN
43.012,62.5,55751.6,0,HUMAN
42.182,54.6875,41678.7,0,HUMAN
44.4345,54.6875,67704.2,0,HUMAN
43.9098,15.625,64878.1,0,HUMAN
43.4094,54.6875,49368.0,0,HUMAN
43.9381,62.5,63158.0,0,HUMAN
42.1932,101.562,45817.0,0,HUMAN
44.5909,54.6875,76266.6,0,HUMAN
42.8796,54.6875,44607.5,0,HUMAN
42.6543,70.3125,46409.9,0,HUMAN
42.2432,62.5,41653.8,0,HUMAN
42.2333,54.6875,44306.6,0,HUMAN
43.1385,54.6875,51601.3,0,HUMAN
43.4839,54.6875,54208.9,0,HUMAN
42.0929,23.4375,39499.5,0,HUMAN
44.4698,15.625,71248.9,0,HUMAN
43.0724,54.6875,55357.9,0,HUMAN
42.2495,62.5,37297.8,0,HUMAN
44.8032,54.6875,72763.2,0,HUMAN
42.2863,62.5,42840.9,0,HUMAN
44.1796,54.6875,69454.4,0,HUMAN
43.6815,54.6875,55749.5,0,HUMAN
44.1641,54.6875,65306.2,0,HUMAN
47.0872,23.4375,124702.0,0,HUMAN
43.4109,70.3125,61510.2,0,HUMAN
42.6773,23.4375,45880.1,0,HUMAN
43.6236,70.3125,62805.4,0,HUMAN
44.0598,54.6875,62670.4,0,HUMAN
43.2385,62.5,60941.2,0,HUMAN
43.591,62.5,58352.9,0,HUMAN
41.1534,23.4375,32792.4,0,HUMAN
45.9543,7.8125,114162.0,0,HUMAN
41.9275,23.4375,43812.9,0,HUMAN
41.6024,54.6875,39828.5,2,HUMAN
42.6997,54.6875,47968.0,0,HUMAN
40.6499,101.562,28302.4,0,HUMAN
44.6721,62.5,78384.6,0,HUMAN
42.414,23.4375,43014.6,0,HUMAN
40.6826,23.4375,30367.4,0,HUMAN
43.2441,54.6875,58486.5,0,HUMAN
43.3608,54.6875,48756.3,0,HUMAN
41.1949,62.5,33233.1,0,HUMAN
43.3641,54.6875,57161.2,0,HUMAN
42.4233,23.4375,56955.8,0,HUMAN
45.3016,70.3125,88413.8,0,HUMAN
47.1745,15.625,112484.0,0,HUMAN
43.5372,15.625,56741.2,0,HUMAN
46.1879,31.25,129803.0,0,HUMAN
43.1909,23.4375,54223.5,0,HUMAN
44.579,54.6875,78214.3,0,HUMAN
44.559,54.6875,70866.9,0,HUMAN
44.0796,54.6875,62639.0,0,HUMAN
45.6073,31.25,94250.2,0,HUMAN
42.9373,70.3125,49218.4,0,HUMAN
40.9008,62.5,31197.3,0,HUMAN
46.6247,62.5,131526.0,0,HUMAN
43.6634,54.6875,57143.6,0,HUMAN
43.2761,70.3125,55931.5,0,HUMAN
44.3376,54.6875,72987.7,0,HUMAN
42.7641,23.4375,55371.2,0,HUMAN
42.8069,62.5,49714.5,0,HUMAN
42.1347,70.3125,42034.6,0,HUMAN
42.7804,23.4375,49172.9,0,HUMAN
45.6478,54.6875,78701.8,0,HUMAN
42.572,23.4375,49317.5,0,HUMAN
44.5947,54.6875,65811.5,0,HUMAN
44.1543,70.3125,59225.5,0,HUMAN
42.7988,54.6875,51126.3,0,HUMAN
41.4641,70.3125,37493.3,0,HUMAN
42.5279,54.6875,47047.8,0,HUMAN
44.0109,54.6875,61383.7,0,HUMAN
45.5852,62.5,73633.1,0,HUMAN
44.5094,54.6875,68241.9,0,HUMAN
42.619,54.6875,43799.0,0,HUMAN
47.7922,23.4375,132579.0,0,HUMAN
41.9821,54.6875,37898.1,0,HUMAN
44.2213,54.6875,65375.3,0,HUMAN
43.9141,23.4375,60775.4,0,HUMAN
42.1745,70.3125,41435.5,0,HUMAN
44.6572,54.6875,69254.4,0,HUMAN
44.5931,54.6875,75918.8,0,HUMAN
40.8645,101.562,28076.3,0,HUMAN
43.4469,70.3125,73743.6,0,HUMAN
42.2829,70.3125,44713.9,0,HUMAN
40.923,23.4375,35179.9,0,HUMAN
42.1903,70.3125,37481.8,0,HUMAN
42.0464,23.4375,40496.1,0,HUMAN
43.0601,54.6875,49022.5,0,HUMAN
42.726,70.3125,47548.8,0,HUMAN
42.3872,54.6875,45464.3,0,HUMAN
42.8802,23.4375,46671.7,0,HUMAN
43.8673,54.6875,70977.8,0,HUMAN
44.2053,54.6875,66597.3,0,HUMAN
42.3449,23.4375,44731.9,0,HUMAN
43.2031,54.6875,46970.3,0,HUMAN
44.5228,62.5,67326.5,0,HUMAN
42.3597,54.6875,43709.6,0,HUMAN
42.1418,62.5,41203.7,0,HUMAN
42.5854,54.6875,48842.8,0,HUMAN
39.7642,62.5,24260.9,0,HUMAN
42.2384,62.5,41430.0,0,HUMAN
41.9287,54.6875,35670.4,0,HUMAN
43.5942,46.875,55347.7,0,HUMAN
43.6762,54.6875,58917.8,0,HUMAN
41.4497,62.5,38394.7,0,HUMAN
43.5373,23.4375,60569.9,0,HUMAN
42.3833,54.6875,44961.1,0,HUMAN
45.0576,46.875,94758.8,0,HUMAN
43.0928,62.5,55705.9,0,HUMAN
41.5007,62.5,37290.6,0,HUMAN
42.2909,54.6875,40431.8,0,HUMAN
43.303,54.6875,55422.0,0,HUMAN
43.7808,70.3125,54931.2,0,HUMAN
42.8122,62.5,47937.5,0,HUMAN
42.5566,54.6875,46385.3,0,HUMAN
43.4426,54.6875,59786.1,0,HUMAN
41.7962,23.4375,34322.3,0,HUMAN
44.7262,54.6875,72747.7,0,HUMAN
42.4685,54.6875,43856.3,0,HUMAN
44.1281,54.6875,55523.2,0,HUMAN
42.4215,54.6875,43232.5,0,HUMAN
43.4864,70.3125,54807.5,0,HUMAN
41.9738,62.5,44053.1,0,HUMAN
41.7073,101.562,36559.5,0,HUMAN
42.4983,62.5,38251.8,0,HUMAN
43.2729,54.6875,53698.2,0,HUMAN
42.6167,23.4375,45608.2,0,HUMAN
42.7945,70.3125,50344.1,0,HUMAN
41.6732,23.4375,33162.3,0,HUMAN
44.484,70.3125,63108.1,0,HUMAN
43.0902,62.5,51632.3,0,HUMAN
45.1244,54.6875,81839.8,0,HUMAN
41.6636,62.5,37382.5,0,HUMAN
44.7796,23.4375,75410.9,0,HUMAN
43.2676,54.6875,62897.9,0,HUMAN
41.0321,23.4375,33718.1,0,HUMAN
42.3771,62.5,42798.8,0,HUMAN
42.3993,54.6875,44229.8,0,HUMAN
40.5562,101.562,26199.5,0,HUMAN
46.2724,70.3125,136566.0,0,HUMAN
45.2813,54.6875,75118.1,0,HUMAN
44.4054,54.6875,62553.9,0,HUMAN
42.8333,70.3125,51069.5,0,HUMAN
43.3577,54.6875,54390.2,0,HUMAN
49.6896,789.062,221665.0,86,NON_HUMAN
44.7882,54.6875,84540.9,0,HUMAN
42.2199,62.5,47589.1,0,HUMAN
42.2783,70.3125,41972.8,0,HUMAN
40.3575,23.4375,26163.6,0,HUMAN
45.2513,15.625,76445.1,0,HUMAN
45.2228,23.4375,67776.9,0,HUMAN
43.5191,15.625,58877.0,0,HUMAN
42.5238,62.5,51383.3,0,HUMAN
41.3779,101.562,34940.1,0,HUMAN
46.6493,54.6875,122387.0,0,HUMAN
44.1578,54.6875,63988.2,0,HUMAN
43.6115,70.3125,59412.2,0,HUMAN
44.2913,54.6875,75141.3,0,HUMAN
42.7272,62.5,47569.4,0,HUMAN
47.9044,789.062,201023.0,10,NON_HUMAN
43.8706,54.6875,58828.1,0,HUMAN
45.0839,789.062,80228.2,1,NON_HUMAN
44.0129,70.3125,65787.7,0,HUMAN
45.0832,781.25,87982.1,0,NON_HUMAN
45.7722,54.6875,86479.3,3,HUMAN
45.3596,54.6875,87428.4,0,HUMAN
45.1442,54.6875,84603.5,0,HUMAN
44.6992,54.6875,78357.1,0,HUMAN
42.8349,70.3125,48990.3,0,HUMAN
40.7258,23.4375,31789.8,0,HUMAN
42.925,62.5,52512.5,0,HUMAN
43.7318,54.6875,61345.7,0,HUMAN
48.4017,789.062,192057.0,6,NON_HUMAN
44.6449,54.6875,77099.4,0,HUMAN
44.3357,54.6875,68313.3,0,HUMAN
43.0612,70.3125,54240.4,0,HUMAN
41.7889,62.5,39530.0,0,HUMAN
42.4956,23.4375,46960.9,0,HUMAN
42.4973,54.6875,46426.6,0,HUMAN
42.9778,54.6875,47211.7,0,HUMAN
46.2647,15.625,107020.0,0,HUMAN
43.8901,54.6875,63609.9,0,HUMAN
41.1181,70.3125,34719.1,0,HUMAN
42.4128,70.3125,50110.8,0,HUMAN
42.7483,46.875,47292.5,0,HUMAN
41.9978,70.3125,40984.3,0,HUMAN
43.1245,46.875,53273.9,0,HUMAN
44.3589,54.6875,65576.2,0,HUMAN
46.0522,23.4375,112464.0,0,HUMAN
43.5891,70.3125,59305.6,0,HUMAN
42.669,54.6875,49311.2,0,HUMAN
42.5112,70.3125,43250.1,0,HUMAN
43.7836,54.6875,56685.0,0,HUMAN
43.0391,54.6875,50530.3,0,HUMAN
42.693,54.6875,50916.7,0,HUMAN
43.0157,54.6875,47819.2,0,HUMAN
43.3693,62.5,56295.6,0,HUMAN
43.1941,62.5,50543.4,0,HUMAN
41.6977,54.6875,34758.8,0,HUMAN
44.6629,54.6875,75555.5,0,HUMAN
42.5541,54.6875,44907.9,0,HUMAN
49.032,31.25,195332.0,0,HUMAN
41.8944,54.6875,43732.0,0,HUMAN
41.4752,54.6875,38015.8,0,HUMAN
43.7934,54.6875,65552.6,0,HUMAN
43.5308,54.6875,57761.4,0,HUMAN
43.1098,70.3125,50084.6,0,HUMAN
41.9465,70.3125,43495.7,0,HUMAN
42.8632,54.6875,47512.4,0,HUMAN
42.24,62.5,39303.1,0,HUMAN
43.8782,54.6875,63235.7,0,HUMAN
41.7378,54.6875,38303.2,0,HUMAN
42.5806,62.5,44627.0,0,HUMAN
42.6084,70.3125,39834.1,0,HUMAN
46.9865,23.4375,107399.0,0,HUMAN
41.9606,54.6875,42296.7,0,HUMAN
42.1142,101.562,45252.5,0,HUMAN
43.8584,70.3125,58765.3,0,HUMAN
43.9248,54.6875,63347.3,0,HUMAN
43.0959,54.6875,47146.9,0,HUMAN
42.3008,54.6875,43066.5,0,HUMAN
42.2165,54.6875,43182.9,0,HUMAN
44.0363,70.3125,60441.9,0,HUMAN
45.571,54.6875,91068.7,0,HUMAN
43.2592,54.6875,52818.8,0,HUMAN
42.2274,62.5,41938.8,0,HUMAN
41.7197,101.562,38486.0,0,HUMAN
41.697,70.3125,43954.1,0,HUMAN
43.2922,54.6875,50113.3,0,HUMAN
42.754,62.5,47476.7,0,HUMAN
43.0927,54.6875,55189.8,0,HUMAN
44.3441,54.6875,68460.6,1,HUMAN
44.5192,54.6875,76197.9,0,HUMAN
44.0501,62.5,64000.5,0,HUMAN
44.9338,54.6875,74721.5,0,HUMAN
44.1953,70.3125,82658.1,0,HUMAN
43.7395,54.6875,55896.0,0,HUMAN
43.9381,54.6875,54033.3,0,HUMAN
42.9522,70.3125,51145.6,5,HUMAN
41.8693,70.3125,37484.7,0,HUMAN
42.1716,70.3125,44969.0,0,HUMAN
42.4221,70.3125,46659.8,0,HUMAN
45.4454,54.6875,87821.9,8,HUMAN
40.8973,62.5,32856.5,0,HUMAN
44.6357,54.6875,75824.1,0,HUMAN
43.674,70.3125,61817.3,0,HUMAN
44.572,54.6875,77418.7,35,HUMAN
43.5799,54.6875,53273.4,0,HUMAN
43.256,54.6875,55030.2,0,HUMAN
40.8152,46.875,32178.5,0,HUMAN
47.1766,54.6875,116372.0,0,HUMAN
40.1545,101.562,25659.5,0,HUMAN
43.9343,54.6875,63173.9,0,HUMAN
44.2768,54.6875,63480.3,0,HUMAN
43.1338,54.6875,52570.5,0,HUMAN
45.4831,54.6875,76705.0,0,HUMAN
41.6778,70.3125,35273.4,0,HUMAN
41.0128,101.562,34470.7,0,HUMAN
45.2542,54.6875,87430.0,0,HUMAN
43.6872,54.6875,56597.9,0,HUMAN
43.7499,15.625,65813.6,0,HUMAN
43.8429,23.4375,59896.7,0,HUMAN
44.2692,54.6875,62248.0,0,HUMAN
43.9025,23.4375,74957.8,0,HUMAN
43.5408,23.4375,50399.8,0,HUMAN
41.5764,70.3125,37554.0,0,HUMAN
42.803,70.3125,48411.5,0,HUMAN
42.1869,23.4375,43441.0,0,HUMAN
45.0187,62.5,89834.5,0,HUMAN
40.8996,23.4375,34872.7,0,HUMAN
41.2782,70.3125,38084.6,0,HUMAN
43.8896,54.6875,65170.4,0,HUMAN
41.0526,54.6875,37531.2,0,HUMAN
44.4232,54.6875,76732.5,0,HUMAN
42.9552,54.6875,49502.5,0,HUMAN
43.5349,54.6875,58485.6,0,HUMAN
44.0907,54.6875,57183.6,0,HUMAN
42.4525,62.5,45641.4,0,HUMAN
42.5986,54.6875,47793.6,0,HUMAN
42.4598,62.5,45718.5,0,HUMAN
42.8887,54.6875,46611.7,0,HUMAN
46.6518,62.5,90937.5,0,HUMAN
43.1308,62.5,50297.2,0,HUMAN
42.1932,54.6875,43797.8,0,HUMAN
42.2464,62.5,47260.8,0,HUMAN
42.3349,54.6875,46947.3,0,HUMAN
46.3542,781.25,117977.0,1,NON_HUMAN
43.8552,62.5,61513.6,0,HUMAN
42.8614,101.562,51823.6,0,HUMAN
44.2285,54.6875,66457.4,0,HUMAN
42.5513,54.6875,48653.0,0,HUMAN
44.3135,62.5,64582.5,0,HUMAN
42.9654,54.6875,54547.0,0,HUMAN
43.1651,70.3125,56444.6,0,HUMAN
45.7166,15.625,94782.5,0,HUMAN
45.4138,54.6875,95074.0,1,HUMAN
44.5386,15.625,77838.6,0,HUMAN
47.7185,15.625,123081.0,0,HUMAN
48.6636,23.4375,140415.0,0,HUMAN
44.107,15.625,59599.2,0,HUMAN
45.2964,62.5,81775.3,0,HUMAN
45.9191,531.25,100196.0,0,HUMAN
44.5584,54.6875,67755.1,0,HUMAN
42.7502,62.5,48801.0,0,HUMAN
43.0178,23.4375,49424.5,1,HUMAN
45.4251,703.125,90635.6,0,NON_HUMAN
46.0874,531.25,101421.0,1,HUMAN
44.7824,23.4375,74930.6,0,HUMAN
41.116,62.5,33161.8,0,HUMAN
41.0286,62.5,35614.6,0,HUMAN
44.096,23.4375,72050.7,0,HUMAN
43.645,54.6875,59205.2,0,HUMAN
42.9594,54.6875,56739.2,0,HUMAN
43.8396,23.4375,56846.2,0,HUMAN
44.8889,531.25,77846.1,0,HUMAN
43.8492,23.4375,69740.8,0,HUMAN
45.2598,62.5,88570.5,0,HUMAN
45.2137,23.4375,93231.4,0,HUMAN
48.1188,62.5,160385.0,0,HUMAN
42.8758,70.3125,51233.0,0,HUMAN
47.5405,531.25,152172.0,18,HUMAN
48.1155,54.6875,162257.0,1,HUMAN
42.1073,23.4375,40922.1,0,HUMAN
45.6485,15.625,96781.8,0,HUMAN
42.7685,70.3125,45877.1,0,HUMAN
41.3419,23.4375,31465.8,0,HUMAN
43.7081,54.6875,56644.5,0,HUMAN
43.6658,54.6875,60480.0,0,HUMAN
43.1795,23.4375,54767.7,0,HUMAN
43.4709,70.3125,57418.3,0,HUMAN
43.6246,54.6875,60540.5,0,HUMAN
42.3329,23.4375,51841.5,0,HUMAN
42.9056,23.4375,42760.1,0,HUMAN
42.7642,54.6875,46213.7,0,HUMAN
44.9872,54.6875,78319.1,0,HUMAN
41.8287,62.5,39368.4,0,HUMAN
44.4788,23.4375,61515.7,0,HUMAN
44.9154,54.6875,79909.9,0,HUMAN
44.7921,7.8125,72650.1,0,HUMAN
44.5722,23.4375,71740.4,0,HUMAN
47.9442,23.4375,187276.0,0,HUMAN
45.1754,70.3125,79601.5,0,HUMAN
46.1125,15.625,98546.4,0,HUMAN
46.0579,23.4375,102789.0,0,HUMAN
46.5957,101.562,132186.0,0,HUMAN
42.5874,70.3125,50005.2,0,HUMAN
43.3445,23.4375,55925.6,0,HUMAN
44.0603,54.6875,67415.9,0,HUMAN
42.4865,23.4375,47678.0,0,HUMAN
43.6031,23.4375,65069.8,0,HUMAN
43.2215,54.6875,55908.2,0,HUMAN
41.1077,23.4375,33314.3,0,HUMAN
44.1975,70.3125,59674.2,0,HUMAN
44.3942,70.3125,65663.6,0,HUMAN
42.1651,23.4375,39936.1,0,HUMAN
44.093,54.6875,64583.8,0,HUMAN
41.6502,23.4375,39706.4,0,HUMAN
47.4861,23.4375,168108.0,0,HUMAN
43.463,23.4375,55244.3,0,HUMAN
43.2674,23.4375,59354.0,0,HUMAN
43.9279,54.6875,63738.1,0,HUMAN
43.937,54.6875,60281.6,0,HUMAN
43.0004,23.4375,50805.3,0,HUMAN
42.0117,23.4375,44708.9,0,HUMAN
42.4658,23.4375,46385.6,0,HUMAN
43.3466,54.6875,56636.2,0,HUMAN
42.3928,23.4375,45085.8,0,HUMAN
40.9104,23.4375,31010.8,0,HUMAN
44.7047,54.6875,70238.2,0,HUMAN
42.4972,23.4375,43548.0,1,HUMAN
44.5969,54.6875,71189.2,0,HUMAN
42.0591,70.3125,44156.6,0,HUMAN
42.2736,23.4375,45968.9,0,HUMAN
44.7833,23.4375,105859.0,0,HUMAN
43.9045,23.4375,60447.6,0,HUMAN
43.0862,23.4375,38790.1,0,HUMAN
43.3099,23.4375,54620.4,0,HUMAN
44.1637,54.6875,63595.8,0,HUMAN
45.277,23.4375,77944.5,0,HUMAN
45.0174,54.6875,76201.0,0,HUMAN
45.0711,62.5,81326.8,0,HUMAN
43.6589,23.4375,58801.4,0,HUMAN
44.5476,54.6875,67867.1,0,HUMAN
44.7643,23.4375,81374.6,0,HUMAN
42.6512,23.4375,45573.1,0,HUMAN
44.5732,54.6875,71926.3,0,HUMAN
44.2408,54.6875,64076.4,0,HUMAN
42.4065,23.4375,47393.2,0,HUMAN
42.0937,23.4375,43034.1,0,HUMAN
52.143,15.625,382143.0,0,HUMAN
43.9825,23.4375,70629.3,0,HUMAN
43.6083,23.4375,56811.3,0,HUMAN
44.353,70.3125,64351.6,0,HUMAN
43.7141,23.4375,55598.6,0,HUMAN
43.9142,23.4375,68654.7,0,HUMAN
43.2528,23.4375,53376.3,0,HUMAN
44.5306,54.6875,72719.8,0,HUMAN
44.7282,70.3125,69152.6,0,HUMAN
42.9447,23.4375,49717.5,0,HUMAN
44.6933,23.4375,70876.8,0,HUMAN
43.0131,23.4375,50768.4,0,HUMAN
43.5065,23.4375,56717.6,0,HUMAN
44.126,23.4375,76857.4,0,HUMAN
44.229,23.4375,68958.7,0,HUMAN
44.1221,54.6875,73829.1,0,HUMAN
43.1908,23.4375,50614.2,0,HUMAN
43.8307,23.4375,60385.1,0,HUMAN
43.0028,23.4375,46434.5,0,HUMAN
43.5393,23.4375,57513.3,0,HUMAN
43.6168,23.4375,51562.5,0,HUMAN
45.6679,54.6875,99649.0,0,HUMAN
42.3684,70.3125,39751.5,0,HUMAN
43.1834,23.4375,52481.0,0,HUMAN
45.6794,54.6875,90058.2,0,HUMAN
42.8903,23.4375,42333.7,0,HUMAN
44.5767,54.6875,76444.3,0,HUMAN
44.3168,54.6875,65883.2,0,HUMAN
44.5822,54.6875,76239.0,0,HUMAN
46.3421,7.8125,114212.0,0,HUMAN
44.0365,54.6875,67390.6,0,HUMAN
42.0762,23.4375,37604.1,0,HUMAN
44.5281,23.4375,77350.2,0,HUMAN
43.4474,23.4375,59087.8,0,HUMAN
46.7454,765.625,121766.0,19,NON_HUMAN
43.2701,23.4375,53026.7,0,HUMAN
41.9829,23.4375,41680.2,0,HUMAN
45.0197,70.3125,82213.8,0,HUMAN
43.4144,54.6875,56421.1,0,HUMAN
42.487,54.6875,41284.2,0,HUMAN
43.7127,54.6875,58320.1,0,HUMAN
44.4935,23.4375,69166.1,0,HUMAN
43.1823,62.5,60378.0,0,HUMAN
42.9557,62.5,52156.8,0,HUMAN
43.787,23.4375,59846.3,0,HUMAN
40.8571,62.5,32079.2,0,HUMAN
41.9723,23.4375,38436.6,0,HUMAN
45.3656,828.125,82141.0,0,NON_HUMAN
43.5969,70.3125,57997.2,0,HUMAN
43.2901,23.4375,54910.8,0,HUMAN
45.07,23.4375,80305.7,0,HUMAN
44.7021,54.6875,78476.0,0,HUMAN
45.8522,828.125,96239.7,0,NON_HUMAN
44.2243,554.688,67497.7,0,HUMAN
44.775,70.3125,71672.6,0,HUMAN
43.8242,62.5,61708.3,0,HUMAN
44.3478,54.6875,69979.0,0,HUMAN
42.4586,23.4375,38799.5,0,HUMAN
45.0237,23.4375,76784.6,0,HUMAN
44.6816,54.6875,80405.4,0,HUMAN
43.7802,54.6875,59045.9,0,HUMAN
46.1522,62.5,102119.0,0,HUMAN
43.635,23.4375,53106.1,0,HUMAN
44.4282,70.3125,80118.6,0,HUMAN
41.5784,23.4375,35486.2,0,HUMAN
42.6642,23.4375,48764.9,0,HUMAN
44.5639,23.4375,71529.5,0,HUMAN
45.2548,54.6875,81863.0,0,HUMAN
44.4068,54.6875,70066.9,0,HUMAN
44.0208,54.6875,59990.9,0,HUMAN
41.5928,23.4375,35576.4,0,HUMAN
44.9641,31.25,86529.0,0,HUMAN
42.0555,23.4375,40223.8,0,HUMAN
42.8635,23.4375,55867.1,0,HUMAN
44.45,23.4375,66432.8,0,HUMAN
42.0997,54.6875,44702.4,0,HUMAN
42.9746,54.6875,50043.5,0,HUMAN
44.2597,54.6875,68952.7,0,HUMAN
43.9155,54.6875,67565.7,0,HUMAN
42.5865,23.4375,40433.0,0,HUMAN
44.0756,54.6875,66331.2,0,HUMAN
41.1965,23.4375,32308.2,0,HUMAN
45.5491,54.6875,92232.2,0,HUMAN
41.9934,23.4375,40480.2,0,HUMAN
43.0423,54.6875,54320.3,0,HUMAN
43.7671,23.4375,60736.1,0,HUMAN
43.2262,54.6875,47040.9,0,HUMAN
45.6441,23.4375,138448.0,0,HUMAN
43.6698,54.6875,57692.6,0,HUMAN
42.5561,23.4375,45080.8,0,HUMAN
44.2612,54.6875,69233.9,0,HUMAN
43.4507,54.6875,55119.7,0,HUMAN
43.757,54.6875,56986.3,0,HUMAN
44.2209,54.6875,66036.5,0,HUMAN
42.3915,23.4375,42004.6,0,HUMAN
44.4056,62.5,73364.1,0,HUMAN
43.3382,54.6875,55493.9,0,HUMAN
44.4385,54.6875,63842.8,0,HUMAN
43.8759,70.3125,62188.9,0,HUMAN
41.942,23.4375,38720.0,0,HUMAN
43.9207,23.4375,54505.1,0,HUMAN
42.1453,46.875,39110.2,0,HUMAN
44.04,54.6875,60753.0,0,HUMAN
44.6917,23.4375,76894.5,0,HUMAN
41.9446,23.4375,42253.8,0,HUMAN
42.9278,54.6875,50017.5,0,HUMAN
43.267,23.4375,53537.6,0,HUMAN
44.3343,54.6875,55486.3,0,HUMAN
42.7651,23.4375,55531.2,0,HUMAN
41.3626,70.3125,36574.0,0,HUMAN
47.9496,23.4375,134637.0,0,HUMAN
45.6424,54.6875,92305.1,0,HUMAN
44.683,23.4375,73459.4,0,HUMAN
44.7426,54.6875,69055.3,0,HUMAN
44.7373,23.4375,77354.3,0,HUMAN
43.7317,54.6875,58752.5,2,HUMAN
48.2579,70.3125,169089.0,0,HUMAN
44.8226,23.4375,75431.7,0,HUMAN
42.9779,23.4375,49873.4,0,HUMAN
44.7982,54.6875,90902.9,0,HUMAN
42.8792,54.6875,49757.2,0,HUMAN
43.551,70.3125,55909.5,0,HUMAN
42.5115,70.3125,52082.6,0,HUMAN
44.5718,62.5,77000.7,0,HUMAN
44.3606,23.4375,67159.8,0,HUMAN
44.3334,23.4375,63876.8,0,HUMAN
44.4428,23.4375,71403.3,0,HUMAN
44.7726,62.5,81141.5,0,HUMAN
43.8357,23.4375,57248.3,0,HUMAN
44.3571,23.4375,72579.5,0,HUMAN
43.9202,70.3125,64548.2,0,HUMAN
43.2414,23.4375,55515.5,0,HUMAN
42.6395,54.6875,45283.9,0,HUMAN
43.8529,23.4375,67145.8,0,HUMAN
45.0355,54.6875,76718.2,0,HUMAN
44.9742,15.625,77192.0,0,HUMAN
43.224,23.4375,54554.2,0,HUMAN
44.6613,54.6875,70324.1,0,HUMAN
41.3451,70.3125,35890.3,0,HUMAN
43.6196,23.4375,64304.6,0,HUMAN
45.6415,54.6875,82324.0,0,HUMAN
43.8466,54.6875,63667.9,0,HUMAN
42.7464,101.562,46837.8,0,HUMAN
44.4727,62.5,82368.3,0,HUMAN
44.8153,54.6875,74616.2,0,HUMAN
43.9016,23.4375,65051.6,0,HUMAN
47.5242,7.8125,124389.0,0,HUMAN
43.6988,54.6875,53062.4,0,HUMAN
43.6441,23.4375,60742.8,0,HUMAN
44.8685,23.4375,85273.5,0,HUMAN
42.7017,23.4375,43363.2,0,HUMAN
44.6703,62.5,69939.2,0,HUMAN
46.3855,15.625,81499.8,0,HUMAN
42.6222,62.5,44582.9,0,HUMAN
43.4071,62.5,52848.2,0,HUMAN
43.6187,23.4375,58330.0,0,HUMAN
43.1553,15.625,62092.4,0,HUMAN
44.8644,23.4375,75365.7,0,HUMAN
42.552,23.4375,49982.9,0,HUMAN
42.2962,62.5,47684.7,0,HUMAN
42.8713,54.6875,46162.4,0,HUMAN
45.9073,54.6875,92409.0,0,HUMAN
43.0236,70.3125,52769.4,0,HUMAN
42.047,23.4375,42528.0,0,HUMAN
46.3475,62.5,90879.3,0,HUMAN
44.4147,54.6875,69382.9,0,HUMAN
42.034,70.3125,38837.0,0,HUMAN
43.6126,62.5,58195.7,1,HUMAN
42.9309,54.6875,47830.4,0,HUMAN
45.0974,23.4375,66566.4,0,HUMAN
41.9962,54.6875,41585.1,0,HUMAN
41.0113,15.625,33402.9,0,HUMAN
41.4306,62.5,35538.9,0,HUMAN
43.584,23.4375,59395.0,0,HUMAN
43.9782,54.6875,62986.1,0,HUMAN
44.049,54.6875,64812.1,0,HUMAN
43.2917,23.4375,53292.8,0,HUMAN
44.7924,46.875,74825.8,0,HUMAN
43.2277,54.6875,55352.6,0,HUMAN
42.4715,70.3125,42895.8,0,HUMAN
43.138,54.6875,45663.8,0,HUMAN
42.5252,46.875,47459.9,0,HUMAN
41.9435,54.6875,41909.6,0,HUMAN
42.9114,62.5,52142.7,0,HUMAN
45.566,54.6875,89326.9,0,HUMAN
43.448,54.6875,57723.3,0,HUMAN
47.3921,31.25,139757.0,0,HUMAN
43.7014,54.6875,70027.3,0,HUMAN
44.8144,54.6875,77948.3,0,HUMAN
42.9867,70.3125,54415.7,0,HUMAN
43.9561,54.6875,60192.8,0,HUMAN
44.8053,62.5,70890.6,0,HUMAN
45.3479,828.125,93375.2,0,NON_HUMAN
45.3625,15.625,86872.0,0,HUMAN
40.6936,54.6875,31488.5,0,HUMAN
42.8382,54.6875,46043.0,0,HUMAN
43.133,62.5,52754.6,0,HUMAN
45.2478,15.625,63811.6,0,HUMAN
46.3101,15.625,104500.0,0,HUMAN
48.2497,46.875,182361.0,0,HUMAN
45.162,23.4375,90524.1,0,HUMAN
43.464,62.5,58005.6,0,HUMAN
44.1581,23.4375,69640.1,0,HUMAN
44.1166,62.5,85833.1,0,HUMAN
42.0473,70.3125,41501.6,0,HUMAN
45.0973,62.5,79044.3,0,HUMAN
47.2382,23.4375,151190.0,26,HUMAN
41.8493,23.4375,37442.9,0,HUMAN
41.0662,23.4375,31737.3,0,HUMAN
43.435,54.6875,56369.3,0,HUMAN
42.5703,15.625,43668.2,0,HUMAN
43.2515,54.6875,53270.8,0,HUMAN
45.1986,54.6875,83306.1,0,HUMAN
44.9808,54.6875,81889.5,0,HUMAN
43.3916,23.4375,39815.5,0,HUMAN
43.2009,23.4375,49700.0,0,HUMAN
43.2239,23.4375,55030.9,0,HUMAN
43.734,23.4375,61129.1,0,HUMAN
41.8805,23.4375,38887.8,0,HUMAN
43.7662,23.4375,57564.1,0,HUMAN
43.1707,54.6875,47460.7,0,HUMAN
52.8863,62.5,693279.0,77,HUMAN
41.615,23.4375,36225.0,0,HUMAN
45.9731,15.625,112339.0,0,HUMAN
48.5398,15.625,183461.0,0,HUMAN
44.2196,15.625,61160.1,0,HUMAN
45.0072,62.5,77854.6,0,HUMAN
43.907,23.4375,60643.0,0,HUMAN
44.2847,23.4375,75969.2,5,HUMAN
44.1154,23.4375,61294.1,0,HUMAN
44.1432,54.6875,74551.8,0,HUMAN
46.0413,7.8125,73841.3,0,HUMAN
44.2629,23.4375,73713.0,0,HUMAN
47.8944,70.3125,151808.0,0,HUMAN
44.536,62.5,66425.5,0,HUMAN
43.3604,23.4375,55079.6,0,HUMAN
44.6972,23.4375,83998.2,0,HUMAN
45.0182,70.3125,78521.4,0,HUMAN
44.4007,23.4375,68670.5,0,HUMAN
44.3893,23.4375,70626.3,4,HUMAN
43.3347,23.4375,57771.6,0,HUMAN
43.745,23.4375,62400.0,0,HUMAN
41.9956,23.4375,40195.2,0,HUMAN
42.4275,62.5,46689.8,0,HUMAN
53.836,7.8125,1014620.0,0,HUMAN
44.7921,23.4375,88543.4,0,HUMAN
43.4083,70.3125,62088.9,0,HUMAN
43.3873,62.5,54584.0,0,HUMAN
42.8629,23.4375,48353.2,0,HUMAN
42.2629,70.3125,40218.9,0,HUMAN
42.7654,7.8125,45757.4,0,HUMAN
45.7046,62.5,106420.0,1,HUMAN
48.5921,15.625,170916.0,0,HUMAN
42.3739,15.625,45425.3,0,HUMAN
45.899,54.6875,94287.8,0,HUMAN
46.357,54.6875,107783.0,0,HUMAN
42.8777,23.4375,51486.9,0,HUMAN
68.7061,7.8125,3.55947E7,0,HUMAN
49.4043,250.0,221196.0,0,HUMAN
45.5814,23.4375,100554.0,0,HUMAN
44.018,23.4375,69532.2,0,HUMAN
68.8775,7.8125,3.70291E7,0,HUMAN
42.3297,101.562,47073.5,0,HUMAN
41.0291,23.4375,35676.7,0,HUMAN
68.4418,7.8125,3.37147E7,0,HUMAN
42.554,23.4375,47317.1,0,HUMAN
44.1459,54.6875,62633.3,0,HUMAN
68.6606,7.8125,3.52322E7,0,HUMAN
45.8973,54.6875,93156.4,0,HUMAN
43.106,70.3125,52692.5,0,HUMAN
68.1401,7.8125,3.17903E7,2,HUMAN
44.1189,23.4375,70768.4,0,HUMAN
44.4029,23.4375,65772.1,4,HUMAN
68.7413,7.8125,3.58516E7,0,HUMAN
45.2765,54.6875,73973.7,1,HUMAN
42.7786,23.4375,44981.1,0,HUMAN
68.6373,7.8125,3.50275E7,0,HUMAN
43.8187,23.4375,71076.6,0,HUMAN
0.0,0.0,0.0,0,HUMAN
57.5619,54.6875,4246070.0,166,HUMAN
44.7893,54.6875,69342.8,0,HUMAN
44.2928,54.6875,80556.2,0,HUMAN
55.3277,7.8125,69770.1,0,HUMAN
42.2582,23.4375,38883.6,0,HUMAN
43.8284,23.4375,53000.5,0,HUMAN
61.0352,7.8125,117493.0,0,HUMAN
44.3704,54.6875,67925.3,0,HUMAN
44.8404,62.5,77042.0,0,HUMAN
43.9045,54.6875,63268.2,0,HUMAN
43.3093,23.4375,50786.4,0,HUMAN
44.0616,54.6875,60827.5,0,HUMAN
67.8491,7.8125,2.96189E7,0,HUMAN
42.5596,23.4375,49123.3,0,HUMAN
44.4086,23.4375,60658.0,0,HUMAN
43.0191,23.4375,47522.0,0,HUMAN
44.4961,62.5,70360.7,0,HUMAN
44.9412,54.6875,80345.8,0,HUMAN
44.0072,23.4375,62318.3,0,HUMAN
43.5504,23.4375,61228.8,0,HUMAN
47.1358,15.625,192449.0,0,HUMAN
44.5411,62.5,69326.8,0,HUMAN
42.4606,23.4375,47592.5,0,HUMAN
0.0,0.0,0.0,0,HUMAN
42.355,23.4375,40373.3,0,HUMAN
43.9352,70.3125,61202.5,0,HUMAN
44.226,23.4375,64949.1,0,HUMAN
45.4623,54.6875,88097.3,0,HUMAN
43.6673,54.6875,57162.9,0,HUMAN
42.1155,23.4375,38074.9,0,HUMAN
47.038,7.8125,93988.0,0,HUMAN
45.1675,54.6875,77441.8,0,HUMAN
43.7925,23.4375,64771.4,0,HUMAN
44.8406,54.6875,80044.0,0,HUMAN
45.0957,23.4375,77698.3,0,HUMAN
44.5276,54.6875,69856.6,0,HUMAN
69.0125,7.8125,3.79202E7,0,HUMAN
44.34,23.4375,67126.6,0,HUMAN
42.9079,23.4375,56231.6,0,HUMAN
68.629,7.8125,3.49534E7,0,HUMAN
44.3659,23.4375,70347.2,0,HUMAN
68.0373,7.8125,3.10444E7,0,HUMAN
46.319,54.6875,103632.0,0,HUMAN
44.6935,54.6875,72035.2,0,HUMAN
44.4948,23.4375,74971.4,0,HUMAN
43.9911,62.5,59042.5,0,HUMAN
44.5204,54.6875,70165.0,0,HUMAN
45.1588,23.4375,78730.5,0,HUMAN
44.036,23.4375,57848.2,0,HUMAN
42.3582,23.4375,45280.8,0,HUMAN
46.4255,62.5,110166.0,0,HUMAN
43.8216,54.6875,66506.9,0,HUMAN
44.5163,54.6875,71567.4,0,HUMAN
43.8567,54.6875,56956.4,0,HUMAN
68.5073,7.8125,3.42471E7,0,HUMAN
44.1135,23.4375,64963.2,0,HUMAN
44.0248,23.4375,57813.7,0,HUMAN
43.7117,23.4375,55932.1,0,HUMAN
44.5415,62.5,73743.5,0,HUMAN
42.602,23.4375,45171.3,0,HUMAN
45.4177,23.4375,94854.0,0,HUMAN
42.7537,23.4375,45564.2,0,HUMAN
44.9368,23.4375,79352.1,0,HUMAN
45.1516,23.4375,77680.0,0,HUMAN
44.1781,23.4375,63426.0,0,HUMAN
44.5064,23.4375,65927.5,0,HUMAN
44.6,54.6875,78529.4,0,HUMAN
45.4059,23.4375,83737.3,0,HUMAN
43.6558,62.5,69887.7,0,HUMAN
43.9626,23.4375,61490.3,0,HUMAN
43.4868,23.4375,52979.9,0,HUMAN
43.1629,23.4375,48021.7,0,HUMAN
42.3665,23.4375,43660.1,0,HUMAN
44.0312,23.4375,74850.9,0,HUMAN
44.6516,23.4375,81615.7,0,HUMAN
44.3313,23.4375,74565.8,0,HUMAN
43.4338,23.4375,51457.4,0,HUMAN
44.1283,54.6875,67837.3,0,HUMAN
44.466,23.4375,70622.8,0,HUMAN
45.9737,54.6875,96109.4,1,HUMAN
43.8596,54.6875,63812.8,0,HUMAN
43.2479,23.4375,46756.6,0,HUMAN
44.058,23.4375,71796.1,0,HUMAN
44.119,62.5,73072.6,0,HUMAN
45.8187,23.4375,88090.4,0,HUMAN
44.9002,54.6875,74574.7,0,HUMAN
47.2707,46.875,124132.0,0,HUMAN
42.6617,54.6875,49296.3,0,HUMAN
46.3773,23.4375,117771.0,0,HUMAN
43.8827,23.4375,57006.2,0,HUMAN
44.7105,23.4375,79434.6,0,HUMAN
44.7198,23.4375,68834.7,0,HUMAN
44.0182,23.4375,60891.9,0,HUMAN
46.4683,23.4375,109305.0,0,HUMAN
44.5674,23.4375,71212.4,1,HUMAN
45.5254,23.4375,96240.0,1,HUMAN
44.6686,23.4375,77171.4,0,HUMAN
46.7873,23.4375,115002.0,0,HUMAN
43.7404,23.4375,65240.5,0,HUMAN
44.8195,23.4375,72218.8,0,HUMAN
45.7542,23.4375,95012.3,1,HUMAN
44.4235,23.4375,73540.6,0,HUMAN
45.4451,23.4375,97351.7,0,HUMAN
45.6559,23.4375,93827.9,0,HUMAN
45.6005,23.4375,87755.2,0,HUMAN
44.5943,23.4375,70319.1,0,HUMAN
49.1067,23.4375,176260.0,0,HUMAN
43.8353,23.4375,59959.4,0,HUMAN
44.65,54.6875,70679.7,0,HUMAN
43.6562,54.6875,58302.3,0,HUMAN
46.0637,23.4375,106420.0,0,HUMAN
43.8697,23.4375,63704.0,0,HUMAN
45.0426,23.4375,76995.7,0,HUMAN
43.6601,23.4375,54817.5,0,HUMAN
43.7397,23.4375,56453.6,0,HUMAN
0.0,0.0,0.0,0,HUMAN
45.9135,23.4375,91013.3,0,HUMAN
44.3419,23.4375,62065.8,0,HUMAN
44.2102,23.4375,72076.5,0,HUMAN
46.3801,54.6875,97618.2,0,HUMAN
46.2798,23.4375,114474.0,0,HUMAN
44.0615,23.4375,70513.3,0,HUMAN
46.1441,23.4375,101508.0,0,HUMAN
45.1568,23.4375,83933.2,0,HUMAN
43.4794,23.4375,56128.4,0,HUMAN
45.8103,23.4375,91674.1,5,HUMAN
45.0002,23.4375,78693.9,0,HUMAN
44.3133,23.4375,69155.8,0,HUMAN
44.8603,23.4375,76963.4,3,HUMAN
67.6378,7.8125,2.85067E7,24,HUMAN
46.1077,23.4375,97513.7,0,HUMAN
44.1683,23.4375,71912.2,0,HUMAN
44.6873,23.4375,83782.6,0,HUMAN
45.3668,23.4375,84080.1,0,HUMAN
46.1142,23.4375,109843.0,1,HUMAN
46.0624,54.6875,110900.0,0,HUMAN
44.2231,23.4375,65453.2,0,HUMAN
46.0971,23.4375,107588.0,0,HUMAN
44.5646,23.4375,66944.2,0,HUMAN
44.0753,23.4375,67108.5,0,HUMAN
46.2784,23.4375,113145.0,0,HUMAN
43.8784,23.4375,61762.1,0,HUMAN
43.1318,23.4375,57755.9,0,HUMAN
45.0522,23.4375,82029.0,0,HUMAN
67.8251,7.8125,2.95513E7,0,HUMAN
45.7152,23.4375,90667.0,0,HUMAN
44.8137,23.4375,77335.9,0,HUMAN
48.5776,62.5,186508.0,0,HUMAN
45.5084,15.625,81170.6,0,HUMAN
45.8381,62.5,96966.6,0,HUMAN
44.9801,23.4375,75041.0,0,HUMAN
44.1975,23.4375,66339.2,0,HUMAN
45.3368,23.4375,86054.5,0,HUMAN
45.5888,23.4375,92352.9,0,HUMAN
44.6311,23.4375,72712.8,0,HUMAN
46.139,23.4375,104257.0,0,HUMAN
44.0254,23.4375,60532.7,0,HUMAN
45.1715,54.6875,76614.0,0,HUMAN
44.974,62.5,83879.9,0,HUMAN
67.4861,7.8125,2.74232E7,0,HUMAN
44.6246,23.4375,72327.4,0,HUMAN
45.9101,54.6875,87028.2,0,HUMAN
67.6802,7.8125,2.84988E7,0,HUMAN
44.115,23.4375,58793.2,0,HUMAN
44.6231,23.4375,67177.1,0,HUMAN
43.4932,23.4375,62705.6,0,HUMAN
44.618,23.4375,70773.9,0,HUMAN
44.013,23.4375,65966.0,0,HUMAN
45.3214,23.4375,79253.2,0,HUMAN
45.7295,23.4375,86678.3,0,HUMAN
44.0887,23.4375,64154.2,0,HUMAN
45.6408,23.4375,100045.0,0,HUMAN
44.9953,23.4375,81586.5,0,HUMAN
43.372,23.4375,56301.6,0,HUMAN
42.8458,23.4375,50401.1,0,HUMAN
44.9875,23.4375,70014.2,0,HUMAN
44.7133,23.4375,78398.3,0,HUMAN
44.7811,23.4375,70502.8,0,HUMAN
45.0692,23.4375,84907.4,0,HUMAN
45.8939,54.6875,102378.0,0,HUMAN
45.7019,23.4375,85619.1,0,HUMAN
44.6498,23.4375,71684.9,0,HUMAN
43.827,23.4375,57449.8,0,HUMAN
44.7885,23.4375,77301.1,0,HUMAN
45.9833,23.4375,94366.7,0,HUMAN
46.2874,62.5,107760.0,0,HUMAN
44.8309,23.4375,69731.5,0,HUMAN
44.6007,23.4375,73032.6,0,HUMAN
44.5199,23.4375,84759.0,0,HUMAN
46.2585,23.4375,105048.0,0,HUMAN
48.6779,62.5,193426.0,0,HUMAN
68.3293,7.8125,3.26889E7,1,HUMAN
43.1264,23.4375,55337.9,0,HUMAN
45.0027,23.4375,91034.4,0,HUMAN
44.3066,70.3125,62434.8,0,HUMAN
44.4646,54.6875,71427.4,0,HUMAN
45.375,23.4375,91973.4,0,HUMAN
45.5306,23.4375,85752.5,0,HUMAN
44.381,23.4375,70498.2,0,HUMAN
44.8818,23.4375,75596.2,0,HUMAN
46.0144,23.4375,98451.3,0,HUMAN
44.8795,54.6875,75885.7,0,HUMAN
44.6422,23.4375,72258.5,0,HUMAN
45.512,23.4375,82568.4,0,HUMAN
44.7574,23.4375,75774.7,0,HUMAN
46.0735,23.4375,109509.0,0,HUMAN
67.9249,7.8125,3.03579E7,0,HUMAN
45.1239,23.4375,84866.4,0,HUMAN
44.4144,23.4375,67897.6,0,HUMAN
46.0714,23.4375,92685.0,0,HUMAN
45.1605,23.4375,74844.6,0,HUMAN
46.3768,23.4375,90696.6,0,HUMAN
45.5224,23.4375,82149.6,0,HUMAN
47.5706,23.4375,128301.0,0,HUMAN
46.1853,54.6875,98086.0,0,HUMAN
44.7544,23.4375,71194.2,0,HUMAN
45.1277,62.5,82644.3,0,HUMAN
45.8242,54.6875,93612.2,0,HUMAN
44.3532,23.4375,71611.3,0,HUMAN
42.7209,23.4375,48078.8,0,HUMAN
67.6555,7.8125,2.80072E7,1,HUMAN
45.3242,62.5,87305.5,0,HUMAN
46.3085,23.4375,103426.0,0,HUMAN
68.2428,7.8125,3.22261E7,0,HUMAN
43.7654,23.4375,65681.1,0,HUMAN
43.804,23.4375,66668.9,0,HUMAN
67.9327,7.8125,3.04034E7,0,HUMAN
45.6033,23.4375,93184.6,0,HUMAN
45.0914,54.6875,84118.5,0,HUMAN
46.1086,23.4375,98304.0,0,HUMAN
67.8438,7.8125,2.92101E7,0,HUMAN
43.5095,23.4375,50179.4,0,HUMAN
44.7465,23.4375,67515.8,0,HUMAN
67.7615,7.8125,2.88697E7,0,HUMAN
44.1903,54.6875,60091.7,0,HUMAN
44.4946,23.4375,76136.8,0,HUMAN
68.4764,7.8125,3.38163E7,0,HUMAN
43.8172,23.4375,47911.5,0,HUMAN
45.6064,23.4375,93481.3,0,HUMAN
45.9175,54.6875,108903.0,0,HUMAN
67.5273,7.8125,2.76307E7,0,HUMAN
44.4952,54.6875,66193.2,0,HUMAN
45.0007,23.4375,76231.3,0,HUMAN
67.7852,7.8125,2.9188E7,0,HUMAN
44.3528,54.6875,70308.2,0,HUMAN
67.9909,7.8125,3.04128E7,0,HUMAN
46.3898,23.4375,117824.0,0,HUMAN
45.6784,23.4375,94428.1,0,HUMAN
46.503,54.6875,101220.0,0,HUMAN
45.1611,23.4375,81508.4,0,HUMAN
43.409,23.4375,62602.5,0,HUMAN
44.16,23.4375,66899.3,0,HUMAN
43.5493,23.4375,56223.9,0,HUMAN
44.8819,23.4375,77934.1,0,HUMAN
45.9376,23.4375,95203.9,0,HUMAN
44.6994,23.4375,72595.3,0,HUMAN
43.0632,23.4375,54701.4,0,HUMAN
44.3916,23.4375,69809.4,0,HUMAN
44.7723,23.4375,73266.9,0,HUMAN
45.0921,54.6875,74793.0,0,HUMAN
42.9355,23.4375,49326.2,0,HUMAN
43.4938,23.4375,59061.1,0,HUMAN
44.7487,23.4375,69086.5,0,HUMAN
45.8036,23.4375,87243.3,0,HUMAN
44.2799,23.4375,61272.3,0,HUMAN
45.7534,23.4375,91038.5,0,HUMAN
44.9341,23.4375,82894.7,0,HUMAN
44.0545,23.4375,62008.2,0,HUMAN
45.8158,23.4375,94795.3,0,HUMAN
44.8892,23.4375,80933.6,0,HUMAN
44.6366,23.4375,76917.4,0,HUMAN
45.1826,54.6875,82394.4,0,HUMAN
43.2611,23.4375,61507.5,0,HUMAN
69.1323,7.8125,3.87165E7,0,HUMAN
43.8418,23.4375,63888.5,0,HUMAN
45.5804,23.4375,88491.6,0,HUMAN
68.2912,7.8125,3.28592E7,0,HUMAN
45.3973,23.4375,82103.0,0,HUMAN
67.9159,7.8125,2.99025E7,0,HUMAN
44.2833,23.4375,70801.2,0,HUMAN
44.2819,23.4375,62480.5,0,HUMAN
44.7444,23.4375,75626.9,0,HUMAN
44.8305,23.4375,81294.6,0,HUMAN
44.7684,23.4375,76181.6,0,HUMAN
45.2283,54.6875,79510.7,0,HUMAN
44.5113,23.4375,75841.5,0,HUMAN
45.4636,54.6875,98282.3,0,HUMAN
45.0011,54.6875,82310.6,0,HUMAN
43.0908,101.562,50804.4,0,HUMAN
43.7854,23.4375,59635.7,0,HUMAN
68.2815,7.8125,3.27463E7,0,HUMAN
43.5157,23.4375,61684.5,0,HUMAN
44.8553,23.4375,76034.6,0,HUMAN
45.5849,54.6875,96252.7,0,HUMAN
42.8269,23.4375,50148.5,0,HUMAN
67.9167,7.8125,3.01453E7,0,HUMAN
46.8803,54.6875,113790.0,0,HUMAN
46.0069,54.6875,104672.0,0,HUMAN
68.3759,7.8125,3.31424E7,0,HUMAN
44.4884,23.4375,79099.3,0,HUMAN
45.5516,54.6875,89525.2,0,HUMAN
46.179,54.6875,105884.0,0,HUMAN
43.8794,23.4375,67448.0,0,HUMAN
47.0594,23.4375,139268.0,0,HUMAN
45.0578,23.4375,69996.3,0,HUMAN
46.5607,23.4375,115290.0,0,HUMAN
49.6916,15.625,223219.0,0,HUMAN
44.9239,15.625,63843.0,0,HUMAN
44.3661,54.6875,67193.3,0,HUMAN
45.471,23.4375,77176.4,0,HUMAN
45.761,23.4375,90461.9,0,HUMAN
44.5598,23.4375,69423.5,0,HUMAN
44.1965,23.4375,66390.0,0,HUMAN
44.5878,54.6875,76971.0,0,HUMAN
43.9687,23.4375,60633.3,0,HUMAN
43.5461,23.4375,54612.7,0,HUMAN
43.7293,23.4375,63006.0,0,HUMAN
45.4067,23.4375,81415.7,0,HUMAN
45.6958,23.4375,87179.9,0,HUMAN
43.2758,23.4375,51748.5,0,HUMAN
43.8729,23.4375,58261.0,0,HUMAN
69.0671,7.8125,3.82811E7,0,HUMAN
44.5707,23.4375,76226.6,0,HUMAN
68.5422,7.8125,3.42233E7,0,HUMAN
44.4305,23.4375,74601.0,0,HUMAN
46.1694,23.4375,101893.0,0,HUMAN
46.4078,23.4375,109105.0,0,HUMAN
44.0187,23.4375,71874.7,0,HUMAN
44.8431,23.4375,80721.8,0,HUMAN
46.3289,70.3125,111370.0,0,HUMAN
44.8939,23.4375,76263.4,0,HUMAN
44.3752,23.4375,70490.4,0,HUMAN
43.1017,23.4375,48198.0,0,HUMAN
44.5164,23.4375,78666.6,0,HUMAN
44.5358,23.4375,71543.6,0,HUMAN
44.4599,23.4375,69748.5,0,HUMAN
67.7865,7.8125,2.92137E7,0,HUMAN
44.9025,23.4375,74934.3,0,HUMAN
43.8218,23.4375,56402.9,0,HUMAN
43.2943,23.4375,51240.2,0,HUMAN
45.9995,23.4375,91676.8,0,HUMAN
44.4982,23.4375,70549.0,0,HUMAN
44.1367,23.4375,66461.4,0,HUMAN
45.5843,62.5,88662.8,0,HUMAN
44.6409,23.4375,72752.4,0,HUMAN
44.1237,23.4375,61882.0,0,HUMAN
44.8186,23.4375,84082.9,0,HUMAN
44.4866,23.4375,65911.5,0,HUMAN
43.0227,23.4375,51785.0,0,HUMAN
44.1131,23.4375,65885.1,0,HUMAN
68.9048,7.8125,3.70133E7,0,HUMAN
45.5499,23.4375,90277.5,0,HUMAN
43.8446,23.4375,58183.2,0,HUMAN
68.7874,7.8125,3.63112E7,0,HUMAN
43.7746,23.4375,55528.9,0,HUMAN
45.2605,23.4375,79888.5,0,HUMAN
68.2398,7.8125,3.23079E7,0,HUMAN
45.4493,62.5,90244.2,0,HUMAN
45.5139,23.4375,94280.5,0,HUMAN
44.0577,23.4375,67099.4,0,HUMAN
45.0425,62.5,84291.2,0,HUMAN
68.1341,7.8125,3.14377E7,0,HUMAN
44.6864,23.4375,68650.7,0,HUMAN
43.0963,23.4375,51559.3,0,HUMAN
44.8893,23.4375,78909.1,0,HUMAN
43.8517,23.4375,61960.3,0,HUMAN
45.9607,23.4375,91189.5,0,HUMAN
45.5772,23.4375,103243.0,0,HUMAN
43.8616,23.4375,62277.5,0,HUMAN
44.309,23.4375,68979.4,0,HUMAN
44.7391,23.4375,68064.8,0,HUMAN
45.1468,54.6875,80337.1,0,HUMAN
44.5446,23.4375,75802.0,0,HUMAN
46.4843,54.6875,114276.0,0,HUMAN
45.4054,23.4375,90464.3,0,HUMAN
68.5908,7.8125,3.47193E7,0,HUMAN
44.8739,23.4375,82541.3,0,HUMAN
46.6023,54.6875,112449.0,0,HUMAN
45.9514,23.4375,99022.6,0,HUMAN
68.8709,7.8125,3.6577E7,0,HUMAN
45.0518,23.4375,98033.1,0,HUMAN
45.5903,23.4375,95519.6,0,HUMAN
68.0789,7.8125,3.13359E7,0,HUMAN
44.6502,23.4375,70345.2,0,HUMAN
45.0912,23.4375,92184.4,0,HUMAN
46.5887,23.4375,127138.0,0,HUMAN
46.1741,23.4375,106000.0,0,HUMAN
44.1206,23.4375,77045.6,0,HUMAN
45.6182,23.4375,92777.9,0,HUMAN
46.0199,23.4375,96599.1,0,HUMAN
44.542,23.4375,75014.5,0,HUMAN
44.4108,23.4375,63592.3,0,HUMAN
44.0014,23.4375,62790.4,0,HUMAN
44.1135,23.4375,69905.0,0,HUMAN
44.5349,23.4375,71509.2,0,HUMAN
45.4467,23.4375,85217.7,0,HUMAN
44.8829,23.4375,78947.4,0,HUMAN
45.2752,23.4375,82336.3,0,HUMAN
68.6105,7.8125,3.49895E7,0,HUMAN
45.5448,23.4375,84902.4,0,HUMAN
44.0553,23.4375,63217.8,0,HUMAN
68.2639,7.8125,3.23256E7,0,HUMAN
44.6617,23.4375,70693.6,0,HUMAN
44.9144,23.4375,76662.0,0,HUMAN
68.1889,7.8125,3.20296E7,0,HUMAN
44.0813,23.4375,70303.9,0,HUMAN
45.8246,23.4375,91463.4,0,HUMAN
44.6599,23.4375,65944.6,0,HUMAN
44.8337,23.4375,75689.9,0,HUMAN
43.1652,23.4375,54213.5,0,HUMAN
43.7121,23.4375,54655.5,0,HUMAN
46.171,54.6875,105056.0,0,HUMAN
44.3827,23.4375,77280.7,0,HUMAN
43.7834,23.4375,60940.7,0,HUMAN
68.8505,7.8125,3.65888E7,0,HUMAN
44.5248,23.4375,73930.2,0,HUMAN
68.4573,7.8125,3.39428E7,0,HUMAN
45.421,54.6875,88075.5,0,HUMAN
45.0626,23.4375,72641.6,0,HUMAN
44.5189,23.4375,72751.1,0,HUMAN
42.5181,23.4375,43604.1,0,HUMAN
44.829,23.4375,77087.6,0,HUMAN
43.0172,23.4375,56476.5,0,HUMAN
45.4077,23.4375,91130.8,0,HUMAN
46.6959,54.6875,111918.0,0,HUMAN
44.7791,54.6875,74749.4,0,HUMAN
44.0511,23.4375,68380.5,0,HUMAN
45.1857,54.6875,84725.2,0,HUMAN
45.8637,23.4375,97796.0,0,HUMAN
43.7824,23.4375,57630.3,0,HUMAN
43.9959,23.4375,62887.8,0,HUMAN
68.8335,7.8125,3.63995E7,0,HUMAN
44.8228,23.4375,71809.9,0,HUMAN
45.079,23.4375,81661.4,0,HUMAN
68.6519,7.8125,3.52532E7,0,HUMAN
45.0312,23.4375,83165.2,0,HUMAN
43.3206,23.4375,57392.2,0,HUMAN
44.5641,23.4375,68891.8,0,HUMAN
44.4639,23.4375,60946.4,0,HUMAN
45.6556,54.6875,88678.2,0,HUMAN
44.0463,23.4375,65951.7,0,HUMAN
44.7102,23.4375,81608.3,0,HUMAN
45.5972,23.4375,87386.1,0,HUMAN
45.1565,23.4375,87483.9,0,HUMAN
44.2137,54.6875,76264.8,0,HUMAN
45.3102,23.4375,84854.0,0,HUMAN
44.2543,23.4375,64735.4,0,HUMAN
44.8071,23.4375,70051.7,0,HUMAN
46.0548,23.4375,98754.3,0,HUMAN
68.3143,7.8125,3.26316E7,0,HUMAN
44.1865,23.4375,60503.7,0,HUMAN
44.2708,23.4375,70429.0,0,HUMAN
68.6482,7.8125,3.50836E7,0,HUMAN
44.8857,23.4375,77715.0,0,HUMAN
45.8872,54.6875,94056.6,0,HUMAN
44.3264,23.4375,73297.7,0,HUMAN
69.0287,7.8125,3.79937E7,0,HUMAN
45.4592,23.4375,92354.0,0,HUMAN
45.6652,54.6875,97689.1,0,HUMAN
68.4851,7.8125,3.37309E7,0,HUMAN
44.9396,23.4375,81649.6,0,HUMAN
44.4082,23.4375,64968.8,0,HUMAN
68.146,7.8125,3.16361E7,0,HUMAN
44.6823,23.4375,73610.7,0,HUMAN
44.1247,23.4375,67401.8,0,HUMAN
44.4368,23.4375,70852.0,0,HUMAN
45.5991,54.6875,88934.7,0,HUMAN
45.1365,23.4375,79935.4,0,HUMAN
44.559,23.4375,76248.0,0,HUMAN
44.7307,23.4375,75009.2,0,HUMAN
44.9492,23.4375,73118.6,0,HUMAN
45.9875,23.4375,93570.6,0,HUMAN
43.9402,23.4375,58459.1,0,HUMAN
45.8619,54.6875,92133.5,0,HUMAN
44.035,23.4375,73756.7,0,HUMAN
44.2597,23.4375,74923.6,0,HUMAN
44.172,23.4375,69755.6,0,HUMAN
44.951,23.4375,72586.0,0,HUMAN
44.1989,23.4375,67796.1,0,HUMAN
44.7962,23.4375,74651.0,0,HUMAN
45.9917,23.4375,99773.7,0,HUMAN
45.0583,23.4375,78203.3,0,HUMAN
45.3982,23.4375,76836.3,0,HUMAN
42.9752,23.4375,50113.5,0,HUMAN
45.3208,54.6875,87616.6,0,HUMAN
44.5103,23.4375,74040.6,0,HUMAN
45.12,23.4375,85181.2,0,HUMAN
45.4461,23.4375,89826.1,0,HUMAN
43.6762,23.4375,61194.2,0,HUMAN
44.4532,23.4375,69435.7,0,HUMAN
44.5147,23.4375,69847.9,0,HUMAN
45.9138,23.4375,90827.0,0,HUMAN
44.6412,23.4375,72250.6,0,HUMAN
44.3252,23.4375,70960.1,0,HUMAN
45.9058,54.6875,93582.1,0,HUMAN
43.6987,23.4375,60250.1,0,HUMAN
44.2706,23.4375,67660.8,0,HUMAN
44.6137,23.4375,76570.0,0,HUMAN
45.2917,23.4375,79969.7,0,HUMAN
44.0042,23.4375,62935.4,0,HUMAN
44.6328,23.4375,76691.9,0,HUMAN
44.3186,23.4375,66522.1,0,HUMAN
45.3282,23.4375,86910.4,0,HUMAN
45.9939,23.4375,100792.0,0,HUMAN
45.8506,23.4375,91152.9,0,HUMAN
45.9684,23.4375,97980.5,0,HUMAN
44.7463,23.4375,83097.0,0,HUMAN
68.7078,7.8125,3.55328E7,0,HUMAN
44.8201,23.4375,69345.8,0,HUMAN
46.1438,23.4375,98877.1,0,HUMAN
43.4179,23.4375,56365.1,0,HUMAN
45.5934,23.4375,94560.4,0,HUMAN
44.0147,23.4375,66107.2,0,HUMAN
44.9374,23.4375,83064.6,0,HUMAN
43.8534,23.4375,57363.0,0,HUMAN
45.2463,23.4375,87364.1,0,HUMAN
45.7687,23.4375,91964.6,0,HUMAN
46.9824,23.4375,119656.0,0,HUMAN
45.2382,23.4375,85481.1,0,HUMAN
44.4711,23.4375,65496.5,0,HUMAN
45.0856,23.4375,87758.9,0,HUMAN
46.1718,23.4375,102522.0,0,HUMAN
45.0746,23.4375,80853.4,0,HUMAN
45.0292,23.4375,78042.5,0,HUMAN
45.1659,23.4375,77059.5,0,HUMAN
45.3636,23.4375,78675.4,0,HUMAN
46.6686,15.625,106821.0,0,HUMAN
46.7168,7.8125,110875.0,0,HUMAN
44.5087,23.4375,71603.6,0,HUMAN
43.8888,23.4375,61180.8,0,HUMAN
43.8142,23.4375,61710.1,0,HUMAN
43.7276,23.4375,57230.7,0,HUMAN
44.324,23.4375,64185.9,0,HUMAN
44.15,23.4375,66385.3,0,HUMAN
43.1833,23.4375,53312.6,0,HUMAN
44.0224,23.4375,67084.0,0,HUMAN
43.6481,23.4375,58220.0,0,HUMAN
44.1463,23.4375,71977.3,0,HUMAN
68.8676,7.8125,3.67272E7,0,HUMAN
43.7223,23.4375,61263.9,0,HUMAN
43.3103,23.4375,54849.4,0,HUMAN
44.5493,23.4375,64542.2,0,HUMAN
44.5632,23.4375,70135.3,0,HUMAN
44.742,23.4375,79772.6,0,HUMAN
44.0225,23.4375,62995.8,0,HUMAN
44.003,23.4375,64119.5,0,HUMAN
44.1086,23.4375,65495.3,0,HUMAN
43.7222,23.4375,61470.6,0,HUMAN
43.9771,23.4375,63715.3,0,HUMAN
44.707,54.6875,79559.6,0,HUMAN
43.5003,23.4375,63777.6,0,HUMAN
44.6498,23.4375,70406.6,0,HUMAN
45.0119,23.4375,74585.4,0,HUMAN
68.7559,7.8125,3.58288E7,0,HUMAN
44.5197,23.4375,67077.7,0,HUMAN
45.0311,23.4375,79233.5,0,HUMAN
43.727,23.4375,59922.6,0,HUMAN
68.3089,7.8125,3.27489E7,0,HUMAN
44.269,23.4375,70034.9,0,HUMAN
44.7358,23.4375,70876.2,0,HUMAN
68.4993,7.8125,3.39901E7,0,HUMAN
44.9248,23.4375,78658.0,0,HUMAN
45.4854,23.4375,92993.5,0,HUMAN
68.431,7.8125,3.33982E7,0,HUMAN
44.8136,23.4375,72709.6,0,HUMAN
68.211,7.8125,3.23141E7,0,HUMAN
45.0958,23.4375,82644.3,0,HUMAN
45.7633,54.6875,90585.6,0,HUMAN
43.4438,23.4375,58527.8,0,HUMAN
44.2773,23.4375,68665.4,0,HUMAN
45.4009,23.4375,90548.9,0,HUMAN
45.0416,23.4375,81485.2,0,HUMAN
44.1941,23.4375,72148.2,0,HUMAN
45.1954,54.6875,87875.8,0,HUMAN
44.5599,23.4375,68020.2,0,HUMAN
43.8041,23.4375,62169.1,0,HUMAN
45.0634,23.4375,76874.6,0,HUMAN
45.1475,23.4375,75478.2,0,HUMAN
49.3391,7.8125,348245.0,0,HUMAN
43.3222,23.4375,56059.9,0,HUMAN
44.3572,23.4375,66818.0,0,HUMAN
68.4948,7.8125,3.42476E7,0,HUMAN
44.4611,23.4375,67416.8,0,HUMAN
44.2034,54.6875,71869.2,0,HUMAN
68.4889,7.8125,3.39401E7,0,HUMAN
44.9667,23.4375,87221.8,0,HUMAN
44.2204,23.4375,71261.4,0,HUMAN
68.6432,7.8125,3.49929E7,0,HUMAN
44.2444,23.4375,66876.5,0,HUMAN
44.7771,23.4375,77012.8,0,HUMAN
67.9493,7.8125,3.04094E7,0,HUMAN
44.0366,23.4375,61407.9,0,HUMAN
43.6053,23.4375,55829.0,0,HUMAN
68.3923,7.8125,3.34124E7,0,HUMAN
43.8986,23.4375,65064.2,0,HUMAN
44.0697,23.4375,71715.7,0,HUMAN
44.7433,23.4375,74961.3,0,HUMAN
46.0108,23.4375,104300.0,0,HUMAN
45.7048,23.4375,92418.5,0,HUMAN
44.6489,23.4375,73806.7,0,HUMAN
42.9621,23.4375,52284.6,0,HUMAN
45.1466,23.4375,83766.6,0,HUMAN
46.2113,54.6875,105594.0,0,HUMAN
44.1702,23.4375,71295.8,0,HUMAN
45.3768,23.4375,79930.4,0,HUMAN
44.4822,23.4375,64067.8,0,HUMAN
45.9331,23.4375,94293.0,0,HUMAN
44.6412,23.4375,70518.1,0,HUMAN
68.5505,7.8125,3.43345E7,0,HUMAN
44.7368,23.4375,71555.8,0,HUMAN
44.4026,23.4375,66270.2,0,HUMAN
43.6808,23.4375,59086.6,0,HUMAN
43.9555,23.4375,60660.2,0,HUMAN
45.3928,54.6875,94629.9,0,HUMAN
43.8641,23.4375,71069.3,0,HUMAN
43.6263,23.4375,57983.3,0,HUMAN
44.3803,23.4375,68255.7,0,HUMAN
44.4279,23.4375,70441.0,0,HUMAN
44.9824,54.6875,81748.6,0,HUMAN
46.6056,54.6875,111552.0,0,HUMAN
46.0836,23.4375,104742.0,0,HUMAN
45.263,23.4375,81725.9,0,HUMAN
45.2402,23.4375,88623.9,0,HUMAN
68.3605,7.8125,3.29847E7,0,HUMAN
44.7178,23.4375,79552.6,0,HUMAN
45.3685,23.4375,75361.7,0,HUMAN
68.5637,7.8125,3.47273E7,0,HUMAN
45.4435,23.4375,95529.4,0,HUMAN
46.9811,54.6875,128238.0,0,HUMAN
45.9872,23.4375,102104.0,0,HUMAN
68.1486,7.8125,3.17158E7,0,HUMAN
45.366,23.4375,88028.4,0,HUMAN
45.9963,23.4375,96231.7,0,HUMAN
68.3182,7.8125,3.28226E7,0,HUMAN
46.9113,54.6875,127326.0,0,HUMAN
45.5577,23.4375,105160.0,0,HUMAN
68.7492,7.8125,3.58452E7,0,HUMAN
44.236,23.4375,67797.6,0,HUMAN
43.8799,23.4375,63584.1,0,HUMAN
45.7095,23.4375,87732.4,0,HUMAN
44.4465,23.4375,78422.6,0,HUMAN
43.2083,23.4375,57242.3,0,HUMAN
44.9325,23.4375,76880.0,0,HUMAN
45.0156,23.4375,80670.8,0,HUMAN
44.5308,23.4375,78480.8,0,HUMAN
45.9409,23.4375,97562.3,0,HUMAN
44.0817,23.4375,64664.0,0,HUMAN
44.5691,23.4375,70849.2,0,HUMAN
43.2991,23.4375,56034.1,0,HUMAN
44.7675,54.6875,76520.1,0,HUMAN
44.8454,23.4375,82784.3,0,HUMAN
44.7129,23.4375,75539.6,0,HUMAN
67.8825,7.8125,2.98446E7,0,HUMAN
44.5412,23.4375,79724.2,0,HUMAN
44.0818,23.4375,69839.4,0,HUMAN
45.8711,54.6875,98553.6,0,HUMAN
45.7976,23.4375,97061.9,0,HUMAN
46.5035,23.4375,130857.0,15,HUMAN
48.1289,23.4375,177805.0,1,HUMAN
0.0,0.0,0.0,0,HUMAN
0.0,0.0,0.0,0,HUMAN
44.9233,23.4375,72291.9,0,HUMAN
51.6948,7.8125,46318.6,0,HUMAN
43.0637,23.4375,51699.8,0,HUMAN
44.1164,23.4375,64082.6,0,HUMAN
44.3307,54.6875,69014.5,0,HUMAN
43.3078,23.4375,56665.8,0,HUMAN
43.5649,23.4375,52477.1,0,HUMAN
44.7044,23.4375,70522.4,0,HUMAN
43.8144,23.4375,57188.6,0,HUMAN
44.4496,54.6875,68612.8,0,HUMAN
43.8176,23.4375,54193.8,0,HUMAN
45.3977,54.6875,81575.9,0,HUMAN
42.8755,23.4375,58054.0,0,HUMAN
68.527,7.8125,3.42435E7,0,HUMAN
43.2892,23.4375,57803.9,0,HUMAN
43.4036,23.4375,63151.4,0,HUMAN
68.6713,7.8125,3.52275E7,0,HUMAN
43.6787,23.4375,59395.7,0,HUMAN
44.5529,23.4375,74073.8,0,HUMAN
44.7058,23.4375,72883.1,0,HUMAN
42.7946,23.4375,48074.9,0,HUMAN
45.423,23.4375,82211.7,0,HUMAN
44.9543,23.4375,70189.6,0,HUMAN
44.2426,23.4375,65491.0,0,HUMAN
43.7951,54.6875,63769.6,0,HUMAN
54.2687,23.4375,678490.0,0,HUMAN
46.3202,23.4375,113609.0,0,HUMAN
44.9719,23.4375,83913.8,0,HUMAN
44.0625,23.4375,60622.1,0,HUMAN
44.4466,54.6875,65870.5,0,HUMAN
44.9158,23.4375,77706.6,0,HUMAN
44.2497,54.6875,71234.3,0,HUMAN
43.4836,54.6875,59425.9,0,HUMAN
43.7583,23.4375,59777.4,0,HUMAN
68.6555,7.8125,3.5141E7,0,HUMAN
43.7542,23.4375,66548.5,0,HUMAN
43.7335,23.4375,59442.6,0,HUMAN
43.7143,23.4375,54773.9,0,HUMAN
42.8104,23.4375,51835.6,0,HUMAN
42.8651,23.4375,48781.0,0,HUMAN
43.5513,23.4375,57347.3,0,HUMAN
45.3496,54.6875,84312.1,0,HUMAN
45.7424,54.6875,99106.8,0,HUMAN
44.6978,23.4375,67008.4,0,HUMAN
44.2086,23.4375,57636.8,0,HUMAN
43.2568,23.4375,51023.2,0,HUMAN
43.1393,23.4375,47421.7,0,HUMAN
45.1211,23.4375,80268.5,0,HUMAN
44.0946,23.4375,63746.5,0,HUMAN
43.7603,23.4375,66442.2,0,HUMAN
44.6056,23.4375,69614.4,0,HUMAN
43.7366,23.4375,60850.5,0,HUMAN
45.6115,54.6875,88680.8,0,HUMAN
43.1564,23.4375,53427.7,0,HUMAN
43.4864,23.4375,58433.8,0,HUMAN
42.518,23.4375,42861.6,0,HUMAN
44.1725,62.5,64980.8,0,HUMAN
44.5542,23.4375,72368.0,0,HUMAN
43.9714,23.4375,59646.9,0,HUMAN
44.2205,23.4375,70048.5,0,HUMAN
42.9682,23.4375,48217.7,0,HUMAN
44.04,62.5,60992.2,0,HUMAN
68.2743,7.8125,3.25886E7,0,HUMAN
43.5894,23.4375,53817.4,0,HUMAN
42.784,23.4375,53320.7,0,HUMAN
68.1927,7.8125,3.21732E7,0,HUMAN
43.8488,15.625,60364.6,0,HUMAN
43.8063,23.4375,58621.2,0,HUMAN
68.0913,7.8125,3.11717E7,0,HUMAN
42.7732,23.4375,48389.2,0,HUMAN
44.1978,23.4375,66003.4,0,HUMAN
44.0236,23.4375,63441.6,0,HUMAN
46.6579,54.6875,111054.0,0,HUMAN
44.2625,23.4375,64724.8,0,HUMAN
42.488,23.4375,52154.5,0,HUMAN
42.5724,23.4375,45620.9,0,HUMAN
43.8282,54.6875,65372.7,0,HUMAN
44.4915,54.6875,79849.3,0,HUMAN
45.6781,54.6875,92049.3,0,HUMAN
42.6814,23.4375,49636.0,0,HUMAN
43.4729,23.4375,52564.2,0,HUMAN
43.3217,23.4375,55561.9,0,HUMAN
68.1723,7.8125,3.19544E7,0,HUMAN
44.6029,54.6875,73460.5,0,HUMAN
44.9657,54.6875,77035.0,0,HUMAN
68.7444,7.8125,3.57641E7,0,HUMAN
43.28,54.6875,55314.0,0,HUMAN
67.7424,7.8125,2.91566E7,0,HUMAN
43.9745,23.4375,64097.4,0,HUMAN
45.2063,54.6875,81754.7,0,HUMAN
42.2957,23.4375,43653.2,0,HUMAN
43.3588,23.4375,56536.3,0,HUMAN
68.4177,7.8125,3.35491E7,0,HUMAN
43.5696,23.4375,55329.6,0,HUMAN
43.814,23.4375,57787.4,0,HUMAN
43.2465,23.4375,50482.0,0,HUMAN
43.2547,23.4375,51573.8,0,HUMAN
43.4063,23.4375,60055.5,0,HUMAN
45.2178,54.6875,77202.2,0,HUMAN
44.1273,23.4375,60969.3,0,HUMAN
43.4919,23.4375,56330.9,0,HUMAN
42.0051,23.4375,40676.4,0,HUMAN
43.9263,23.4375,60699.1,0,HUMAN
44.3426,23.4375,67112.2,0,HUMAN
68.1599,7.8125,3.16476E7,0,HUMAN
43.4932,23.4375,57100.6,0,HUMAN
41.8175,23.4375,39347.1,0,HUMAN
68.7905,7.8125,3.61193E7,0,HUMAN
44.715,23.4375,71428.5,0,HUMAN
44.1263,23.4375,55762.6,0,HUMAN
67.94,7.8125,3.0435E7,0,HUMAN
58.0235,7.8125,2885190.0,0,HUMAN
44.1979,54.6875,63691.0,0,HUMAN
68.7316,7.8125,3.57244E7,0,HUMAN
45.4006,54.6875,84773.9,0,HUMAN
43.6647,23.4375,56212.8,0,HUMAN
43.1603,23.4375,54273.5,0,HUMAN
43.3662,23.4375,53988.3,0,HUMAN
44.5008,54.6875,64623.0,0,HUMAN
41.8344,23.4375,36072.3,0,HUMAN
42.4713,23.4375,41778.4,0,HUMAN
44.0771,23.4375,63541.8,0,HUMAN
43.7187,23.4375,58862.4,0,HUMAN
42.3732,23.4375,42157.4,0,HUMAN
43.6499,23.4375,55615.3,0,HUMAN
44.5837,23.4375,67457.5,0,HUMAN
48.9931,23.4375,248618.0,2,HUMAN
43.6721,23.4375,71251.4,0,HUMAN
41.7414,23.4375,38747.7,0,HUMAN
43.8127,23.4375,55620.6,0,HUMAN
42.3327,23.4375,48702.3,0,HUMAN
42.493,23.4375,43878.1,0,HUMAN
43.0742,23.4375,44781.6,0,HUMAN
43.3025,23.4375,52325.1,0,HUMAN
44.0879,23.4375,63567.6,0,HUMAN
42.7574,23.4375,49741.1,0,HUMAN
44.0529,23.4375,64561.0,0,HUMAN
43.6447,23.4375,62304.9,0,HUMAN
43.2255,23.4375,53881.5,0,HUMAN
44.9616,54.6875,81676.8,0,HUMAN
44.105,23.4375,65174.3,0,HUMAN
43.5746,23.4375,64757.5,0,HUMAN
43.8107,23.4375,59560.7,0,HUMAN
44.568,23.4375,72569.4,0,HUMAN
44.4324,23.4375,75423.5,0,HUMAN
44.2393,23.4375,65136.4,0,HUMAN
43.2895,23.4375,55792.1,0,HUMAN
44.3193,23.4375,62725.0,0,HUMAN
44.6272,23.4375,81113.5,0,HUMAN
43.539,54.6875,61560.6,0,HUMAN
44.6354,23.4375,81609.0,2,HUMAN
43.1418,23.4375,49838.3,0,HUMAN
44.9024,23.4375,35301.1,0,HUMAN
44.9671,54.6875,84266.0,0,HUMAN
43.9645,23.4375,64337.9,0,HUMAN
44.4284,23.4375,75151.9,0,HUMAN
42.7551,23.4375,48349.0,0,HUMAN
42.9828,23.4375,58307.2,0,HUMAN
41.8328,23.4375,40895.9,0,HUMAN
44.7076,23.4375,73386.2,0,HUMAN
43.5497,23.4375,60427.5,0,HUMAN
43.2846,23.4375,55469.9,0,HUMAN
44.5495,23.4375,78402.4,0,HUMAN
44.0099,23.4375,65349.2,0,HUMAN
45.0429,54.6875,84648.5,0,HUMAN
44.8822,23.4375,77150.4,0,HUMAN
43.3301,23.4375,57066.9,0,HUMAN
43.3515,23.4375,59960.8,0,HUMAN
43.4126,23.4375,50480.8,0,HUMAN
43.6587,23.4375,54869.2,0,HUMAN
43.2379,23.4375,61030.9,0,HUMAN
44.3601,23.4375,70106.6,0,HUMAN
44.2394,23.4375,65833.0,0,HUMAN
44.4929,54.6875,74653.2,0,HUMAN
44.3414,54.6875,62783.9,0,HUMAN
42.6186,23.4375,49617.3,0,HUMAN
45.3105,54.6875,96161.5,0,HUMAN
44.0633,23.4375,61724.9,0,HUMAN
43.1375,23.4375,46451.6,0,HUMAN
42.5331,23.4375,45155.1,0,HUMAN
44.4511,23.4375,66666.7,0,HUMAN
44.8694,23.4375,78318.9,0,HUMAN
43.8514,23.4375,64420.7,0,HUMAN
43.4169,23.4375,49503.8,0,HUMAN
44.477,62.5,62677.1,0,HUMAN
43.1035,23.4375,47884.8,0,HUMAN
45.6073,54.6875,89448.6,0,HUMAN
46.3041,54.6875,83226.7,0,HUMAN
43.229,23.4375,53056.0,0,HUMAN
44.5293,54.6875,84852.5,0,HUMAN
44.2374,54.6875,68712.4,0,HUMAN
42.6447,23.4375,49368.7,0,HUMAN
43.9711,23.4375,59532.1,0,HUMAN
42.2872,23.4375,41950.1,0,HUMAN
43.2053,23.4375,51049.2,0,HUMAN
44.3425,54.6875,72655.1,0,HUMAN
44.1483,54.6875,70418.0,0,HUMAN
44.3503,23.4375,68654.1,0,HUMAN
42.6038,23.4375,47044.7,0,HUMAN
43.0715,23.4375,48137.5,0,HUMAN
44.3526,23.4375,71042.5,0,HUMAN
68.4289,7.8125,3.34633E7,0,HUMAN
43.4199,23.4375,57351.1,0,HUMAN
68.5786,7.8125,3.46576E7,0,HUMAN
43.0535,23.4375,53798.8,0,HUMAN
43.8613,23.4375,58047.0,0,HUMAN
42.9441,23.4375,51649.9,0,HUMAN
42.6579,23.4375,48435.6,0,HUMAN
44.0947,23.4375,63102.6,0,HUMAN
45.0123,54.6875,83160.9,0,HUMAN
44.05,23.4375,59446.4,0,HUMAN
44.4197,23.4375,65190.0,0,HUMAN
43.3313,23.4375,52728.3,0,HUMAN
44.6484,23.4375,76002.7,0,HUMAN
43.9986,23.4375,70691.1,0,HUMAN
44.9518,23.4375,75701.6,0,HUMAN
43.6342,23.4375,57931.6,0,HUMAN
43.6663,23.4375,64560.9,0,HUMAN
45.0058,23.4375,84034.3,0,HUMAN
43.132,23.4375,55404.8,0,HUMAN
44.8071,23.4375,73810.6,0,HUMAN
43.8326,23.4375,62317.9,0,HUMAN
54.9803,7.8125,431040.0,0,HUMAN
43.8186,23.4375,67970.7,2,HUMAN
42.734,23.4375,45077.9,0,HUMAN
44.5432,23.4375,61941.1,0,HUMAN
44.3106,54.6875,73685.0,0,HUMAN
44.0782,54.6875,56903.3,0,HUMAN
65.8785,7.8125,1.641E7,6,HUMAN
42.3959,23.4375,44327.6,0,HUMAN
42.5499,23.4375,44751.9,0,HUMAN
43.1253,23.4375,54758.6,0,HUMAN
43.2698,54.6875,52394.7,0,HUMAN
44.3276,54.6875,73920.6,0,HUMAN
43.7218,23.4375,57180.3,0,HUMAN
44.119,23.4375,62214.0,0,HUMAN
42.6098,23.4375,45779.5,0,HUMAN
45.6862,54.6875,89953.0,0,HUMAN
44.5035,23.4375,67484.8,0,HUMAN
45.0156,54.6875,69772.2,0,HUMAN
43.9721,23.4375,58634.4,0,HUMAN
42.9366,23.4375,49103.7,0,HUMAN
42.8603,54.6875,48863.5,0,HUMAN
44.2012,54.6875,70869.9,0,HUMAN
42.6543,23.4375,41611.9,0,HUMAN
44.3376,23.4375,71362.7,0,HUMAN
43.1016,23.4375,50210.2,0,HUMAN
44.2927,23.4375,69486.3,0,HUMAN
43.3141,23.4375,58463.1,0,HUMAN
43.8514,23.4375,64650.0,0,HUMAN
44.6446,23.4375,74928.0,0,HUMAN
44.8475,23.4375,79704.6,0,HUMAN
42.8856,23.4375,50914.2,0,HUMAN
43.8074,23.4375,59285.6,0,HUMAN
43.5008,54.6875,58755.3,0,HUMAN
41.6114,23.4375,34879.0,0,HUMAN
42.7892,23.4375,46850.6,0,HUMAN
43.6851,23.4375,58408.6,0,HUMAN
44.0708,23.4375,74353.8,0,HUMAN
44.3209,23.4375,67362.2,0,HUMAN
43.6469,23.4375,59191.9,0,HUMAN
43.3575,23.4375,57395.2,0,HUMAN
68.6648,7.8125,3.51764E7,0,HUMAN
43.0964,23.4375,49172.9,0,HUMAN
42.9448,23.4375,51321.4,0,HUMAN
68.4586,7.8125,3.36452E7,2,HUMAN
42.2587,23.4375,44379.6,0,HUMAN
44.3273,23.4375,63161.7,0,HUMAN
68.0505,7.8125,3.11107E7,0,HUMAN
41.9819,23.4375,43429.1,0,HUMAN
44.965,54.6875,76385.0,0,HUMAN
68.1932,7.8125,3.20768E7,0,HUMAN
43.3015,23.4375,57337.8,0,HUMAN
43.5382,23.4375,54189.4,0,HUMAN
68.4831,7.8125,3.38429E7,0,HUMAN
43.7841,23.4375,57337.8,0,HUMAN
45.3241,23.4375,86376.5,0,HUMAN
68.5724,7.8125,3.44735E7,0,HUMAN
44.8457,23.4375,73503.2,0,HUMAN
45.8214,54.6875,92631.5,0,HUMAN
68.1737,7.8125,3.17214E7,0,HUMAN
44.0785,23.4375,73624.8,0,HUMAN
44.4162,23.4375,70090.0,0,HUMAN
68.5183,7.8125,3.41199E7,0,HUMAN
42.8887,23.4375,49744.6,0,HUMAN
68.6211,7.8125,3.48358E7,0,HUMAN
44.8382,23.4375,69262.5,0,HUMAN
44.3912,23.4375,62043.5,0,HUMAN
68.2442,7.8125,3.23976E7,0,HUMAN
43.6523,23.4375,62190.9,0,HUMAN
45.8604,54.6875,101186.0,0,HUMAN
67.7125,7.8125,2.87394E7,1,HUMAN
44.4757,23.4375,69797.8,0,HUMAN
46.3076,23.4375,110826.0,2,HUMAN
44.3876,23.4375,70866.4,0,HUMAN
43.818,23.4375,63791.9,0,HUMAN
44.8761,23.4375,81614.1,0,HUMAN
45.783,54.6875,64409.4,0,HUMAN
45.2172,54.6875,79779.1,0,HUMAN
45.0194,23.4375,83269.3,0,HUMAN
43.7583,23.4375,58855.7,0,HUMAN
44.7278,54.6875,82690.9,0,HUMAN
44.2942,23.4375,54888.7,0,HUMAN
44.7324,23.4375,85701.4,0,HUMAN
68.5774,7.8125,3.47343E7,0,HUMAN
43.6912,23.4375,58216.2,0,HUMAN
45.2746,23.4375,93613.7,3,HUMAN
45.2725,23.4375,86575.4,0,HUMAN
45.0619,23.4375,77165.5,0,HUMAN
43.4906,23.4375,64159.2,0,HUMAN
43.7193,23.4375,62772.0,0,HUMAN
44.6886,23.4375,70718.1,0,HUMAN
45.2394,23.4375,88498.1,0,HUMAN
45.1138,23.4375,84572.8,0,HUMAN
44.4133,23.4375,67374.4,0,HUMAN
44.0518,23.4375,66227.2,0,HUMAN
45.5774,23.4375,89732.6,0,HUMAN
44.367,23.4375,66401.8,0,HUMAN
44.2612,23.4375,67536.9,0,HUMAN
44.5944,23.4375,67355.6,0,HUMAN
44.3822,23.4375,72948.2,0,HUMAN
46.3301,23.4375,111759.0,0,HUMAN
43.8635,23.4375,60367.1,0,HUMAN
44.0576,23.4375,62100.2,0,HUMAN
46.1533,23.4375,116170.0,0,HUMAN
0.0,0.0,0.0,0,HUMAN
44.8714,23.4375,78115.7,0,HUMAN
45.8822,23.4375,98295.2,0,HUMAN
45.3499,23.4375,88531.5,0,HUMAN
46.5563,23.4375,130446.0,0,HUMAN
46.4836,62.5,105508.0,14,HUMAN
45.5926,23.4375,90907.9,0,HUMAN
46.2352,23.4375,102582.0,0,HUMAN
45.9095,23.4375,100458.0,0,HUMAN
46.5416,54.6875,114077.0,2,HUMAN
46.9031,23.4375,118609.0,0,HUMAN
45.5476,23.4375,83648.0,0,HUMAN
45.0363,23.4375,69286.9,0,HUMAN
68.1812,7.8125,3.16682E7,0,HUMAN
45.4409,54.6875,82032.3,0,HUMAN
46.2125,23.4375,96044.5,0,HUMAN
44.8706,54.6875,78938.4,0,HUMAN
67.6045,7.8125,2.79291E7,0,HUMAN
47.1176,23.4375,128002.0,0,HUMAN
47.1817,23.4375,142527.0,0,HUMAN
68.2557,7.8125,3.25725E7,0,HUMAN
46.9799,23.4375,115155.0,0,HUMAN
46.0294,23.4375,99163.9,0,HUMAN
46.0008,23.4375,100691.0,0,HUMAN
45.4017,23.4375,95625.0,0,HUMAN
45.6338,23.4375,104210.0,0,HUMAN
45.0647,70.3125,80687.7,0,HUMAN
45.8679,62.5,94535.2,0,HUMAN
47.0418,23.4375,150487.0,6,HUMAN
46.2595,62.5,106999.0,2,HUMAN
46.4909,23.4375,116132.0,0,HUMAN
49.9993,54.6875,235339.0,2,HUMAN
48.2453,23.4375,167313.0,4,HUMAN
46.8266,23.4375,119065.0,1,HUMAN
48.086,23.4375,160444.0,2,HUMAN
49.203,210.938,202782.0,0,HUMAN
46.2117,23.4375,92592.2,0,HUMAN
46.5066,62.5,124321.0,0,HUMAN
46.4394,23.4375,98236.5,0,HUMAN
48.4137,54.6875,180080.0,0,HUMAN
47.2488,23.4375,144964.0,0,HUMAN
46.5631,54.6875,119103.0,1,HUMAN
47.8351,54.6875,158980.0,0,HUMAN
57.4626,15.625,1749970.0,37,HUMAN
47.76,23.4375,150014.0,4,HUMAN
46.8052,23.4375,138039.0,1,HUMAN
45.9763,23.4375,101063.0,0,HUMAN
68.0187,7.8125,3.08263E7,1,HUMAN
47.473,23.4375,131399.0,0,HUMAN
48.1715,23.4375,159472.0,1,HUMAN
47.8684,54.6875,177339.0,0,HUMAN
46.3354,23.4375,101246.0,0,HUMAN
46.7329,23.4375,98444.8,0,HUMAN
47.2433,54.6875,157173.0,1,HUMAN
45.7054,62.5,85898.8,0,HUMAN
0.0,0.0,0.0,0,HUMAN
47.2841,23.4375,127334.0,6,HUMAN
46.554,23.4375,145472.0,4,HUMAN
46.2114,23.4375,94541.4,15,HUMAN
45.8215,23.4375,95610.8,1,HUMAN
44.101,23.4375,58062.6,0,HUMAN
45.5429,23.4375,94376.9,1,HUMAN
46.1933,23.4375,123516.0,0,HUMAN
46.5791,23.4375,113145.0,1,HUMAN
45.8357,23.4375,93251.8,2,HUMAN
45.2598,23.4375,68927.1,0,HUMAN
45.4664,7.8125,88652.6,3,HUMAN
44.3979,23.4375,68871.5,0,HUMAN
45.7341,23.4375,91682.3,0,HUMAN
45.9737,23.4375,95060.2,0,HUMAN
68.3065,7.8125,3.26889E7,0,HUMAN
46.2582,23.4375,107752.0,1,HUMAN
44.3987,23.4375,66872.6,4,HUMAN
44.6709,23.4375,73374.5,6,HUMAN
46.1009,23.4375,107413.0,6,HUMAN
46.0341,23.4375,100189.0,5,HUMAN
46.9346,23.4375,135018.0,9,HUMAN
46.3647,23.4375,116568.0,12,HUMAN
44.1565,23.4375,62032.8,0,HUMAN
44.1668,23.4375,70958.7,0,HUMAN
45.7283,15.625,92519.6,1,HUMAN
45.8095,23.4375,105475.0,1,HUMAN
45.3746,23.4375,87690.6,0,HUMAN
43.9697,23.4375,66488.6,0,HUMAN
68.2559,7.8125,3.24404E7,0,HUMAN
46.0658,15.625,102653.0,0,HUMAN
68.7828,7.8125,3.60995E7,1,HUMAN
46.2297,23.4375,107152.0,0,HUMAN
45.1485,54.6875,91944.6,1,HUMAN
43.7901,23.4375,56670.6,1,HUMAN
45.0771,23.4375,81011.2,0,HUMAN
44.1817,23.4375,63125.1,0,HUMAN
44.4238,23.4375,69436.8,0,HUMAN
44.5749,23.4375,68199.9,0,HUMAN
45.9723,54.6875,99288.6,0,HUMAN
45.5986,23.4375,89164.0,0,HUMAN
42.4781,23.4375,46124.0,0,HUMAN
44.2731,23.4375,64477.4,1,HUMAN
47.3095,23.4375,150221.0,0,HUMAN
45.3357,23.4375,76204.7,0,HUMAN
46.6592,54.6875,115659.0,0,HUMAN
68.0845,7.8125,3.15024E7,0,HUMAN
44.7364,23.4375,80836.5,0,HUMAN
45.0728,23.4375,86622.8,0,HUMAN
68.2043,7.8125,3.2037E7,0,HUMAN
45.6505,23.4375,86826.2,0,HUMAN
67.9644,7.8125,3.05835E7,0,HUMAN
43.2302,23.4375,54505.3,0,HUMAN
45.0812,23.4375,78582.8,0,HUMAN
46.4559,23.4375,107495.0,0,HUMAN
46.2576,23.4375,95174.7,0,HUMAN
44.2283,23.4375,64922.2,0,HUMAN
45.4255,23.4375,75047.6,0,HUMAN
45.4347,23.4375,90401.5,0,HUMAN
43.5707,23.4375,57136.5,0,HUMAN
45.2326,23.4375,85820.6,0,HUMAN
45.3939,23.4375,85194.4,0,HUMAN
44.1424,23.4375,64392.9,0,HUMAN
44.7101,23.4375,76811.8,0,HUMAN
45.2406,23.4375,81617.9,0,HUMAN
44.4354,23.4375,73017.4,0,HUMAN
68.5375,7.8125,3.42252E7,0,HUMAN
43.7296,23.4375,60107.6,0,HUMAN
44.2875,23.4375,63328.4,0,HUMAN
44.1578,23.4375,64593.6,0,HUMAN
45.0467,23.4375,84180.1,0,HUMAN
43.9643,23.4375,70006.7,0,HUMAN
45.2743,54.6875,86919.0,0,HUMAN
44.5317,23.4375,71761.0,0,HUMAN
44.863,23.4375,75943.5,0,HUMAN
43.9287,23.4375,66158.2,0,HUMAN
45.1844,23.4375,84066.0,0,HUMAN
45.2217,23.4375,85719.7,0,HUMAN
43.893,23.4375,57467.1,0,HUMAN
44.6906,23.4375,74606.4,0,HUMAN
44.582,23.4375,68110.3,0,HUMAN
68.0558,7.8125,3.09891E7,0,HUMAN
44.2731,23.4375,62732.2,4,HUMAN
44.9205,23.4375,75784.4,0,HUMAN
43.9782,23.4375,62943.9,0,HUMAN
44.5485,23.4375,76216.1,0,HUMAN
44.1235,23.4375,66310.7,0,HUMAN
43.3784,23.4375,56782.4,0,HUMAN
43.9621,23.4375,59736.6,0,HUMAN
46.4251,54.6875,101467.0,0,HUMAN
45.3415,23.4375,81569.8,0,HUMAN
44.3552,23.4375,65603.6,0,HUMAN
45.7817,23.4375,100166.0,0,HUMAN
45.4443,23.4375,89035.5,0,HUMAN
43.5321,23.4375,58441.6,0,HUMAN
44.502,23.4375,65660.9,0,HUMAN
68.4255,7.8125,3.35317E7,8,HUMAN
44.504,23.4375,65724.1,0,HUMAN
44.0997,23.4375,61458.3,0,HUMAN
0.0,0.0,0.0,0,HUMAN
44.0697,23.4375,59793.9,0,HUMAN
44.253,23.4375,65589.2,0,HUMAN
43.5337,23.4375,55735.9,0,HUMAN
45.204,23.4375,90130.3,0,HUMAN
45.2405,23.4375,83553.2,0,HUMAN
44.1438,23.4375,67530.1,0,HUMAN
42.8875,23.4375,49192.1,0,HUMAN
43.3802,23.4375,56886.3,0,HUMAN
42.5628,23.4375,43355.2,0,HUMAN
43.2874,23.4375,58759.5,0,HUMAN
43.3757,23.4375,57650.1,0,HUMAN
44.9542,23.4375,67976.8,0,HUMAN
45.1908,23.4375,81781.0,0,HUMAN
67.8392,7.8125,2.94375E7,1,HUMAN
44.6934,23.4375,71618.1,0,HUMAN
43.9583,23.4375,59839.1,0,HUMAN
68.1042,7.8125,3.10473E7,1,HUMAN
44.6606,23.4375,77020.6,0,HUMAN
45.2836,23.4375,80319.5,0,HUMAN
67.8691,7.8125,2.96738E7,0,HUMAN
45.4996,23.4375,75786.2,0,HUMAN
67.6178,7.8125,2.7718E7,1,HUMAN
44.7659,23.4375,90440.8,4,HUMAN
68.1763,7.8125,3.17543E7,0,HUMAN
41.3229,23.4375,33032.4,0,HUMAN
45.6322,23.4375,84029.3,0,HUMAN
43.875,23.4375,62961.4,0,HUMAN
45.1308,23.4375,81414.1,0,HUMAN
44.9841,23.4375,78658.0,0,HUMAN
43.8591,23.4375,62731.5,0,HUMAN
45.0,23.4375,76335.7,0,HUMAN
43.905,23.4375,62286.9,0,HUMAN
44.8044,23.4375,71598.9,0,HUMAN
45.3575,23.4375,79193.8,0,HUMAN
44.501,23.4375,68363.0,0,HUMAN
44.7228,23.4375,80523.1,0,HUMAN
43.9196,23.4375,57641.9,0,HUMAN
44.6461,54.6875,72745.4,0,HUMAN
44.869,23.4375,82301.5,0,HUMAN
44.7123,23.4375,75010.9,0,HUMAN
46.2392,23.4375,105972.0,0,HUMAN
46.2838,23.4375,122577.0,0,HUMAN
45.4033,23.4375,74439.0,0,HUMAN
45.7677,23.4375,100458.0,0,HUMAN
45.2538,23.4375,83600.4,0,HUMAN
44.0991,23.4375,62251.2,0,HUMAN
44.7086,23.4375,76007.8,0,HUMAN
45.1285,23.4375,73898.2,0,HUMAN
44.1242,23.4375,64452.0,0,HUMAN
44.4155,23.4375,62989.4,0,HUMAN
44.9181,23.4375,76086.1,0,HUMAN
43.2835,23.4375,52552.1,0,HUMAN
44.2116,23.4375,61491.0,0,HUMAN
45.1867,23.4375,74440.4,0,HUMAN
44.2961,23.4375,72173.9,0,HUMAN
44.9832,23.4375,78797.3,0,HUMAN
45.4479,23.4375,83960.1,0,HUMAN
45.5897,23.4375,85166.0,0,HUMAN
44.4432,23.4375,72594.3,0,HUMAN
42.8002,23.4375,49998.7,0,HUMAN
43.9954,23.4375,61170.1,0,HUMAN
43.8281,23.4375,60172.5,0,HUMAN
45.1496,23.4375,83417.7,0,HUMAN
43.3897,23.4375,55109.2,0,HUMAN
44.4528,23.4375,72261.6,0,HUMAN
44.8381,23.4375,79765.1,0,HUMAN
44.0744,23.4375,60745.0,0,HUMAN
43.1272,23.4375,50592.5,0,HUMAN
42.9948,23.4375,51656.8,0,HUMAN
67.8194,7.8125,2.94273E7,0,HUMAN
44.6093,23.4375,69612.3,0,HUMAN
44.3728,23.4375,72367.1,0,HUMAN
68.1468,7.8125,3.13732E7,1,HUMAN
43.6005,23.4375,65892.3,0,HUMAN
44.2218,23.4375,65690.2,0,HUMAN
42.8465,23.4375,52951.2,0,HUMAN
43.1187,23.4375,51946.4,0,HUMAN
45.3046,23.4375,77678.9,0,HUMAN
45.3518,23.4375,88975.8,0,HUMAN
44.821,23.4375,74269.7,0,HUMAN
44.5944,23.4375,70091.7,0,HUMAN
45.3985,23.4375,84283.2,1,HUMAN
45.3697,23.4375,79425.6,0,HUMAN
44.4107,23.4375,68436.8,0,HUMAN
44.101,23.4375,67811.7,0,HUMAN
43.7489,23.4375,62184.3,0,HUMAN
45.5931,23.4375,91871.7,0,HUMAN
68.4334,7.8125,3.36774E7,0,HUMAN
44.7764,23.4375,74082.1,0,HUMAN
44.3413,23.4375,66900.1,0,HUMAN
67.8759,7.8125,2.93162E7,1,HUMAN
43.497,23.4375,55625.1,0,HUMAN
44.8386,23.4375,70532.2,0,HUMAN
44.9874,23.4375,78931.6,0,HUMAN
43.8485,23.4375,56597.0,0,HUMAN
44.9751,23.4375,76168.6,0,HUMAN
43.8642,23.4375,53983.3,0,HUMAN
44.698,54.6875,82103.7,0,HUMAN
45.1818,23.4375,82215.9,0,HUMAN
45.8362,23.4375,85987.6,0,HUMAN
43.6284,23.4375,61393.1,0,HUMAN
43.5245,23.4375,59418.0,0,HUMAN
43.7085,23.4375,56063.5,0,HUMAN
43.6491,23.4375,59111.2,0,HUMAN
68.3284,7.8125,3.28527E7,0,HUMAN
44.9646,23.4375,80081.9,0,HUMAN
43.8727,23.4375,62718.0,0,HUMAN
67.7792,7.8125,2.91028E7,0,HUMAN
43.7907,23.4375,58120.6,0,HUMAN
43.4501,23.4375,57904.6,0,HUMAN
67.9335,7.8125,2.99981E7,1,HUMAN
44.0177,23.4375,68186.5,0,HUMAN
44.7116,23.4375,83337.2,0,HUMAN
68.0712,7.8125,3.1276E7,0,HUMAN
43.9418,23.4375,67093.2,0,HUMAN
44.5642,23.4375,71177.1,0,HUMAN
67.7243,7.8125,2.87183E7,0,HUMAN
43.5521,23.4375,59102.0,0,HUMAN
43.5329,23.4375,55054.8,0,HUMAN
42.5364,23.4375,42119.4,0,HUMAN
44.3877,23.4375,66761.7,0,HUMAN
43.9457,23.4375,66852.4,0,HUMAN
43.9356,23.4375,61827.7,0,HUMAN
43.2875,23.4375,57021.5,0,HUMAN
45.0584,23.4375,79762.9,0,HUMAN
44.5844,23.4375,73463.0,0,HUMAN
43.4596,23.4375,51827.7,0,HUMAN
44.7806,23.4375,73178.7,0,HUMAN
43.4321,23.4375,61002.5,0,HUMAN
44.5543,23.4375,70574.4,0,HUMAN
67.5401,7.8125,2.7676E7,1,HUMAN
44.4957,23.4375,74074.1,0,HUMAN
43.5515,23.4375,61876.9,0,HUMAN
67.838,7.8125,2.96118E7,0,HUMAN
44.257,23.4375,73249.3,0,HUMAN
44.3868,23.4375,65161.5,0,HUMAN
68.0051,7.8125,3.06553E7,0,HUMAN
44.6616,23.4375,73943.9,1,HUMAN
47.1889,23.4375,116769.0,0,HUMAN
45.8773,54.6875,92825.8,0,HUMAN
43.437,23.4375,51124.1,0,HUMAN
45.3462,54.6875,84488.7,0,HUMAN
44.388,23.4375,69431.6,0,HUMAN
43.9281,23.4375,60027.9,0,HUMAN
44.6407,23.4375,77402.4,0,HUMAN
44.3782,23.4375,72307.6,0,HUMAN
43.6166,23.4375,57818.0,0,HUMAN
43.5718,23.4375,71603.2,0,HUMAN
45.1303,23.4375,83977.1,0,HUMAN
44.6267,23.4375,70080.1,0,HUMAN
44.2404,23.4375,59318.0,0,HUMAN
44.7603,23.4375,72599.5,0,HUMAN
44.2414,23.4375,60878.0,0,HUMAN
45.5829,23.4375,85268.7,0,HUMAN
44.3188,23.4375,68466.0,0,HUMAN
67.4556,7.8125,2.72578E7,0,HUMAN
43.8862,23.4375,59483.2,0,HUMAN
44.4421,23.4375,70511.2,0,HUMAN
45.3156,23.4375,85884.6,0,HUMAN
45.8582,23.4375,87516.9,0,HUMAN
43.6297,23.4375,61262.0,0,HUMAN
43.8223,23.4375,59704.8,0,HUMAN
43.8381,23.4375,55782.7,0,HUMAN
44.8049,23.4375,74954.3,0,HUMAN
43.67,23.4375,57094.4,0,HUMAN
42.7385,23.4375,43712.5,0,HUMAN
44.6612,23.4375,74460.4,0,HUMAN
44.2888,23.4375,64827.3,0,HUMAN
45.7506,23.4375,93076.9,0,HUMAN
44.3502,23.4375,74065.9,1,HUMAN
44.1678,23.4375,68213.1,0,HUMAN
43.3039,23.4375,56041.3,0,HUMAN
42.7771,23.4375,48404.5,0,HUMAN
44.4092,23.4375,64791.4,0,HUMAN
44.0255,23.4375,68050.6,0,HUMAN
45.823,23.4375,96219.2,0,HUMAN
44.6098,23.4375,70872.0,0,HUMAN
44.7572,23.4375,68809.7,0,HUMAN
44.8293,23.4375,79868.5,0,HUMAN
45.284,23.4375,89420.6,0,HUMAN
45.3868,23.4375,87758.0,0,HUMAN
44.809,23.4375,80968.2,0,HUMAN
44.4802,23.4375,68430.2,0,HUMAN
45.0494,23.4375,82706.6,0,HUMAN
44.8688,23.4375,72402.6,0,HUMAN
44.8254,23.4375,70371.5,0,HUMAN
44.9942,23.4375,78977.7,0,HUMAN
43.5305,23.4375,62884.2,0,HUMAN
43.9682,23.4375,63738.5,0,HUMAN
45.1192,23.4375,78616.9,0,HUMAN
44.1447,23.4375,65261.7,0,HUMAN
44.3686,23.4375,62979.7,0,HUMAN
44.0176,23.4375,60961.4,0,HUMAN
43.2902,23.4375,56535.5,0,HUMAN
43.0329,23.4375,50618.2,0,HUMAN
44.5073,23.4375,71529.1,0,HUMAN
44.4664,23.4375,65962.5,0,HUMAN
43.958,23.4375,62459.5,0,HUMAN
44.3576,23.4375,68002.1,0,HUMAN
44.7818,23.4375,71312.8,0,HUMAN
43.928,23.4375,57480.6,0,HUMAN
44.0622,23.4375,59752.4,0,HUMAN
43.2513,23.4375,50722.8,0,HUMAN
44.836,62.5,83852.7,0,HUMAN
42.9732,23.4375,50058.7,0,HUMAN
44.0875,23.4375,61088.7,0,HUMAN
43.6913,23.4375,60702.8,0,HUMAN
44.793,23.4375,75708.3,0,HUMAN
45.7475,23.4375,97045.4,0,HUMAN
44.0206,23.4375,67709.2,0,HUMAN
44.7818,23.4375,72914.8,0,HUMAN
45.519,23.4375,91418.5,0,HUMAN
44.6214,23.4375,76680.3,0,HUMAN
43.587,23.4375,57269.5,0,HUMAN
45.0763,23.4375,83085.5,0,HUMAN
44.7977,23.4375,68425.5,0,HUMAN
44.4674,23.4375,67349.1,0,HUMAN
44.2834,23.4375,58419.3,0,HUMAN
43.8753,23.4375,59520.9,0,HUMAN
45.0801,54.6875,87485.6,0,HUMAN
45.2498,23.4375,81284.1,0,HUMAN
43.9473,23.4375,61023.6,0,HUMAN
44.948,23.4375,73551.8,0,HUMAN
44.9158,23.4375,76589.4,0,HUMAN
44.8735,23.4375,74946.9,0,HUMAN
45.5341,23.4375,90676.4,0,HUMAN
46.286,23.4375,93173.9,0,HUMAN
44.166,23.4375,59367.2,0,HUMAN
43.2832,23.4375,54516.7,0,HUMAN
43.4329,23.4375,52325.9,0,HUMAN
44.051,23.4375,58578.6,0,HUMAN
44.8823,23.4375,71619.8,0,HUMAN
45.0325,23.4375,78354.4,0,HUMAN
44.3046,23.4375,69755.0,0,HUMAN
44.7962,23.4375,78913.0,0,HUMAN
44.8269,23.4375,73298.3,0,HUMAN
45.0657,23.4375,78686.8,0,HUMAN
43.7488,23.4375,60226.4,1,HUMAN
44.5442,23.4375,72296.8,0,HUMAN
44.7744,23.4375,71463.4,0,HUMAN
44.071,23.4375,58671.8,0,HUMAN
42.8484,23.4375,55433.8,0,HUMAN
44.4008,23.4375,64653.8,0,HUMAN
44.1388,23.4375,65536.6,0,HUMAN
44.6668,23.4375,69380.8,0,HUMAN
44.1872,23.4375,65281.0,0,HUMAN
43.1073,23.4375,47740.4,0,HUMAN
43.9891,23.4375,62668.8,0,HUMAN
45.1501,23.4375,86161.3,0,HUMAN
44.0216,23.4375,60441.8,0,HUMAN
43.3847,23.4375,52070.9,0,HUMAN
44.2395,23.4375,63896.8,0,HUMAN
44.5755,23.4375,69771.5,0,HUMAN
44.6092,23.4375,64200.1,0,HUMAN
43.6056,23.4375,60556.4,0,HUMAN
44.1183,54.6875,60594.0,0,HUMAN
44.2025,23.4375,67796.2,0,HUMAN
44.5611,23.4375,65707.4,0,HUMAN
43.0601,23.4375,45382.4,0,HUMAN
43.564,23.4375,51072.1,0,HUMAN
43.4909,23.4375,52534.0,0,HUMAN
44.0906,23.4375,58706.1,0,HUMAN
43.4865,23.4375,57570.0,0,HUMAN
44.2209,23.4375,59312.3,0,HUMAN
43.7536,23.4375,55640.4,0,HUMAN
44.1965,23.4375,62018.3,0,HUMAN
43.8651,23.4375,57196.0,0,HUMAN
44.1766,23.4375,66012.8,0,HUMAN
46.5244,54.6875,110179.0,0,HUMAN
44.556,23.4375,71968.4,0,HUMAN
44.0421,23.4375,63771.1,0,HUMAN
44.492,23.4375,73737.3,0,HUMAN
43.3994,23.4375,59023.1,0,HUMAN
45.1001,23.4375,82473.4,0,HUMAN
43.4429,23.4375,57307.5,0,HUMAN
44.35,23.4375,72142.7,0,HUMAN
44.2886,23.4375,70900.7,0,HUMAN
43.847,23.4375,56591.9,0,HUMAN
42.4704,23.4375,47162.7,0,HUMAN
45.8718,23.4375,85004.0,0,HUMAN
52.044,7.8125,303131.0,0,HUMAN
44.1365,23.4375,68756.5,0,HUMAN
44.0115,23.4375,60985.5,0,HUMAN
44.8735,23.4375,69570.7,0,HUMAN
44.7891,23.4375,73767.4,0,HUMAN
44.5266,23.4375,75699.1,0,HUMAN
44.6072,23.4375,68015.7,0,HUMAN
44.7665,23.4375,78908.4,0,HUMAN
44.2706,23.4375,68670.0,0,HUMAN
43.6666,23.4375,54952.2,0,HUMAN
44.5275,23.4375,67415.0,0,HUMAN
44.3982,23.4375,65886.7,0,HUMAN
44.4099,23.4375,66069.1,0,HUMAN
44.8596,23.4375,76615.3,0,HUMAN
44.1422,23.4375,63929.4,0,HUMAN
44.864,23.4375,72482.6,0,HUMAN
44.7791,23.4375,76786.3,0,HUMAN
44.8936,23.4375,83507.2,0,HUMAN
43.7384,23.4375,53905.5,0,HUMAN
44.5487,23.4375,70238.5,0,HUMAN
45.0164,23.4375,83810.1,0,HUMAN
45.1008,23.4375,94134.4,0,HUMAN
44.2274,23.4375,59112.2,0,HUMAN
44.4221,23.4375,78164.7,0,HUMAN
44.6225,23.4375,60262.7,0,HUMAN
44.8672,23.4375,77129.1,0,HUMAN
44.8228,23.4375,76301.4,0,HUMAN
45.3823,23.4375,90784.5,0,HUMAN
44.3123,23.4375,64931.8,0,HUMAN
44.7565,23.4375,69043.8,0,HUMAN
44.2505,23.4375,62555.1,0,HUMAN
44.586,23.4375,65499.0,0,HUMAN
44.732,23.4375,68414.7,0,HUMAN
43.7826,23.4375,65414.2,0,HUMAN
44.2039,23.4375,68574.6,0,HUMAN
44.2832,54.6875,69012.9,0,HUMAN
44.0212,23.4375,60420.9,0,HUMAN
42.5628,23.4375,44536.2,0,HUMAN
44.0804,23.4375,69530.8,0,HUMAN
68.0012,7.8125,3.05976E7,0,HUMAN
44.583,23.4375,65134.4,0,HUMAN
67.7367,7.8125,2.89356E7,0,HUMAN
45.2584,23.4375,76927.1,0,HUMAN
43.3978,23.4375,52882.2,0,HUMAN
45.0787,23.4375,78260.8,0,HUMAN
43.8532,23.4375,67434.9,0,HUMAN
44.6082,23.4375,70637.5,0,HUMAN
43.9706,23.4375,67931.3,0,HUMAN
45.5074,23.4375,89640.8,0,HUMAN
44.231,23.4375,65941.0,0,HUMAN
45.6147,23.4375,83576.5,0,HUMAN
43.1784,23.4375,63022.8,0,HUMAN
44.7351,23.4375,66460.9,0,HUMAN
43.8192,23.4375,63424.4,0,HUMAN
43.0931,23.4375,57123.1,0,HUMAN
43.5338,23.4375,56028.1,0,HUMAN
43.9388,23.4375,68947.8,0,HUMAN
43.9306,54.6875,66213.4,0,HUMAN
44.7924,23.4375,84639.2,0,HUMAN
43.756,23.4375,61020.9,0,HUMAN
44.2257,23.4375,64494.9,0,HUMAN
43.3078,23.4375,50033.5,0,HUMAN
44.6409,23.4375,75054.1,0,HUMAN
44.9085,23.4375,73071.0,0,HUMAN
44.6744,23.4375,74574.6,0,HUMAN
45.2568,23.4375,89913.2,0,HUMAN
45.0318,23.4375,78084.8,0,HUMAN
44.9807,23.4375,78677.7,0,HUMAN
45.0837,23.4375,79611.2,0,HUMAN
44.8023,23.4375,76538.0,0,HUMAN
43.8936,23.4375,62161.8,0,HUMAN
46.4774,23.4375,105916.0,0,HUMAN
43.6254,23.4375,61781.7,0,HUMAN
43.9586,23.4375,61575.3,0,HUMAN
44.49,23.4375,71629.1,0,HUMAN
43.4622,23.4375,58321.5,0,HUMAN
67.6902,7.8125,2.89427E7,0,HUMAN
44.638,23.4375,72560.2,0,HUMAN
44.4593,23.4375,67701.2,0,HUMAN
67.9352,7.8125,3.03503E7,0,HUMAN
44.6942,23.4375,84527.4,0,HUMAN
44.838,23.4375,74276.2,0,HUMAN
67.7681,7.8125,2.88586E7,0,HUMAN
44.549,23.4375,72650.8,0,HUMAN
45.0521,23.4375,68894.9,0,HUMAN
68.1178,7.8125,3.12534E7,1,HUMAN
44.6828,23.4375,77173.5,0,HUMAN
45.2138,23.4375,82993.4,0,HUMAN
68.0372,7.8125,3.10298E7,0,HUMAN
44.2926,23.4375,60792.3,0,HUMAN
43.9003,23.4375,56032.6,0,HUMAN
68.1244,7.8125,3.1592E7,0,HUMAN
44.9212,23.4375,72525.5,0,HUMAN
45.0988,23.4375,75101.0,0,HUMAN
45.4586,23.4375,83337.2,0,HUMAN
45.3897,23.4375,85407.8,0,HUMAN
44.8998,23.4375,77094.1,0,HUMAN
44.1985,23.4375,68635.3,0,HUMAN
45.4466,23.4375,82300.9,0,HUMAN
44.9767,23.4375,81939.1,0,HUMAN
44.3659,23.4375,67482.4,0,HUMAN
45.2376,23.4375,81076.4,0,HUMAN
45.141,23.4375,81067.6,0,HUMAN
44.6134,23.4375,77693.3,0,HUMAN
44.3915,23.4375,75886.5,0,HUMAN
67.494,7.8125,2.7551E7,1,HUMAN
43.7781,23.4375,55128.0,0,HUMAN
45.3956,23.4375,87369.0,0,HUMAN
68.574,7.8125,3.43624E7,0,HUMAN
46.3795,23.4375,109901.0,0,HUMAN
45.3244,23.4375,90876.1,0,HUMAN
67.8145,7.8125,2.93409E7,0,HUMAN
43.8118,23.4375,52941.9,0,HUMAN
44.3999,23.4375,63662.9,0,HUMAN
68.0777,7.8125,3.09897E7,0,HUMAN
44.483,23.4375,91315.6,0,HUMAN
67.7903,7.8125,2.91374E7,1,HUMAN
46.1324,23.4375,101448.0,0,HUMAN
68.5566,7.8125,3.41696E7,0,HUMAN
46.1458,23.4375,94050.7,0,HUMAN
44.2445,23.4375,72385.2,0,HUMAN
44.8746,23.4375,75307.4,0,HUMAN
45.6152,23.4375,88753.8,0,HUMAN
44.1901,23.4375,66507.8,0,HUMAN
45.1329,23.4375,76826.4,0,HUMAN
44.8895,23.4375,69947.2,0,HUMAN
45.4733,23.4375,93208.3,0,HUMAN
44.7325,23.4375,78093.7,0,HUMAN
45.4375,23.4375,86066.7,0,HUMAN
44.3877,23.4375,64473.0,0,HUMAN
44.7746,23.4375,80059.5,0,HUMAN
43.6571,23.4375,57396.4,0,HUMAN
42.9119,23.4375,49488.4,0,HUMAN
43.8756,23.4375,52516.7,0,HUMAN
44.2041,23.4375,59209.6,0,HUMAN
0.0,0.0,0.0,0,HUMAN
46.2615,23.4375,104677.0,0,HUMAN
44.5002,15.625,66797.5,0,HUMAN
45.0813,23.4375,81662.0,0,HUMAN
44.4272,23.4375,63795.9,0,HUMAN
44.8522,23.4375,72027.9,0,HUMAN
45.6158,23.4375,85072.5,0,HUMAN
44.6514,23.4375,65965.4,0,HUMAN
44.9942,23.4375,76146.6,0,HUMAN
44.5969,23.4375,71135.5,0,HUMAN
44.3144,23.4375,68600.5,0,HUMAN
45.345,23.4375,84320.5,0,HUMAN
45.81,23.4375,87274.8,0,HUMAN
68.8386,7.8125,3.65657E7,0,HUMAN
44.9207,23.4375,80364.9,0,HUMAN
44.633,23.4375,73354.7,0,HUMAN
68.479,7.8125,3.38809E7,0,HUMAN
44.4715,23.4375,66198.1,0,HUMAN
68.5398,7.8125,3.44729E7,0,HUMAN
45.1039,23.4375,80600.6,0,HUMAN
44.0762,23.4375,62492.6,0,HUMAN
46.1947,23.4375,99078.9,0,HUMAN
46.1067,23.4375,107547.0,0,HUMAN
45.1236,23.4375,73013.5,0,HUMAN
45.5444,23.4375,83758.2,0,HUMAN
45.1963,23.4375,82387.2,0,HUMAN
44.9298,23.4375,64236.8,0,HUMAN
45.793,23.4375,93306.6,0,HUMAN
44.8907,23.4375,80837.7,0,HUMAN
45.1166,23.4375,72348.6,0,HUMAN
43.6165,23.4375,52057.7,0,HUMAN
45.6307,23.4375,96725.8,0,HUMAN
44.536,23.4375,70972.8,0,HUMAN
45.0268,23.4375,74639.1,0,HUMAN
45.4786,23.4375,86488.9,0,HUMAN
44.3802,23.4375,63912.9,1,HUMAN
44.3394,23.4375,65578.8,0,HUMAN
44.9064,23.4375,74145.4,0,HUMAN
44.9164,23.4375,80451.8,0,HUMAN
45.4771,23.4375,89448.5,0,HUMAN
45.3315,23.4375,87963.8,0,HUMAN
44.2798,23.4375,64380.4,0,HUMAN
44.8812,23.4375,76777.0,0,HUMAN
45.5951,23.4375,95995.5,0,HUMAN
45.7465,23.4375,88579.6,0,HUMAN
44.7176,23.4375,74795.3,0,HUMAN
45.8352,15.625,103605.0,0,HUMAN
46.1148,23.4375,127762.0,0,HUMAN
45.0565,23.4375,79980.6,0,HUMAN
45.6067,23.4375,88370.0,0,HUMAN
68.5318,7.8125,3.41243E7,0,HUMAN
45.3932,54.6875,84155.7,0,HUMAN
44.7623,23.4375,78462.8,0,HUMAN
45.5134,23.4375,79111.9,0,HUMAN
43.6029,23.4375,59311.3,0,HUMAN
45.0915,23.4375,77061.4,1,HUMAN
45.0898,23.4375,75892.9,0,HUMAN
45.3057,23.4375,87357.6,0,HUMAN
46.5223,23.4375,109518.0,0,HUMAN
45.699,23.4375,85708.8,0,HUMAN
44.1578,23.4375,63747.3,0,HUMAN
45.0619,23.4375,78746.8,0,HUMAN
44.5492,23.4375,68281.4,0,HUMAN
44.7624,23.4375,75379.6,0,HUMAN
67.9255,7.8125,3.02553E7,0,HUMAN
45.642,23.4375,85461.3,0,HUMAN
44.4412,23.4375,59149.4,0,HUMAN
68.3106,7.8125,3.28261E7,0,HUMAN
45.5686,23.4375,87503.3,0,HUMAN
67.8596,7.8125,2.99717E7,0,HUMAN
46.1793,23.4375,109746.0,0,HUMAN
47.0464,23.4375,121792.0,0,HUMAN
45.5601,23.4375,100500.0,0,HUMAN
45.2754,23.4375,77601.7,0,HUMAN
45.8783,54.6875,95036.7,0,HUMAN
43.6563,23.4375,62211.9,0,HUMAN
44.2222,23.4375,67969.4,0,HUMAN
44.0431,23.4375,59706.7,0,HUMAN
44.4151,23.4375,65092.2,0,HUMAN
45.8846,23.4375,101356.0,0,HUMAN
43.4426,23.4375,57375.8,0,HUMAN
43.8407,23.4375,65522.6,0,HUMAN
45.2655,23.4375,81302.2,0,HUMAN
43.8296,23.4375,57701.9,0,HUMAN
45.0887,23.4375,76811.1,0,HUMAN
68.7743,7.8125,3.61178E7,0,HUMAN
44.2581,23.4375,65387.1,0,HUMAN
44.2,23.4375,77366.1,0,HUMAN
68.5106,7.8125,3.39513E7,0,HUMAN
46.5255,23.4375,103983.0,0,HUMAN
46.3189,23.4375,111046.0,0,HUMAN
68.7832,7.8125,3.59797E7,0,HUMAN
44.0032,23.4375,68468.2,0,HUMAN
44.7286,23.4375,69543.0,0,HUMAN
45.2302,23.4375,78022.3,0,HUMAN
45.0123,23.4375,69387.7,0,HUMAN
45.3278,54.6875,83916.1,0,HUMAN
45.1862,23.4375,83555.1,0,HUMAN
44.3835,23.4375,62545.3,0,HUMAN
44.097,23.4375,65000.4,0,HUMAN
45.0477,23.4375,80971.8,0,HUMAN
44.6207,23.4375,73691.7,0,HUMAN
45.3312,23.4375,80592.9,0,HUMAN
44.8895,23.4375,84498.3,0,HUMAN
45.4376,23.4375,88768.9,0,HUMAN
45.7841,23.4375,90478.8,0,HUMAN
44.3199,23.4375,60591.8,0,HUMAN
43.9749,23.4375,64346.2,0,HUMAN
44.3476,23.4375,69116.3,0,HUMAN
44.1533,23.4375,62758.5,0,HUMAN
45.1885,23.4375,82121.7,0,HUMAN
44.5059,23.4375,66522.2,0,HUMAN
44.5418,23.4375,65973.8,0,HUMAN
44.7649,23.4375,77526.2,0,HUMAN
44.7748,23.4375,71143.9,0,HUMAN
48.1474,54.6875,158071.0,0,HUMAN
44.8234,23.4375,77908.0,0,HUMAN
44.997,23.4375,78510.6,0,HUMAN
45.0744,23.4375,76142.9,0,HUMAN
69.2299,7.8125,3.96237E7,0,HUMAN
45.4425,23.4375,94874.5,0,HUMAN
43.5402,23.4375,55338.5,0,HUMAN
68.4126,7.8125,3.33998E7,0,HUMAN
44.1202,23.4375,57101.5,0,HUMAN
44.5702,23.4375,67240.5,0,HUMAN
68.3317,7.8125,3.29537E7,0,HUMAN
44.7317,23.4375,80751.3,0,HUMAN
45.7662,23.4375,87996.3,0,HUMAN
68.5892,7.8125,3.46925E7,0,HUMAN
45.2354,23.4375,87787.8,0,HUMAN
46.0518,23.4375,89654.6,0,HUMAN
44.6842,23.4375,71148.0,0,HUMAN
44.4198,23.4375,71108.3,0,HUMAN
45.0413,23.4375,76376.5,0,HUMAN
45.4675,23.4375,87330.1,0,HUMAN
45.3404,23.4375,83946.4,0,HUMAN
45.6528,23.4375,97235.9,0,HUMAN
43.9601,23.4375,67683.7,0,HUMAN
45.9042,23.4375,96498.1,0,HUMAN
46.1813,23.4375,103596.0,0,HUMAN
46.2181,54.6875,105888.0,0,HUMAN
45.838,23.4375,88195.5,0,HUMAN
44.6463,23.4375,73903.7,0,HUMAN
44.5678,23.4375,63025.6,0,HUMAN
45.9794,23.4375,95026.0,0,HUMAN
46.5261,23.4375,110590.0,0,HUMAN
43.9799,23.4375,62651.1,0,HUMAN
45.5458,23.4375,82347.3,0,HUMAN
44.7159,23.4375,82076.6,0,HUMAN
44.6775,23.4375,68977.5,0,HUMAN
43.5788,23.4375,58011.9,0,HUMAN
44.5365,23.4375,67081.5,0,HUMAN
45.0663,23.4375,78132.6,0,HUMAN
45.5539,23.4375,93079.0,0,HUMAN
45.3253,23.4375,76331.1,0,HUMAN
43.9699,23.4375,64330.8,0,HUMAN
44.7076,23.4375,67706.8,0,HUMAN
45.5095,23.4375,86012.0,0,HUMAN
45.3663,23.4375,89700.3,0,HUMAN
45.3351,23.4375,86742.9,0,HUMAN
68.3649,7.8125,3.30537E7,0,HUMAN
45.0037,23.4375,75248.2,0,HUMAN
69.1443,7.8125,3.88667E7,0,HUMAN
45.084,23.4375,85133.2,0,HUMAN
44.8234,23.4375,78066.0,0,HUMAN
43.8335,23.4375,64983.9,0,HUMAN
45.4669,23.4375,90015.4,0,HUMAN
46.2875,23.4375,98848.0,0,HUMAN
45.0759,23.4375,86803.1,0,HUMAN
44.9276,23.4375,71015.5,0,HUMAN
46.0781,23.4375,95091.5,0,HUMAN
45.7766,23.4375,88947.8,0,HUMAN
44.5533,23.4375,69833.5,0,HUMAN
45.4979,23.4375,85817.5,0,HUMAN
43.7226,23.4375,60044.8,0,HUMAN
45.6963,23.4375,90631.5,0,HUMAN
46.948,23.4375,126424.0,0,HUMAN
44.2266,23.4375,63517.6,0,HUMAN
68.3057,7.8125,3.28932E7,0,HUMAN
44.4901,23.4375,73163.9,0,HUMAN
44.2968,23.4375,65768.3,0,HUMAN
68.7092,7.8125,3.57332E7,0,HUMAN
45.952,23.4375,92088.3,0,HUMAN
45.1441,23.4375,82687.7,0,HUMAN
68.0036,7.8125,3.07953E7,0,HUMAN
42.869,23.4375,45223.9,0,HUMAN
43.9307,23.4375,68769.0,0,HUMAN
45.9075,23.4375,91952.1,0,HUMAN
47.9186,23.4375,150801.0,0,HUMAN
44.3336,23.4375,71924.5,0,HUMAN
44.9961,23.4375,79044.2,0,HUMAN
45.2974,23.4375,80685.6,0,HUMAN
44.2272,23.4375,61205.2,0,HUMAN
44.8668,23.4375,85696.7,0,HUMAN
45.1065,23.4375,83513.2,2,HUMAN
44.897,23.4375,69311.4,0,HUMAN
44.7574,23.4375,72517.5,0,HUMAN
45.2206,54.6875,81055.5,0,HUMAN
43.4292,23.4375,53186.2,0,HUMAN
43.9078,23.4375,71067.4,0,HUMAN
43.6414,23.4375,59983.9,0,HUMAN
47.0664,23.4375,111166.0,0,HUMAN
47.0963,23.4375,143721.0,0,HUMAN
44.6024,23.4375,76899.9,0,HUMAN
45.1371,23.4375,86955.8,0,HUMAN
45.8324,23.4375,98462.0,0,HUMAN
44.6167,23.4375,69048.2,0,HUMAN
44.8523,23.4375,81840.1,0,HUMAN
44.3422,23.4375,68047.0,0,HUMAN
44.1612,23.4375,70865.9,0,HUMAN
44.4068,23.4375,74200.5,0,HUMAN
68.5741,7.8125,3.45433E7,0,HUMAN
45.0436,23.4375,83281.4,0,HUMAN
44.3525,23.4375,69576.1,0,HUMAN
67.9621,7.8125,3.06112E7,0,HUMAN
44.6425,23.4375,77428.4,0,HUMAN
45.0,23.4375,76486.1,0,HUMAN
67.9858,7.8125,3.06316E7,0,HUMAN
45.0561,23.4375,86108.5,0,HUMAN
43.7819,23.4375,56540.4,0,HUMAN
44.9439,23.4375,71731.2,0,HUMAN
44.6952,23.4375,65530.0,0,HUMAN
44.2179,23.4375,60986.1,0,HUMAN
46.2803,23.4375,105372.0,0,HUMAN
44.2118,23.4375,72869.9,0,HUMAN
45.7427,23.4375,90758.6,0,HUMAN
46.4067,23.4375,103304.0,0,HUMAN
45.0349,23.4375,86013.7,0,HUMAN
44.6491,23.4375,79769.3,0,HUMAN
44.0117,23.4375,60924.7,0,HUMAN
44.8499,54.6875,81504.6,0,HUMAN
43.8954,23.4375,60505.6,0,HUMAN
44.284,23.4375,60854.6,0,HUMAN
43.5011,23.4375,49846.8,0,HUMAN
44.9052,23.4375,72219.7,0,HUMAN
44.2835,23.4375,68569.9,0,HUMAN
46.0783,23.4375,98193.0,0,HUMAN
45.1087,23.4375,74926.5,0,HUMAN
46.8837,54.6875,89977.6,0,HUMAN
44.4727,23.4375,72212.5,0,HUMAN
44.3199,23.4375,67557.3,0,HUMAN
45.3925,23.4375,83822.5,0,HUMAN
45.2664,23.4375,86747.1,0,HUMAN
45.226,23.4375,82793.6,0,HUMAN
68.7352,7.8125,3.55935E7,0,HUMAN
44.8992,23.4375,68358.0,0,HUMAN
44.0133,23.4375,65289.9,0,HUMAN
45.265,23.4375,92050.8,0,HUMAN
45.2458,23.4375,102093.0,0,HUMAN
45.9064,23.4375,87676.7,0,HUMAN
44.5113,23.4375,64254.6,0,HUMAN
44.9008,23.4375,75926.0,0,HUMAN
46.11,23.4375,109323.0,0,HUMAN
45.4868,23.4375,88422.5,0,HUMAN
44.7611,23.4375,84735.2,0,HUMAN
47.6757,23.4375,155907.0,0,HUMAN
45.3414,23.4375,89449.9,0,HUMAN
45.3651,23.4375,86682.4,0,HUMAN
45.2904,23.4375,84173.0,0,HUMAN
45.0073,23.4375,81723.8,0,HUMAN
68.281,7.8125,3.25416E7,0,HUMAN
44.5411,23.4375,73401.3,0,HUMAN
45.5445,23.4375,86148.1,0,HUMAN
43.4029,23.4375,62211.9,0,HUMAN
44.6531,23.4375,73314.0,0,HUMAN
44.6437,23.4375,77639.5,0,HUMAN
45.9399,23.4375,96650.2,0,HUMAN
45.1486,23.4375,74517.6,0,HUMAN
43.8576,23.4375,56044.1,0,HUMAN
45.181,23.4375,77960.0,0,HUMAN
43.8824,23.4375,49798.4,0,HUMAN
44.8071,23.4375,59244.8,0,HUMAN
43.8634,23.4375,66363.7,0,HUMAN
45.5544,23.4375,99729.5,0,HUMAN
43.1937,23.4375,52359.9,0,HUMAN
44.8141,23.4375,75999.2,0,HUMAN
44.2821,23.4375,68094.8,2,HUMAN
44.8701,23.4375,78474.5,0,HUMAN
45.7582,23.4375,93571.3,0,HUMAN
45.1684,23.4375,81073.5,0,HUMAN
45.4619,23.4375,78947.4,0,HUMAN
45.1716,23.4375,86085.5,0,HUMAN
45.5053,23.4375,89297.5,0,HUMAN
45.2986,23.4375,80347.4,0,HUMAN
45.0465,23.4375,77013.9,0,HUMAN
45.5758,23.4375,90667.3,0,HUMAN
45.2592,23.4375,80725.3,0,HUMAN
44.6327,23.4375,73705.9,0,HUMAN
44.5308,23.4375,78557.3,0,HUMAN
43.9826,23.4375,64429.5,0,HUMAN
44.831,23.4375,76564.1,0,HUMAN
44.1748,23.4375,77540.8,0,HUMAN
45.9881,23.4375,93832.2,0,HUMAN
44.7236,23.4375,70136.4,0,HUMAN
45.2686,23.4375,92240.1,0,HUMAN
43.2015,23.4375,54020.4,1,HUMAN
43.7428,23.4375,63787.5,0,HUMAN
43.5037,23.4375,63753.3,0,HUMAN
43.7838,23.4375,59781.1,0,HUMAN
43.8782,23.4375,60312.0,0,HUMAN
44.5345,23.4375,64743.9,0,HUMAN
43.7352,23.4375,59745.2,0,HUMAN
44.2225,23.4375,59380.2,0,HUMAN
44.9358,23.4375,73346.2,0,HUMAN
68.4124,7.8125,3.35662E7,0,HUMAN
44.0877,23.4375,67123.6,0,HUMAN
45.7505,23.4375,83873.4,0,HUMAN
68.8222,7.8125,3.632E7,0,HUMAN
45.002,23.4375,77410.3,0,HUMAN
44.9995,23.4375,85418.0,0,HUMAN
45.6038,23.4375,90096.4,0,HUMAN
45.5351,23.4375,85423.5,0,HUMAN
44.5365,23.4375,77047.5,0,HUMAN
44.3065,23.4375,67400.1,0,HUMAN
45.4848,23.4375,96410.3,0,HUMAN
45.8038,23.4375,95418.4,0,HUMAN
45.9414,23.4375,91508.4,0,HUMAN
44.8356,23.4375,75881.7,0,HUMAN
44.6917,23.4375,74864.3,0,HUMAN
45.0036,23.4375,77186.8,0,HUMAN
45.1991,23.4375,89512.5,0,HUMAN
43.9892,23.4375,65046.8,0,HUMAN
44.4069,23.4375,78966.0,0,HUMAN
68.7932,7.8125,3.62665E7,0,HUMAN
44.3498,23.4375,71159.1,0,HUMAN
45.547,23.4375,89035.8,0,HUMAN
68.7599,7.8125,3.59554E7,0,HUMAN
45.9496,23.4375,96304.9,0,HUMAN
46.3427,23.4375,100665.0,0,HUMAN
68.5775,7.8125,3.44242E7,0,HUMAN
46.2387,23.4375,104161.0,0,HUMAN
46.8162,23.4375,113813.0,0,HUMAN
68.4819,7.8125,3.38022E7,0,HUMAN
45.4807,23.4375,87593.7,0,HUMAN
45.047,23.4375,77377.4,0,HUMAN
68.1243,7.8125,3.15147E7,0,HUMAN
45.4231,23.4375,89546.2,0,HUMAN
45.0817,23.4375,82929.1,0,HUMAN
69.2366,7.8125,3.98223E7,0,HUMAN
45.5523,23.4375,93243.3,0,HUMAN
43.2513,23.4375,56323.4,0,HUMAN
68.3265,7.8125,3.29466E7,0,HUMAN
45.6491,23.4375,97975.9,0,HUMAN
44.5717,23.4375,74397.1,0,HUMAN
68.2669,7.8125,3.24319E7,0,HUMAN
45.1878,23.4375,84997.8,0,HUMAN
44.8876,23.4375,80279.2,0,HUMAN
45.468,23.4375,80626.3,0,HUMAN
43.1769,23.4375,56517.1,0,HUMAN
43.9676,23.4375,68308.4,2,HUMAN
44.2189,23.4375,60875.6,0,HUMAN
43.8413,23.4375,57947.3,0,HUMAN
44.516,23.4375,67468.4,0,HUMAN
45.2358,23.4375,85229.6,0,HUMAN
44.4466,23.4375,73665.2,0,HUMAN
45.5071,23.4375,83260.9,0,HUMAN
45.2756,23.4375,89232.0,0,HUMAN
46.1672,23.4375,97257.2,0,HUMAN
45.2944,23.4375,87198.1,0,HUMAN
44.9424,23.4375,81508.7,0,HUMAN
68.0019,7.8125,3.07729E7,0,HUMAN
44.8536,23.4375,72286.1,0,HUMAN
46.0336,23.4375,94176.5,0,HUMAN
45.6291,23.4375,96034.8,0,HUMAN
45.3385,23.4375,80752.3,0,HUMAN
46.5387,23.4375,116493.0,0,HUMAN
45.3442,23.4375,85264.2,0,HUMAN
45.2174,23.4375,81955.0,0,HUMAN
44.7567,23.4375,76958.5,0,HUMAN
44.5284,23.4375,73461.7,0,HUMAN
45.1872,23.4375,82681.8,0,HUMAN
44.8119,23.4375,67776.3,0,HUMAN
44.6566,23.4375,70729.5,0,HUMAN
44.4536,23.4375,69834.2,0,HUMAN
45.0931,23.4375,78839.2,0,HUMAN
46.3555,23.4375,112638.0,16,HUMAN
45.9932,23.4375,95882.9,0,HUMAN
46.5333,23.4375,99524.8,0,HUMAN
45.7778,23.4375,84979.0,0,HUMAN
45.2967,23.4375,75177.5,0,HUMAN
44.9752,23.4375,71700.7,0,HUMAN
45.9521,23.4375,92984.9,0,HUMAN
45.7011,23.4375,89065.0,0,HUMAN
45.8836,23.4375,95536.1,0,HUMAN
44.4177,23.4375,64821.4,0,HUMAN
45.3632,23.4375,83394.6,0,HUMAN
43.9033,23.4375,63625.3,0,HUMAN
44.2725,23.4375,73303.1,0,HUMAN
44.5121,23.4375,75706.6,0,HUMAN
45.5073,23.4375,88296.1,0,HUMAN
44.8063,23.4375,71930.8,0,HUMAN
45.6497,23.4375,91849.0,0,HUMAN
44.8656,23.4375,68373.4,0,HUMAN
44.6341,23.4375,79973.9,0,HUMAN
45.8209,23.4375,96002.0,0,HUMAN
45.077,23.4375,86865.9,0,HUMAN
46.2429,23.4375,94133.1,0,HUMAN
44.7806,23.4375,65901.8,0,HUMAN
45.7289,23.4375,96191.9,1,HUMAN
45.7689,23.4375,84533.9,0,HUMAN
44.5225,23.4375,58480.7,0,HUMAN
44.9361,23.4375,77002.4,0,HUMAN
44.7825,23.4375,58872.2,0,HUMAN
44.0461,23.4375,64697.1,0,HUMAN
44.5677,23.4375,76368.5,0,HUMAN
44.575,23.4375,67973.3,0,HUMAN
45.6077,23.4375,92001.5,0,HUMAN
44.5342,54.6875,74432.2,0,HUMAN
45.8551,23.4375,91215.8,0,HUMAN
45.3558,23.4375,85142.9,0,HUMAN
44.7356,23.4375,76671.5,0,HUMAN
44.7301,23.4375,74544.2,0,HUMAN
44.3734,54.6875,66285.4,0,HUMAN
43.849,23.4375,58344.5,0,HUMAN
45.6381,23.4375,74675.3,0,HUMAN
68.2202,7.8125,3.21588E7,0,HUMAN
45.4497,23.4375,77763.1,0,HUMAN
45.3179,23.4375,95618.7,0,HUMAN
68.4663,7.8125,3.39109E7,0,HUMAN
44.4253,23.4375,66700.4,0,HUMAN
47.4776,23.4375,134461.0,0,HUMAN
68.0584,7.8125,3.11386E7,0,HUMAN
45.0451,23.4375,76931.4,0,HUMAN
45.1739,23.4375,87714.1,0,HUMAN
46.2078,23.4375,101513.0,0,HUMAN
46.2018,23.4375,102026.0,0,HUMAN
45.757,23.4375,94621.0,0,HUMAN
44.8669,23.4375,72894.7,0,HUMAN
44.4485,23.4375,72112.0,0,HUMAN
45.1414,23.4375,76289.2,0,HUMAN
44.2876,23.4375,71743.3,0,HUMAN
43.7103,23.4375,60002.9,0,HUMAN
44.4916,23.4375,78742.4,0,HUMAN
46.2431,23.4375,104542.0,0,HUMAN
46.1841,54.6875,102907.0,0,HUMAN
44.1051,23.4375,66310.9,0,HUMAN
44.2144,23.4375,72522.2,0,HUMAN
46.442,23.4375,110280.0,2,HUMAN
44.6221,23.4375,68406.1,0,HUMAN
45.9816,54.6875,93673.3,0,HUMAN
44.6366,23.4375,70799.6,0,HUMAN
43.7106,23.4375,53836.5,0,HUMAN
44.6301,23.4375,70170.2,0,HUMAN
43.4471,23.4375,54399.3,0,HUMAN
45.6442,62.5,102884.0,7,HUMAN
46.0431,23.4375,94589.7,0,HUMAN
43.8829,23.4375,63099.2,0,HUMAN
45.5376,54.6875,86799.6,0,HUMAN
44.0938,23.4375,64760.5,0,HUMAN
45.7313,23.4375,95648.3,0,HUMAN
50.3294,54.6875,453111.0,0,HUMAN
45.1333,23.4375,75088.4,0,HUMAN
44.8354,23.4375,80755.6,0,HUMAN
44.4392,23.4375,66199.5,0,HUMAN
45.1155,23.4375,81427.1,0,HUMAN
43.5839,23.4375,58273.5,0,HUMAN
44.0232,23.4375,61946.9,0,HUMAN
45.0567,23.4375,82868.2,0,HUMAN
44.511,23.4375,73264.3,0,HUMAN
43.9009,23.4375,59313.6,0,HUMAN
45.5661,23.4375,92556.4,0,HUMAN
44.8451,23.4375,80820.3,0,HUMAN
44.5395,23.4375,70929.7,0,HUMAN
43.4378,23.4375,59339.4,0,HUMAN
46.1755,54.6875,102017.0,0,HUMAN
43.7385,23.4375,60637.6,0,HUMAN
64.3497,7.8125,1.02385E7,2,HUMAN
46.5517,15.625,107601.0,0,HUMAN
44.005,23.4375,66321.9,0,HUMAN
44.5755,23.4375,67123.5,0,HUMAN
44.5848,23.4375,67536.4,0,HUMAN
44.5492,23.4375,66979.2,0,HUMAN
44.746,23.4375,67542.5,0,HUMAN
43.1477,23.4375,52849.5,0,HUMAN
44.6979,23.4375,68606.9,0,HUMAN
45.5305,23.4375,91960.6,0,HUMAN
43.7141,23.4375,66546.9,0,HUMAN
48.6833,23.4375,164482.0,0,HUMAN
44.8924,23.4375,67048.3,0,HUMAN
44.7303,23.4375,71714.4,0,HUMAN
43.2274,23.4375,57638.1,0,HUMAN
45.4357,23.4375,88362.8,0,HUMAN
45.2905,23.4375,86198.5,0,HUMAN
46.0148,54.6875,109248.0,0,HUMAN
47.4892,62.5,142912.0,0,HUMAN
45.2105,23.4375,82081.8,0,HUMAN
44.72,23.4375,77776.5,0,HUMAN
45.62,23.4375,77988.7,0,HUMAN
45.0731,23.4375,76772.5,0,HUMAN
44.2293,23.4375,63013.7,0,HUMAN
43.8164,23.4375,64592.9,0,HUMAN
43.4016,23.4375,53318.4,0,HUMAN
44.5749,23.4375,66666.0,0,HUMAN
45.1963,23.4375,77245.0,0,HUMAN
44.285,23.4375,69097.4,0,HUMAN
44.2905,23.4375,64735.4,0,HUMAN
44.6705,23.4375,65503.0,0,HUMAN
45.3456,23.4375,82699.9,0,HUMAN
44.6868,23.4375,75466.1,0,HUMAN
43.8162,23.4375,56952.0,0,HUMAN
44.7362,23.4375,84088.3,0,HUMAN
44.2692,23.4375,63186.7,0,HUMAN
45.6064,23.4375,82699.4,0,HUMAN
46.1022,54.6875,101180.0,0,HUMAN
43.8453,23.4375,57924.2,0,HUMAN
45.0157,23.4375,79743.2,0,HUMAN
44.8769,23.4375,78380.0,0,HUMAN
45.7251,23.4375,86182.7,0,HUMAN
44.9517,23.4375,76079.0,0,HUMAN
45.0427,23.4375,69725.7,0,HUMAN
45.1908,23.4375,81368.5,0,HUMAN
43.8906,23.4375,59606.3,0,HUMAN
44.394,23.4375,75757.5,0,HUMAN
44.7048,23.4375,70444.2,0,HUMAN
45.0032,23.4375,71118.0,0,HUMAN
44.4382,23.4375,72916.4,0,HUMAN
45.6662,23.4375,92303.6,0,HUMAN
45.2687,23.4375,83142.5,0,HUMAN
44.9207,23.4375,78289.8,0,HUMAN
45.102,23.4375,80094.7,0,HUMAN
45.2628,23.4375,87471.2,0,HUMAN
45.3894,15.625,72228.9,0,HUMAN
44.8163,23.4375,75840.6,0,HUMAN
44.3342,23.4375,72417.6,0,HUMAN
46.245,23.4375,114660.0,0,HUMAN
46.332,23.4375,103342.0,0,HUMAN
45.4934,23.4375,82030.1,0,HUMAN
45.1556,23.4375,84965.3,0,HUMAN
45.3609,23.4375,77571.0,0,HUMAN
44.2449,23.4375,69411.0,0,HUMAN
44.4294,23.4375,75404.3,0,HUMAN
45.7671,23.4375,96291.1,1,HUMAN
45.4005,23.4375,79717.6,0,HUMAN
45.564,23.4375,81424.6,0,HUMAN
45.0578,23.4375,77507.1,0,HUMAN
45.1773,23.4375,84267.7,0,HUMAN
44.1645,23.4375,66084.3,0,HUMAN
45.4142,23.4375,79813.1,0,HUMAN
45.1122,23.4375,83912.6,0,HUMAN
45.0611,23.4375,71861.7,0,HUMAN
44.9148,23.4375,66427.9,0,HUMAN
44.393,23.4375,73057.6,0,HUMAN
44.0099,23.4375,64349.9,0,HUMAN
44.6803,23.4375,76870.2,0,HUMAN
46.2505,23.4375,100566.0,0,HUMAN
43.8294,23.4375,64003.7,0,HUMAN
45.6472,23.4375,94311.5,0,HUMAN
44.7491,23.4375,62159.1,0,HUMAN
45.1704,23.4375,83042.1,1,HUMAN
44.4496,23.4375,76634.6,0,HUMAN
43.9828,23.4375,63230.7,0,HUMAN
45.424,23.4375,92418.1,0,HUMAN
43.837,23.4375,65941.4,0,HUMAN
43.6628,23.4375,64444.1,0,HUMAN
44.8198,23.4375,82455.7,0,HUMAN
45.6194,23.4375,94745.2,0,HUMAN
45.0206,23.4375,74748.4,0,HUMAN
45.5265,23.4375,90637.5,0,HUMAN
44.2316,23.4375,59485.4,0,HUMAN
44.6879,23.4375,80532.4,0,HUMAN
45.0922,23.4375,78001.5,0,HUMAN
44.0063,23.4375,57428.3,0,HUMAN
47.7067,23.4375,150197.0,0,HUMAN
44.2374,23.4375,64947.6,0,HUMAN
44.4943,23.4375,67339.8,0,HUMAN
45.3689,23.4375,80551.1,0,HUMAN
44.9524,23.4375,77825.5,0,HUMAN
45.2113,23.4375,87671.4,0,HUMAN
43.6322,23.4375,60776.9,0,HUMAN
43.7007,31.25,56944.1,0,HUMAN
44.9992,23.4375,83095.2,0,HUMAN
44.6363,23.4375,68492.4,0,HUMAN
44.4027,23.4375,64503.7,0,HUMAN
45.7659,23.4375,92278.6,0,HUMAN
44.5576,23.4375,78008.5,0,HUMAN
44.4154,23.4375,71903.8,0,HUMAN
44.8838,23.4375,70182.5,0,HUMAN
44.7955,23.4375,75792.7,0,HUMAN
44.5659,23.4375,70841.6,0,HUMAN
43.9827,23.4375,63183.6,0,HUMAN
44.9492,23.4375,71090.1,0,HUMAN
44.3336,23.4375,65942.4,0,HUMAN
45.7731,23.4375,89600.0,0,HUMAN
44.709,23.4375,78086.9,0,HUMAN
44.7349,23.4375,75355.3,0,HUMAN
43.8047,23.4375,70481.4,0,HUMAN
45.8926,23.4375,89284.2,0,HUMAN
44.7115,23.4375,74224.1,0,HUMAN
45.4233,23.4375,82311.7,0,HUMAN
45.7103,23.4375,93145.3,0,HUMAN
44.246,23.4375,68038.6,0,HUMAN
45.3185,23.4375,82342.0,0,HUMAN
44.4929,23.4375,70082.3,0,HUMAN
46.0102,23.4375,85100.6,0,HUMAN
45.3349,23.4375,83864.7,0,HUMAN
44.0866,23.4375,74748.8,0,HUMAN
44.8129,23.4375,76617.9,0,HUMAN
44.8156,23.4375,63001.1,0,HUMAN
44.6257,23.4375,76319.3,0,HUMAN
44.6078,23.4375,72810.2,0,HUMAN
43.8036,23.4375,62535.4,0,HUMAN
44.9137,23.4375,84727.9,0,HUMAN
45.7429,23.4375,92810.5,0,HUMAN
45.9185,23.4375,94145.7,0,HUMAN
44.8331,23.4375,76941.6,0,HUMAN
44.3678,23.4375,74517.0,0,HUMAN
45.0031,23.4375,80361.0,0,HUMAN
45.378,23.4375,88285.8,0,HUMAN
49.1922,23.4375,217257.0,0,HUMAN
45.4118,23.4375,82969.9,0,HUMAN
44.3078,23.4375,71373.0,0,HUMAN
45.6719,23.4375,93048.3,0,HUMAN
44.3207,23.4375,63899.9,0,HUMAN
45.6454,23.4375,102024.0,0,HUMAN
44.4078,23.4375,68844.1,0,HUMAN
44.6256,23.4375,77543.1,0,HUMAN
44.9151,23.4375,77096.2,0,HUMAN
44.7071,23.4375,77991.8,0,HUMAN
44.7429,23.4375,70950.0,0,HUMAN
45.3299,23.4375,90517.5,0,HUMAN
48.3313,23.4375,174529.0,0,HUMAN
45.4115,23.4375,87123.2,0,HUMAN
43.8886,23.4375,70741.8,0,HUMAN
44.5624,23.4375,73189.6,0,HUMAN
45.0341,23.4375,82281.4,0,HUMAN
45.2525,23.4375,93053.4,0,HUMAN
45.1134,23.4375,84718.5,0,HUMAN
45.6831,23.4375,79647.0,0,HUMAN
44.1205,23.4375,67191.4,0,HUMAN
45.3509,23.4375,94569.0,0,HUMAN
45.8049,23.4375,94192.9,1,HUMAN
45.4438,23.4375,80678.2,0,HUMAN
44.8248,23.4375,70965.0,0,HUMAN
45.5429,23.4375,88920.2,0,HUMAN
44.1779,23.4375,58276.1,0,HUMAN
45.3281,23.4375,78718.2,0,HUMAN
44.9468,23.4375,73368.4,0,HUMAN
47.4364,23.4375,142238.0,0,HUMAN
44.2489,23.4375,68447.5,0,HUMAN
44.3759,23.4375,66031.8,0,HUMAN
45.2233,23.4375,80063.2,0,HUMAN
45.5463,23.4375,85547.8,0,HUMAN
46.1919,23.4375,100722.0,0,HUMAN
44.5843,23.4375,75283.9,0,HUMAN
45.5692,23.4375,97427.9,0,HUMAN
43.3678,23.4375,50172.1,0,HUMAN
45.361,23.4375,92870.2,0,HUMAN
45.1907,23.4375,74142.1,0,HUMAN
44.9094,23.4375,74573.0,0,HUMAN
44.7231,23.4375,70273.8,0,HUMAN
45.2038,23.4375,73741.8,0,HUMAN
43.6507,23.4375,61127.7,0,HUMAN
44.6219,23.4375,74944.8,0,HUMAN
44.2003,23.4375,64076.4,0,HUMAN
44.496,23.4375,75002.8,0,HUMAN
45.4847,23.4375,95231.1,0,HUMAN
45.2417,23.4375,70743.8,0,HUMAN
44.5535,23.4375,71258.7,0,HUMAN
44.9081,23.4375,78868.1,0,HUMAN
44.6224,23.4375,69067.7,0,HUMAN
45.046,23.4375,75951.6,0,HUMAN
45.0192,23.4375,85301.5,0,HUMAN
46.2087,23.4375,94728.3,0,HUMAN
43.8867,23.4375,60647.4,0,HUMAN
45.645,23.4375,124444.0,0,HUMAN
44.9878,23.4375,73406.3,0,HUMAN
45.1546,23.4375,83663.5,0,HUMAN
44.995,23.4375,82663.3,0,HUMAN
44.9524,23.4375,82773.0,0,HUMAN
45.3781,23.4375,84110.3,0,HUMAN
45.032,23.4375,76119.3,0,HUMAN
45.9831,23.4375,87654.8,0,HUMAN
44.5564,23.4375,77097.1,0,HUMAN
46.239,23.4375,109781.0,0,HUMAN
45.3197,23.4375,88647.6,0,HUMAN
44.5871,23.4375,77594.2,0,HUMAN
46.1674,23.4375,84659.9,1,HUMAN
46.4531,23.4375,110185.0,0,HUMAN
48.1899,23.4375,167714.0,0,HUMAN
43.8281,23.4375,62507.4,0,HUMAN
43.9046,23.4375,65114.4,0,HUMAN
45.7913,23.4375,93578.2,0,HUMAN
44.4584,23.4375,70337.3,0,HUMAN
45.1122,23.4375,87322.7,0,HUMAN
45.6857,23.4375,92586.2,0,HUMAN
45.6809,23.4375,85558.8,0,HUMAN
44.9374,23.4375,74288.6,0,HUMAN
45.0392,23.4375,81020.3,0,HUMAN
44.678,23.4375,67872.5,0,HUMAN
44.5912,23.4375,72230.2,0,HUMAN
44.6884,23.4375,77149.2,0,HUMAN
44.2894,23.4375,69499.1,0,HUMAN
45.1909,23.4375,75404.0,0,HUMAN
45.7088,23.4375,82843.0,0,HUMAN
44.598,23.4375,69997.9,0,HUMAN
45.054,23.4375,80467.2,0,HUMAN
45.2048,23.4375,80919.6,0,HUMAN
44.2525,23.4375,65830.0,0,HUMAN
44.5903,23.4375,67237.3,0,HUMAN
44.8409,23.4375,75332.4,0,HUMAN
46.4741,23.4375,107787.0,0,HUMAN
44.4234,23.4375,64809.3,0,HUMAN
44.0618,23.4375,67000.0,0,HUMAN
43.0616,23.4375,48039.6,0,HUMAN
44.6755,23.4375,75064.5,0,HUMAN
44.7795,23.4375,75844.2,0,HUMAN
44.4117,23.4375,73153.2,0,HUMAN
45.4,23.4375,90122.6,0,HUMAN
44.6574,23.4375,71912.2,0,HUMAN
44.0663,23.4375,60600.3,0,HUMAN
46.8891,15.625,112486.0,0,HUMAN
44.9149,23.4375,70691.6,0,HUMAN
44.5031,23.4375,59332.4,0,HUMAN
45.298,23.4375,85811.7,0,HUMAN
44.5753,23.4375,71358.7,0,HUMAN
45.9174,23.4375,107201.0,0,HUMAN
44.1464,23.4375,62164.1,0,HUMAN
44.1716,23.4375,61070.4,0,HUMAN
46.0763,23.4375,89679.3,0,HUMAN
44.8077,23.4375,74677.0,0,HUMAN
44.728,23.4375,74057.4,0,HUMAN
45.3054,23.4375,84369.0,0,HUMAN
44.6338,23.4375,73082.4,0,HUMAN
44.3351,23.4375,65828.7,0,HUMAN
44.3347,23.4375,70148.0,0,HUMAN
43.2563,23.4375,55363.3,0,HUMAN
44.1534,23.4375,64537.9,0,HUMAN
46.2857,23.4375,109694.0,0,HUMAN
45.122,23.4375,75196.9,0,HUMAN
44.8379,23.4375,65214.0,0,HUMAN
45.492,23.4375,87613.8,0,HUMAN
45.9349,23.4375,101676.0,0,HUMAN
45.8424,23.4375,90894.7,0,HUMAN
44.0709,23.4375,67686.8,0,HUMAN
44.243,23.4375,58549.7,0,HUMAN
44.278,23.4375,66498.1,0,HUMAN
44.4506,23.4375,70560.4,0,HUMAN
45.7626,23.4375,89610.4,0,HUMAN
44.6554,23.4375,70992.1,0,HUMAN
44.4575,23.4375,78321.5,0,HUMAN
43.7837,23.4375,54374.1,0,HUMAN
44.3968,23.4375,70250.1,0,HUMAN
44.062,23.4375,64226.2,1,HUMAN
45.1257,23.4375,89002.8,0,HUMAN
44.1961,23.4375,64943.1,0,HUMAN
44.6491,23.4375,71689.9,0,HUMAN
44.3827,23.4375,63881.5,0,HUMAN
43.311,23.4375,47624.7,0,HUMAN
44.4335,23.4375,64010.3,0,HUMAN
43.6884,23.4375,54044.8,0,HUMAN
44.0412,23.4375,64567.6,0,HUMAN
44.9769,23.4375,77746.2,0,HUMAN
45.4758,23.4375,83046.1,0,HUMAN
44.4616,23.4375,63504.6,0,HUMAN
44.1732,39.0625,74668.9,0,HUMAN
44.3642,23.4375,66230.8,0,HUMAN
44.4464,23.4375,80062.1,0,HUMAN
45.0528,23.4375,83839.0,0,HUMAN
45.5311,23.4375,84116.0,0,HUMAN
45.6504,23.4375,94211.4,0,HUMAN
45.4591,23.4375,91172.5,0,HUMAN
44.9734,23.4375,68803.0,0,HUMAN
45.1504,23.4375,78566.1,0,HUMAN
45.2686,23.4375,83283.9,0,HUMAN
44.8464,23.4375,77723.5,2,HUMAN
47.9004,23.4375,146380.0,0,HUMAN
45.7549,23.4375,119644.0,0,HUMAN
46.165,23.4375,103267.0,0,HUMAN
45.5435,23.4375,86796.6,0,HUMAN
44.8965,23.4375,80696.7,0,HUMAN
45.6661,23.4375,86422.5,0,HUMAN
47.291,23.4375,130594.0,0,HUMAN
44.9031,23.4375,70967.9,0,HUMAN
44.5497,23.4375,68980.7,0,HUMAN
45.7391,23.4375,92920.5,0,HUMAN
45.3613,23.4375,76819.8,0,HUMAN
46.0988,23.4375,106349.0,0,HUMAN
45.3323,23.4375,89295.2,0,HUMAN
46.7817,23.4375,118238.0,0,HUMAN
46.1037,23.4375,101669.0,0,HUMAN
45.4349,23.4375,80594.1,0,HUMAN
47.0783,23.4375,131780.0,0,HUMAN
45.559,23.4375,92995.7,0,HUMAN
45.3692,23.4375,82715.7,0,HUMAN
45.0136,23.4375,76320.4,0,HUMAN
46.9371,23.4375,120393.0,0,HUMAN
45.0093,23.4375,83326.6,1,HUMAN
45.3613,23.4375,89200.5,0,HUMAN
45.907,23.4375,91513.7,0,HUMAN
46.9207,23.4375,115618.0,0,HUMAN
46.4093,23.4375,112660.0,0,HUMAN
45.3703,23.4375,80135.3,0,HUMAN
45.9426,23.4375,89598.2,0,HUMAN
46.8003,23.4375,104292.0,0,HUMAN
47.4346,23.4375,125006.0,0,HUMAN
45.7263,23.4375,97095.5,0,HUMAN
46.785,54.6875,119056.0,0,HUMAN
45.8619,23.4375,100375.0,0,HUMAN
45.8761,23.4375,95198.0,0,HUMAN
45.2821,23.4375,87506.8,0,HUMAN
46.5757,23.4375,106817.0,0,HUMAN
44.6346,23.4375,73773.2,0,HUMAN
45.3688,23.4375,85808.0,0,HUMAN
45.3821,23.4375,79206.1,0,HUMAN
47.4198,54.6875,129212.0,0,HUMAN
45.4189,23.4375,86217.6,0,HUMAN
45.7202,23.4375,89823.2,0,HUMAN
46.2249,23.4375,95583.1,0,HUMAN
45.4752,23.4375,85391.6,0,HUMAN
46.9605,23.4375,122595.0,0,HUMAN
45.4854,23.4375,86284.9,0,HUMAN
45.4913,23.4375,91364.8,0,HUMAN
45.7155,23.4375,96052.4,0,HUMAN
47.859,23.4375,138965.0,0,HUMAN
44.9829,23.4375,72951.2,0,HUMAN
46.8208,23.4375,114669.0,0,HUMAN
44.8953,23.4375,71300.3,0,HUMAN
45.8923,23.4375,89071.8,0,HUMAN
45.9174,23.4375,95651.1,0,HUMAN
44.2271,23.4375,71719.8,0,HUMAN
45.6316,23.4375,92705.5,0,HUMAN
44.7155,23.4375,75995.3,0,HUMAN
45.7046,23.4375,100287.0,0,HUMAN
45.6823,23.4375,84124.8,0,HUMAN
44.6671,23.4375,76733.4,0,HUMAN
45.4952,23.4375,91814.9,0,HUMAN
45.8025,23.4375,91354.6,0,HUMAN
45.9913,23.4375,100923.0,0,HUMAN
45.678,23.4375,84702.5,0,HUMAN
68.6481,7.8125,3.51721E7,0,HUMAN
46.5591,23.4375,110404.0,0,HUMAN
46.129,23.4375,98270.8,0,HUMAN
69.0698,7.8125,3.82951E7,0,HUMAN
46.8153,23.4375,119994.0,0,HUMAN
46.1326,23.4375,117971.0,0,HUMAN
68.4142,7.8125,3.36123E7,0,HUMAN
45.9469,23.4375,87926.4,0,HUMAN
47.0287,23.4375,118655.0,0,HUMAN
67.9309,7.8125,3.0419E7,0,HUMAN
46.7478,23.4375,108534.0,0,HUMAN
45.6366,23.4375,97106.5,0,HUMAN
67.9237,7.8125,3.03305E7,0,HUMAN
45.7534,23.4375,94391.1,0,HUMAN
45.5245,23.4375,90337.0,0,HUMAN
67.9491,7.8125,3.0596E7,0,HUMAN
46.4997,23.4375,101063.0,0,HUMAN
46.5209,23.4375,97818.0,0,HUMAN
45.9592,23.4375,93558.3,0,HUMAN
46.139,23.4375,95742.7,0,HUMAN
47.3891,23.4375,124514.0,0,HUMAN
46.71,23.4375,117546.0,0,HUMAN
44.7293,23.4375,74009.6,0,HUMAN
45.6176,23.4375,88576.3,0,HUMAN
46.1542,23.4375,103449.0,0,HUMAN
46.3873,23.4375,105850.0,4,HUMAN
46.2271,23.4375,104051.0,0,HUMAN
45.8195,23.4375,94369.4,0,HUMAN
45.5473,23.4375,89774.0,0,HUMAN
46.165,23.4375,94984.5,0,HUMAN
46.3142,23.4375,103062.0,0,HUMAN
45.7183,23.4375,86335.8,0,HUMAN
46.0673,23.4375,94238.1,0,HUMAN
44.6305,23.4375,60181.0,0,HUMAN
46.4009,23.4375,104677.0,0,HUMAN
46.2338,23.4375,101820.0,0,HUMAN
68.8557,7.8125,3.65924E7,0,HUMAN
47.1518,23.4375,130693.0,0,HUMAN
45.5081,23.4375,89963.7,0,HUMAN
46.1257,23.4375,94401.6,0,HUMAN
47.1328,23.4375,127669.0,0,HUMAN
45.9282,23.4375,91537.6,0,HUMAN
46.5147,23.4375,106222.0,0,HUMAN
45.0915,23.4375,88015.4,0,HUMAN
45.1643,23.4375,90668.9,0,HUMAN
46.2371,23.4375,102730.0,0,HUMAN
45.5485,23.4375,86904.6,0,HUMAN
46.1072,23.4375,115838.0,0,HUMAN
44.6855,23.4375,78562.3,0,HUMAN
44.8943,23.4375,78304.4,0,HUMAN
46.0269,23.4375,103804.0,0,HUMAN
46.8309,23.4375,118428.0,0,HUMAN
46.0464,23.4375,103324.0,0,HUMAN
46.5652,23.4375,119970.0,0,HUMAN
44.4956,23.4375,69885.9,0,HUMAN
46.4875,23.4375,118169.0,0,HUMAN
46.1925,23.4375,96493.8,0,HUMAN
46.1774,23.4375,102329.0,0,HUMAN
45.2614,23.4375,80888.4,0,HUMAN
67.8688,7.8125,2.99545E7,0,HUMAN
47.6054,23.4375,140762.0,0,HUMAN
45.0577,23.4375,80865.7,0,HUMAN
45.7254,23.4375,96273.0,0,HUMAN
68.0728,7.8125,3.12552E7,0,HUMAN
45.4135,23.4375,91143.4,0,HUMAN
45.9342,23.4375,93851.8,0,HUMAN
68.5694,7.8125,3.43834E7,0,HUMAN
47.4034,23.4375,143221.0,0,HUMAN
46.8332,23.4375,111645.0,0,HUMAN
68.8214,7.8125,3.63728E7,0,HUMAN
45.2809,23.4375,81330.4,0,HUMAN
45.9942,23.4375,94248.7,0,HUMAN
67.8519,7.8125,2.98773E7,0,HUMAN
46.6637,23.4375,115803.0,0,HUMAN
47.3359,23.4375,132228.0,0,HUMAN
68.5227,7.8125,3.4138E7,0,HUMAN
46.271,23.4375,106051.0,0,HUMAN
46.1864,23.4375,100336.0,0,HUMAN
47.5211,23.4375,132177.0,0,HUMAN
46.9254,23.4375,122897.0,0,HUMAN
45.7628,23.4375,112108.0,0,HUMAN
44.7719,23.4375,79939.5,0,HUMAN
46.4011,23.4375,100131.0,0,HUMAN
46.4698,23.4375,96724.0,0,HUMAN
45.943,23.4375,93751.2,0,HUMAN
46.8664,23.4375,137185.0,0,HUMAN
45.5499,23.4375,86819.4,0,HUMAN
46.5354,23.4375,97925.2,0,HUMAN
45.1051,23.4375,77510.5,0,HUMAN
44.9156,23.4375,77699.1,0,HUMAN
45.4146,23.4375,86985.3,0,HUMAN
46.6688,23.4375,121761.0,0,HUMAN
45.6689,23.4375,104406.0,0,HUMAN
45.2209,23.4375,84880.5,0,HUMAN
45.2423,23.4375,73705.7,0,HUMAN
44.7395,23.4375,72336.2,0,HUMAN
46.1681,23.4375,91804.0,0,HUMAN
46.7389,23.4375,122028.0,0,HUMAN
45.3313,23.4375,83145.2,0,HUMAN
45.2545,23.4375,85979.2,0,HUMAN
45.7232,23.4375,96529.9,0,HUMAN
46.2214,23.4375,115032.0,0,HUMAN
46.2087,23.4375,107264.0,0,HUMAN
45.9388,23.4375,102297.0,0,HUMAN
48.8112,54.6875,217684.0,0,HUMAN
45.8222,23.4375,87521.5,0,HUMAN
46.7114,54.6875,119804.0,0,HUMAN
46.6999,23.4375,111998.0,0,HUMAN
45.3016,23.4375,75826.8,0,HUMAN
47.7715,23.4375,141179.0,0,HUMAN
45.0882,23.4375,85007.2,0,HUMAN
46.613,23.4375,102720.0,0,HUMAN
46.3018,23.4375,110691.0,0,HUMAN
46.9518,23.4375,113304.0,0,HUMAN
46.8676,23.4375,123972.0,0,HUMAN
46.1077,23.4375,107433.0,0,HUMAN
45.388,15.625,88925.2,0,HUMAN
50.9327,23.4375,261496.0,0,HUMAN
42.9778,23.4375,46841.4,0,HUMAN
45.3446,23.4375,89890.6,0,HUMAN
46.2525,23.4375,96318.4,0,HUMAN
45.4296,23.4375,84867.0,0,HUMAN
46.9577,23.4375,117822.0,0,HUMAN
46.3012,23.4375,95703.8,0,HUMAN
45.714,23.4375,94017.5,0,HUMAN
45.9312,23.4375,100368.0,0,HUMAN
45.9912,23.4375,94563.3,0,HUMAN
46.4912,23.4375,106724.0,0,HUMAN
46.4831,23.4375,105701.0,0,HUMAN
44.7351,23.4375,66566.6,0,HUMAN
45.9816,23.4375,89890.3,0,HUMAN
46.5786,23.4375,102964.0,0,HUMAN
44.7955,23.4375,79975.1,0,HUMAN
46.136,23.4375,88932.4,0,HUMAN
45.8516,23.4375,97393.5,0,HUMAN
46.2612,23.4375,104579.0,0,HUMAN
46.5844,23.4375,109199.0,0,HUMAN
46.3029,23.4375,104385.0,0,HUMAN
45.8828,23.4375,102180.0,0,HUMAN
45.9657,23.4375,90365.5,0,HUMAN
46.0729,23.4375,102072.0,0,HUMAN
46.0534,23.4375,95225.4,0,HUMAN
45.4437,23.4375,87357.9,0,HUMAN
44.8074,23.4375,74334.8,0,HUMAN
45.8739,23.4375,93377.5,0,HUMAN
46.5039,23.4375,109273.0,0,HUMAN
45.9156,23.4375,100950.0,0,HUMAN
45.1594,23.4375,79269.8,0,HUMAN
46.1795,23.4375,109932.0,0,HUMAN
45.9912,23.4375,97363.9,0,HUMAN
45.7525,23.4375,90871.4,0,HUMAN
46.0082,23.4375,97317.1,0,HUMAN
45.6151,23.4375,86453.0,0,HUMAN
45.6134,23.4375,84963.2,0,HUMAN
68.4592,7.8125,3.39482E7,0,HUMAN
45.885,23.4375,91973.4,0,HUMAN
46.3243,23.4375,116632.0,0,HUMAN
68.9783,7.8125,3.74509E7,0,HUMAN
47.6527,23.4375,144802.0,0,HUMAN
44.4652,23.4375,68290.3,0,HUMAN
45.8893,23.4375,88419.6,0,HUMAN
46.0131,23.4375,98307.2,0,HUMAN
45.416,23.4375,101144.0,0,HUMAN
46.3156,23.4375,105361.0,0,HUMAN
47.1643,23.4375,130136.0,0,HUMAN
45.9573,23.4375,96777.6,0,HUMAN
46.2437,23.4375,106829.0,0,HUMAN
45.9855,23.4375,93616.7,1,HUMAN
46.6986,23.4375,108395.0,0,HUMAN
45.9428,23.4375,104754.0,0,HUMAN
46.1158,23.4375,106208.0,0,HUMAN
46.3115,23.4375,110561.0,0,HUMAN
46.7204,23.4375,109738.0,0,HUMAN
46.679,23.4375,110104.0,0,HUMAN
45.3196,23.4375,85394.5,0,HUMAN
44.9017,23.4375,74232.4,0,HUMAN
45.1312,23.4375,85323.4,0,HUMAN
46.3355,23.4375,108734.0,0,HUMAN
46.9199,23.4375,115231.0,0,HUMAN
46.1889,23.4375,98515.6,0,HUMAN
46.095,23.4375,103166.0,0,HUMAN
47.4793,23.4375,134183.0,0,HUMAN
45.0154,23.4375,72989.7,0,HUMAN
46.6206,23.4375,116423.0,0,HUMAN
46.3761,23.4375,107434.0,0,HUMAN
47.0034,23.4375,122194.0,0,HUMAN
45.7916,23.4375,84225.6,0,HUMAN
46.6249,54.6875,106032.0,0,HUMAN
47.0601,23.4375,130910.0,0,HUMAN
46.6761,23.4375,112079.0,0,HUMAN
45.3947,23.4375,87943.7,0,HUMAN
45.395,23.4375,91278.0,0,HUMAN
46.1308,23.4375,103019.0,0,HUMAN
46.7686,23.4375,113369.0,0,HUMAN
46.1475,23.4375,93653.4,0,HUMAN
46.1802,23.4375,99248.5,0,HUMAN
44.5906,23.4375,74929.8,0,HUMAN
45.4108,23.4375,78885.7,0,HUMAN
46.867,23.4375,124932.0,0,HUMAN
46.1653,23.4375,89999.3,0,HUMAN
45.5358,23.4375,79294.2,0,HUMAN
47.3513,23.4375,138086.0,0,HUMAN
45.507,23.4375,84563.4,0,HUMAN
45.4734,23.4375,98485.4,0,HUMAN
46.3364,23.4375,101836.0,0,HUMAN
45.9503,23.4375,86946.7,0,HUMAN
46.5166,23.4375,118193.0,0,HUMAN
45.9299,23.4375,96358.8,0,HUMAN
45.9824,23.4375,98617.4,0,HUMAN
46.9289,23.4375,117517.0,0,HUMAN
46.0497,23.4375,95396.6,0,HUMAN
45.6348,23.4375,92007.2,0,HUMAN
45.998,23.4375,110033.0,0,HUMAN
46.0759,23.4375,97087.9,0,HUMAN
46.6643,23.4375,110050.0,0,HUMAN
46.0955,23.4375,103207.0,0,HUMAN
46.959,23.4375,119135.0,0,HUMAN
46.1773,23.4375,93636.4,0,HUMAN
45.8746,23.4375,92901.6,0,HUMAN
45.2305,23.4375,80885.6,0,HUMAN
45.2365,23.4375,91774.2,0,HUMAN
46.3209,23.4375,102641.0,0,HUMAN
47.3849,23.4375,133326.0,0,HUMAN
46.1751,23.4375,103988.0,0,HUMAN
45.8193,23.4375,95527.1,0,HUMAN
46.6725,23.4375,122834.0,0,HUMAN
46.1972,23.4375,99197.4,0,HUMAN
46.6353,23.4375,101909.0,0,HUMAN
46.2768,23.4375,97298.5,0,HUMAN
47.0615,23.4375,114035.0,0,HUMAN
45.2091,23.4375,74822.6,0,HUMAN
45.5448,23.4375,82703.5,0,HUMAN
44.3483,23.4375,66741.7,0,HUMAN
46.2077,23.4375,100789.0,0,HUMAN
46.4316,23.4375,128944.0,0,HUMAN
44.8492,23.4375,85355.2,0,HUMAN
45.5124,23.4375,92741.4,0,HUMAN
45.6688,23.4375,91053.1,0,HUMAN
45.4147,23.4375,91525.7,0,HUMAN
49.1277,23.4375,196678.0,0,HUMAN
46.2846,23.4375,100784.0,0,HUMAN
45.326,23.4375,89218.9,0,HUMAN
45.9744,23.4375,99313.5,0,HUMAN
46.4127,23.4375,110226.0,0,HUMAN
47.1411,23.4375,136158.0,0,HUMAN
45.8872,23.4375,96713.9,0,HUMAN
47.0054,23.4375,114694.0,0,HUMAN
46.3881,23.4375,106267.0,0,HUMAN
45.8252,23.4375,96085.6,0,HUMAN
46.9313,23.4375,129555.0,0,HUMAN
45.4729,23.4375,77418.8,0,HUMAN
45.4445,23.4375,88586.9,0,HUMAN
45.9948,23.4375,99610.9,0,HUMAN
45.3338,23.4375,89107.4,0,HUMAN
46.267,23.4375,104879.0,0,HUMAN
46.179,23.4375,101835.0,0,HUMAN
47.6185,54.6875,149363.0,0,HUMAN
46.526,23.4375,109959.0,0,HUMAN
46.4617,23.4375,109039.0,0,HUMAN
44.9673,23.4375,78518.1,0,HUMAN
46.3903,23.4375,117648.0,0,HUMAN
45.092,23.4375,85576.9,1,HUMAN
46.3604,23.4375,105320.0,0,HUMAN
46.6891,23.4375,114208.0,0,HUMAN
46.3862,23.4375,103176.0,0,HUMAN
46.7331,23.4375,107704.0,0,HUMAN
44.8169,23.4375,70926.5,0,HUMAN
46.701,23.4375,99508.4,0,HUMAN
46.2694,23.4375,106498.0,1,HUMAN
46.4307,23.4375,114261.0,0,HUMAN
44.7353,23.4375,87194.0,0,HUMAN
45.5028,23.4375,90150.4,0,HUMAN
45.5093,23.4375,91065.6,0,HUMAN
46.5592,23.4375,116067.0,0,HUMAN
45.5442,23.4375,86627.2,0,HUMAN
45.6224,23.4375,87422.7,0,HUMAN
46.1403,23.4375,104385.0,0,HUMAN
45.5635,23.4375,83695.4,0,HUMAN
46.1478,23.4375,99566.6,0,HUMAN
45.1868,23.4375,79573.4,0,HUMAN
44.5499,23.4375,70297.6,0,HUMAN
46.7716,23.4375,111211.0,0,HUMAN
46.215,23.4375,102998.0,0,HUMAN
45.9016,23.4375,96636.7,0,HUMAN
46.3451,23.4375,98329.6,0,HUMAN
46.7862,23.4375,119557.0,0,HUMAN
45.5945,23.4375,84168.4,0,HUMAN
46.9688,23.4375,113185.0,0,HUMAN
46.8083,23.4375,112349.0,0,HUMAN
47.1565,23.4375,126738.0,0,HUMAN
44.9219,23.4375,81400.9,0,HUMAN
44.5895,23.4375,69949.2,0,HUMAN
45.9432,23.4375,87303.1,3,HUMAN
45.6346,23.4375,93592.6,0,HUMAN
45.6768,23.4375,80946.0,0,HUMAN
46.2116,23.4375,103434.0,0,HUMAN
45.6007,23.4375,87042.7,0,HUMAN
46.2375,23.4375,100450.0,0,HUMAN
44.9418,23.4375,67413.9,0,HUMAN
47.7932,23.4375,144692.0,0,HUMAN
45.6946,23.4375,100228.0,0,HUMAN
47.1871,23.4375,126549.0,0,HUMAN
46.2798,23.4375,97746.0,0,HUMAN
45.6129,23.4375,90469.1,0,HUMAN
45.8575,23.4375,90027.9,0,HUMAN
46.0782,23.4375,104036.0,0,HUMAN
46.2689,23.4375,109287.0,0,HUMAN
46.8162,23.4375,103691.0,0,HUMAN
46.8471,54.6875,110793.0,0,HUMAN
45.3655,23.4375,85974.4,0,HUMAN
46.2192,23.4375,103262.0,0,HUMAN
44.9041,23.4375,75447.6,0,HUMAN
45.1604,23.4375,82340.4,0,HUMAN
45.5913,23.4375,88066.2,0,HUMAN
45.9712,23.4375,93338.1,0,HUMAN
45.1356,23.4375,82122.1,0,HUMAN
45.191,23.4375,81375.9,0,HUMAN
45.3556,23.4375,93011.7,0,HUMAN
45.7809,23.4375,93907.2,0,HUMAN
45.0747,23.4375,77869.8,0,HUMAN
45.7346,23.4375,78188.7,0,HUMAN
44.8719,23.4375,71484.5,0,HUMAN
45.9019,23.4375,96197.8,0,HUMAN
45.7819,23.4375,93297.2,0,HUMAN
45.3592,23.4375,88379.8,0,HUMAN
47.1913,23.4375,128640.0,0,HUMAN
46.4424,23.4375,114109.0,0,HUMAN
46.8848,23.4375,121735.0,0,HUMAN
45.1446,23.4375,75859.3,0,HUMAN
46.4378,23.4375,104981.0,0,HUMAN
46.4638,23.4375,102249.0,0,HUMAN
45.0569,23.4375,82109.3,0,HUMAN
45.9473,23.4375,101085.0,0,HUMAN
44.7355,23.4375,79027.2,0,HUMAN
45.6208,23.4375,99513.2,0,HUMAN
46.0445,23.4375,97140.9,0,HUMAN
46.3295,23.4375,109402.0,0,HUMAN
45.7014,23.4375,96718.1,0,HUMAN
45.6868,23.4375,100613.0,0,HUMAN
45.82,23.4375,90215.2,0,HUMAN
46.1885,23.4375,95057.9,0,HUMAN
45.3154,23.4375,75139.2,0,HUMAN
45.8261,23.4375,95584.6,0,HUMAN
46.2211,23.4375,97306.0,0,HUMAN
45.8641,23.4375,101893.0,1,HUMAN
45.4288,23.4375,91431.0,0,HUMAN
46.643,23.4375,109340.0,0,HUMAN
45.6431,23.4375,100192.0,0,HUMAN
46.8549,23.4375,108347.0,0,HUMAN
44.6425,23.4375,78892.7,0,HUMAN
46.0243,23.4375,106410.0,0,HUMAN
45.2914,23.4375,84712.2,0,HUMAN
45.5111,23.4375,91906.8,0,HUMAN
46.0826,23.4375,114376.0,0,HUMAN
46.5457,23.4375,156769.0,0,HUMAN
45.8539,23.4375,90486.9,0,HUMAN
44.9382,23.4375,75588.8,0,HUMAN
45.6126,23.4375,95562.1,0,HUMAN
45.9111,54.6875,102170.0,0,HUMAN
46.3001,23.4375,110181.0,0,HUMAN
45.6892,23.4375,86347.6,0,HUMAN
45.2336,23.4375,86035.1,0,HUMAN
46.6156,23.4375,110039.0,0,HUMAN
45.8442,23.4375,95943.9,0,HUMAN
46.2043,23.4375,98866.1,0,HUMAN
46.8732,23.4375,103753.0,0,HUMAN
45.9354,23.4375,102704.0,0,HUMAN
45.0404,23.4375,71816.3,0,HUMAN
46.9473,23.4375,117890.0,0,HUMAN
45.1699,23.4375,85830.8,0,HUMAN
45.3958,23.4375,91588.3,0,HUMAN
44.2643,23.4375,69904.0,0,HUMAN
45.3323,23.4375,90538.8,0,HUMAN
45.3035,23.4375,77352.4,0,HUMAN
44.1051,23.4375,62335.2,0,HUMAN
45.2461,23.4375,76888.1,0,HUMAN
45.5396,23.4375,84022.2,0,HUMAN
45.084,23.4375,80669.0,0,HUMAN
46.9735,23.4375,125309.0,0,HUMAN
47.1213,23.4375,123049.0,0,HUMAN
46.3263,23.4375,103846.0,0,HUMAN
45.7241,23.4375,87614.8,0,HUMAN
44.6976,23.4375,77588.8,0,HUMAN
46.8375,23.4375,112688.0,0,HUMAN
46.6695,23.4375,113381.0,0,HUMAN
45.2499,23.4375,87278.0,0,HUMAN
46.7698,23.4375,104680.0,1,HUMAN
47.2443,23.4375,120904.0,0,HUMAN
47.4924,23.4375,150021.0,0,HUMAN
45.5827,23.4375,77716.7,0,HUMAN
45.3568,23.4375,78646.2,0,HUMAN
44.1124,23.4375,61498.7,0,HUMAN
45.7712,23.4375,94282.4,0,HUMAN
45.7533,23.4375,89870.9,1,HUMAN
45.8218,23.4375,95697.4,0,HUMAN
45.357,23.4375,93026.9,0,HUMAN
45.5132,23.4375,87151.1,0,HUMAN
44.8283,23.4375,79086.9,0,HUMAN
45.8482,23.4375,95316.8,0,HUMAN
44.9789,23.4375,77214.6,0,HUMAN
46.5113,23.4375,109479.0,0,HUMAN
45.7546,23.4375,102392.0,0,HUMAN
45.6863,23.4375,102192.0,0,HUMAN
45.8263,23.4375,94994.7,0,HUMAN
45.6393,23.4375,94830.5,0,HUMAN
46.134,23.4375,99985.8,0,HUMAN
46.3243,23.4375,114710.0,0,HUMAN
45.4128,23.4375,84687.7,0,HUMAN
45.6722,23.4375,90850.1,0,HUMAN
46.4085,23.4375,112479.0,0,HUMAN
44.3644,23.4375,63519.1,0,HUMAN
46.2519,54.6875,116523.0,0,HUMAN
45.4152,23.4375,85953.2,0,HUMAN
45.5967,23.4375,93225.8,0,HUMAN
45.4689,23.4375,86204.4,0,HUMAN
46.4724,23.4375,95496.7,0,HUMAN
45.7176,23.4375,94335.9,0,HUMAN
46.0625,23.4375,99890.4,0,HUMAN
46.4259,23.4375,91342.9,0,HUMAN
46.1538,23.4375,105494.0,0,HUMAN
46.9981,54.6875,125615.0,0,HUMAN
45.8874,23.4375,106548.0,0,HUMAN
45.834,23.4375,96971.8,0,HUMAN
45.6565,23.4375,80670.0,0,HUMAN
46.0518,23.4375,100140.0,0,HUMAN
45.6988,23.4375,87746.0,0,HUMAN
45.4558,23.4375,91636.0,0,HUMAN
46.7287,23.4375,108671.0,0,HUMAN
45.4455,23.4375,76128.6,0,HUMAN
46.5527,23.4375,115067.0,0,HUMAN
46.1849,23.4375,101936.0,0,HUMAN
46.518,23.4375,112525.0,0,HUMAN
44.8556,23.4375,68218.9,0,HUMAN
45.2168,23.4375,77015.2,0,HUMAN
45.9246,23.4375,90374.0,0,HUMAN
46.8742,23.4375,118216.0,0,HUMAN
45.57,23.4375,85771.9,0,HUMAN
46.1272,54.6875,107614.0,0,HUMAN
44.8224,23.4375,65993.0,0,HUMAN
46.5516,23.4375,99119.7,0,HUMAN
45.391,23.4375,71163.1,0,HUMAN
46.0411,23.4375,97163.1,0,HUMAN
47.7247,23.4375,150117.0,0,HUMAN
47.3042,23.4375,122493.0,0,HUMAN
46.6931,23.4375,118739.0,2,HUMAN
45.7367,23.4375,89398.2,0,HUMAN
44.7934,23.4375,63269.3,0,HUMAN
46.4641,23.4375,105695.0,0,HUMAN
46.2805,23.4375,112601.0,0,HUMAN
45.4653,23.4375,87174.3,0,HUMAN
46.6499,23.4375,115972.0,0,HUMAN
46.8962,54.6875,119915.0,0,HUMAN
44.9176,23.4375,77759.5,0,HUMAN
46.1889,23.4375,111500.0,0,HUMAN
46.1816,23.4375,103830.0,0,HUMAN
46.1543,23.4375,108287.0,0,HUMAN
47.2884,23.4375,139631.0,0,HUMAN
44.9621,23.4375,81572.8,0,HUMAN
47.4018,23.4375,132965.0,2,HUMAN
47.1517,23.4375,132964.0,0,HUMAN
45.7041,23.4375,85985.2,0,HUMAN
46.1594,23.4375,96906.7,0,HUMAN
46.3693,23.4375,111776.0,0,HUMAN
45.9897,23.4375,100428.0,0,HUMAN
47.8229,23.4375,152266.0,0,HUMAN
46.4082,23.4375,118430.0,0,HUMAN
46.5721,23.4375,113832.0,0,HUMAN
46.3342,23.4375,98381.5,0,HUMAN
46.7435,23.4375,106150.0,0,HUMAN
46.9989,23.4375,115061.0,0,HUMAN
45.7762,23.4375,87739.4,0,HUMAN
46.5758,23.4375,124466.0,0,HUMAN
46.0152,23.4375,92336.1,0,HUMAN
45.8614,23.4375,97080.2,0,HUMAN
46.2902,23.4375,103644.0,0,HUMAN
46.6662,23.4375,112669.0,0,HUMAN
46.8045,54.6875,123073.0,0,HUMAN
46.9492,23.4375,123053.0,0,HUMAN
48.5612,23.4375,149752.0,0,HUMAN
52.008,15.625,321270.0,0,HUMAN
45.2737,23.4375,80218.2,0,HUMAN
52.3198,15.625,364646.0,0,HUMAN
51.8024,15.625,301513.0,0,HUMAN
46.6126,23.4375,118701.0,0,HUMAN
45.6775,23.4375,88374.8,0,HUMAN
46.6546,23.4375,121321.0,0,HUMAN
45.7965,23.4375,110102.0,0,HUMAN
45.8664,23.4375,91653.1,0,HUMAN
46.3619,23.4375,105521.0,0,HUMAN
46.8348,23.4375,115539.0,0,HUMAN
46.6183,23.4375,107290.0,0,HUMAN
46.6397,23.4375,106260.0,0,HUMAN
46.5118,23.4375,121129.0,0,HUMAN
45.8508,23.4375,86474.8,0,HUMAN
45.4223,23.4375,87762.1,0,HUMAN
45.6022,23.4375,86094.7,0,HUMAN
46.1503,23.4375,100910.0,0,HUMAN
45.9431,23.4375,105618.0,0,HUMAN
44.6987,23.4375,67385.4,0,HUMAN
44.6435,23.4375,68092.9,0,HUMAN
46.0294,23.4375,98431.4,0,HUMAN
45.6925,23.4375,88705.3,0,HUMAN
46.0764,23.4375,110339.0,0,HUMAN
46.9369,54.6875,117106.0,0,HUMAN
45.7725,23.4375,101369.0,0,HUMAN
46.1463,23.4375,105128.0,0,HUMAN
44.9477,23.4375,78751.0,0,HUMAN
45.7117,23.4375,92978.9,0,HUMAN
46.1276,23.4375,96685.1,0,HUMAN
45.6996,23.4375,93240.3,0,HUMAN
46.1396,23.4375,110898.0,0,HUMAN
47.2586,23.4375,118627.0,0,HUMAN
47.2599,54.6875,130840.0,0,HUMAN
47.7044,23.4375,152337.0,0,HUMAN
46.2542,23.4375,110295.0,0,HUMAN
45.8312,23.4375,103607.0,1,HUMAN
45.887,23.4375,94050.0,0,HUMAN
46.0351,23.4375,100045.0,0,HUMAN
46.9761,23.4375,118425.0,0,HUMAN
46.4401,23.4375,110140.0,0,HUMAN
45.516,23.4375,93656.5,0,HUMAN
45.8773,23.4375,98189.9,0,HUMAN
45.5046,23.4375,83419.5,0,HUMAN
46.5689,23.4375,114290.0,0,HUMAN
45.732,23.4375,93452.6,0,HUMAN
45.6314,23.4375,102534.0,0,HUMAN
46.8217,23.4375,116576.0,0,HUMAN
44.9505,23.4375,85266.1,0,HUMAN
45.5999,23.4375,87334.2,0,HUMAN
47.2909,23.4375,131516.0,0,HUMAN
46.9833,23.4375,121933.0,0,HUMAN
46.2852,23.4375,95014.5,0,HUMAN
46.916,23.4375,121259.0,0,HUMAN
45.6105,23.4375,96956.2,0,HUMAN
45.3044,23.4375,85908.1,0,HUMAN
46.3931,23.4375,108992.0,0,HUMAN
45.1642,23.4375,81487.5,0,HUMAN
46.7157,23.4375,112687.0,0,HUMAN
46.49,23.4375,108167.0,0,HUMAN
46.7532,23.4375,113142.0,0,HUMAN
47.009,23.4375,103374.0,0,HUMAN
45.9485,23.4375,100377.0,0,HUMAN
47.3805,23.4375,134781.0,0,HUMAN
47.0052,23.4375,125427.0,0,HUMAN
46.5022,23.4375,110420.0,0,HUMAN
45.3255,23.4375,85658.5,0,HUMAN
46.0356,23.4375,98285.8,0,HUMAN
46.6566,23.4375,119522.0,0,HUMAN
45.7901,23.4375,106881.0,0,HUMAN
46.6415,23.4375,118077.0,0,HUMAN
46.4523,23.4375,110659.0,0,HUMAN
46.8314,23.4375,117122.0,0,HUMAN
46.6465,23.4375,112669.0,0,HUMAN
46.5572,23.4375,118767.0,0,HUMAN
47.9515,23.4375,153369.0,0,HUMAN
45.8015,23.4375,89401.0,0,HUMAN
46.3126,23.4375,100517.0,0,HUMAN
46.6318,23.4375,124226.0,0,HUMAN
45.9615,23.4375,100751.0,0,HUMAN
46.7258,23.4375,114285.0,0,HUMAN
46.912,23.4375,119934.0,0,HUMAN
47.0362,23.4375,114713.0,0,HUMAN
46.1428,23.4375,107986.0,2,HUMAN
45.5157,23.4375,85965.8,0,HUMAN
46.3881,23.4375,114775.0,0,HUMAN
46.5362,23.4375,113608.0,0,HUMAN
47.19,23.4375,145542.0,0,HUMAN
46.1459,23.4375,99510.5,0,HUMAN
45.2595,23.4375,82222.4,0,HUMAN
46.1288,23.4375,107592.0,0,HUMAN
46.2595,23.4375,116517.0,0,HUMAN
45.8801,23.4375,105360.0,0,HUMAN
46.1837,23.4375,99308.1,0,HUMAN
45.4013,23.4375,94191.4,0,HUMAN
46.5407,23.4375,111201.0,0,HUMAN
46.1836,23.4375,95771.0,0,HUMAN
46.7626,23.4375,113073.0,0,HUMAN
46.2815,54.6875,93429.9,0,HUMAN
45.7992,23.4375,78521.4,0,HUMAN
46.8574,23.4375,116321.0,0,HUMAN
45.721,23.4375,97890.9,0,HUMAN
46.3273,54.6875,103873.0,0,HUMAN
46.06,23.4375,103981.0,0,HUMAN
44.0714,23.4375,63764.5,0,HUMAN
46.3573,23.4375,113445.0,0,HUMAN
46.0274,23.4375,96056.1,0,HUMAN
46.7386,23.4375,114709.0,0,HUMAN
45.2303,23.4375,80866.4,0,HUMAN
47.0062,23.4375,127490.0,0,HUMAN
46.6507,23.4375,122479.0,0,HUMAN
45.8817,23.4375,103808.0,0,HUMAN
46.4032,23.4375,108794.0,0,HUMAN
45.4674,23.4375,81848.0,0,HUMAN
45.9141,23.4375,102654.0,0,HUMAN
46.1675,23.4375,103193.0,0,HUMAN
46.0711,23.4375,100876.0,0,HUMAN
46.9711,23.4375,120596.0,0,HUMAN
46.7661,23.4375,113894.0,0,HUMAN
45.6185,23.4375,93954.0,0,HUMAN
45.8082,23.4375,91678.5,0,HUMAN
46.7437,23.4375,110810.0,0,HUMAN
46.6784,23.4375,105595.0,0,HUMAN
46.8706,23.4375,123330.0,0,HUMAN
46.2586,23.4375,110779.0,0,HUMAN
45.7277,23.4375,99653.9,0,HUMAN
46.8161,23.4375,116825.0,0,HUMAN
45.9532,23.4375,93550.5,0,HUMAN
46.0586,23.4375,100041.0,0,HUMAN
46.3019,23.4375,109871.0,0,HUMAN
46.2932,23.4375,108305.0,0,HUMAN
46.0379,23.4375,106606.0,0,HUMAN
47.0209,23.4375,118169.0,0,HUMAN
46.8097,23.4375,120606.0,0,HUMAN
45.7248,23.4375,94964.2,0,HUMAN
45.9785,23.4375,93157.8,0,HUMAN
45.6443,23.4375,87596.4,0,HUMAN
46.3386,23.4375,107947.0,0,HUMAN
46.0258,23.4375,100673.0,0,HUMAN
45.9409,23.4375,92514.9,0,HUMAN
46.9934,23.4375,124783.0,0,HUMAN
47.1166,23.4375,125886.0,0,HUMAN
46.5228,23.4375,110286.0,0,HUMAN
46.2076,23.4375,109107.0,0,HUMAN
45.2417,23.4375,88749.9,0,HUMAN
45.6415,23.4375,86190.4,0,HUMAN
47.0955,23.4375,120709.0,0,HUMAN
45.7517,23.4375,100349.0,0,HUMAN
47.8642,54.6875,141528.0,0,HUMAN
46.3927,23.4375,96056.6,0,HUMAN
46.2901,23.4375,111597.0,0,HUMAN
45.3138,23.4375,87733.2,0,HUMAN
45.8244,23.4375,93882.5,0,HUMAN
47.1071,23.4375,134611.0,0,HUMAN
46.8069,23.4375,123813.0,0,HUMAN
45.8898,23.4375,93765.8,0,HUMAN
45.9315,23.4375,99788.4,0,HUMAN
46.9278,23.4375,122049.0,0,HUMAN
45.9842,23.4375,91361.9,0,HUMAN
46.5293,23.4375,105796.0,0,HUMAN
46.7273,23.4375,113405.0,0,HUMAN
46.1416,23.4375,98196.6,0,HUMAN
45.7464,23.4375,97498.8,0,HUMAN
46.8523,23.4375,110369.0,0,HUMAN
45.5986,23.4375,102353.0,0,HUMAN
47.1897,23.4375,147987.0,0,HUMAN
46.4088,23.4375,107897.0,0,HUMAN
46.174,23.4375,104721.0,0,HUMAN
44.4938,23.4375,69506.6,0,HUMAN
46.072,23.4375,98759.1,3,HUMAN
45.6012,23.4375,84022.9,0,HUMAN
46.7166,23.4375,126282.0,0,HUMAN
46.1742,23.4375,97144.2,0,HUMAN
45.4443,23.4375,88171.1,0,HUMAN
46.9608,23.4375,124225.0,0,HUMAN
46.0696,23.4375,102339.0,0,HUMAN
46.2798,23.4375,105994.0,0,HUMAN
45.9328,23.4375,101722.0,0,HUMAN
46.4419,23.4375,102038.0,0,HUMAN
46.6108,23.4375,117595.0,0,HUMAN
45.4264,23.4375,87165.3,0,HUMAN
47.303,23.4375,135669.0,0,HUMAN
46.5572,23.4375,115617.0,0,HUMAN
46.4627,23.4375,118067.0,0,HUMAN
45.7191,23.4375,94702.5,0,HUMAN
45.1905,23.4375,81341.5,0,HUMAN
46.177,23.4375,106238.0,0,HUMAN
46.2772,23.4375,100513.0,0,HUMAN
46.0705,23.4375,101593.0,0,HUMAN
46.4778,23.4375,109264.0,0,HUMAN
44.7961,23.4375,64609.3,0,HUMAN
45.4823,23.4375,89139.7,0,HUMAN
45.7966,23.4375,99326.3,0,HUMAN
45.3902,23.4375,96548.4,0,HUMAN
46.9345,23.4375,115387.0,0,HUMAN
46.1517,23.4375,102770.0,0,HUMAN
44.6752,23.4375,86498.8,0,HUMAN
46.2427,23.4375,107662.0,0,HUMAN
46.8155,23.4375,114321.0,0,HUMAN
47.0708,23.4375,129349.0,0,HUMAN
47.127,23.4375,121285.0,0,HUMAN
46.2316,23.4375,103812.0,0,HUMAN
45.6914,23.4375,86863.5,0,HUMAN
45.8386,23.4375,97016.1,0,HUMAN
45.4512,23.4375,76425.0,0,HUMAN
47.0921,23.4375,123616.0,0,HUMAN
46.275,23.4375,105521.0,0,HUMAN
45.5583,23.4375,84411.1,0,HUMAN
46.1637,23.4375,109362.0,0,HUMAN
46.78,23.4375,117724.0,0,HUMAN
46.9615,23.4375,119101.0,0,HUMAN
45.858,23.4375,98187.2,0,HUMAN
47.5213,23.4375,142241.0,0,HUMAN
45.0687,23.4375,73637.2,0,HUMAN
46.6667,23.4375,122744.0,0,HUMAN
46.5984,23.4375,106100.0,0,HUMAN
46.8629,23.4375,127041.0,0,HUMAN
46.9493,23.4375,125516.0,0,HUMAN
47.632,23.4375,152337.0,0,HUMAN
46.0664,23.4375,101619.0,0,HUMAN
45.6083,23.4375,87688.8,0,HUMAN
46.6818,23.4375,113065.0,0,HUMAN
45.6994,23.4375,94841.1,0,HUMAN
46.3375,23.4375,115176.0,0,HUMAN
45.4037,23.4375,77235.0,0,HUMAN
45.9716,23.4375,89522.8,0,HUMAN
46.6824,23.4375,123333.0,0,HUMAN
45.575,23.4375,88217.7,0,HUMAN
45.5618,23.4375,99739.8,0,HUMAN
46.7825,23.4375,120051.0,0,HUMAN
45.4462,23.4375,102117.0,0,HUMAN
45.4831,23.4375,86804.5,0,HUMAN
45.4493,23.4375,90231.0,0,HUMAN
45.58,23.4375,99287.9,0,HUMAN
45.0804,23.4375,83496.0,0,HUMAN
47.0008,23.4375,121472.0,0,HUMAN
46.3304,23.4375,99058.5,0,HUMAN
45.7494,23.4375,93867.3,0,HUMAN
44.9769,23.4375,82918.5,0,HUMAN
46.5483,23.4375,98191.8,0,HUMAN
46.4642,23.4375,111315.0,0,HUMAN
46.4136,23.4375,104027.0,2,HUMAN
45.4556,23.4375,87599.2,0,HUMAN
46.2313,23.4375,116889.0,0,HUMAN
47.6976,23.4375,136611.0,0,HUMAN
45.9531,23.4375,105550.0,0,HUMAN
46.0289,23.4375,98086.6,0,HUMAN
46.729,23.4375,114329.0,0,HUMAN
46.6422,23.4375,100663.0,0,HUMAN
46.3188,23.4375,106564.0,0,HUMAN
46.0737,23.4375,98262.3,0,HUMAN
46.9618,23.4375,125776.0,0,HUMAN
46.0748,23.4375,99860.5,0,HUMAN
46.7764,23.4375,122583.0,0,HUMAN
44.2459,23.4375,62018.2,0,HUMAN
50.231,23.4375,270546.0,0,HUMAN
45.8992,23.4375,99761.8,0,HUMAN
46.7959,23.4375,112062.0,0,HUMAN
45.3885,23.4375,98286.8,0,HUMAN
45.8066,23.4375,83932.2,0,HUMAN
46.4848,54.6875,117442.0,0,HUMAN
45.549,23.4375,95711.2,0,HUMAN
45.8655,23.4375,100645.0,0,HUMAN
45.3916,23.4375,83061.4,0,HUMAN
45.907,23.4375,90438.6,0,HUMAN
45.9769,23.4375,99803.8,0,HUMAN
46.981,23.4375,124757.0,0,HUMAN
47.0995,23.4375,132466.0,0,HUMAN
47.1364,54.6875,133106.0,0,HUMAN
45.4589,23.4375,89074.2,0,HUMAN
46.7978,23.4375,113895.0,0,HUMAN
46.5093,23.4375,108361.0,0,HUMAN
45.8928,23.4375,89561.7,0,HUMAN
46.0621,23.4375,100907.0,0,HUMAN
46.929,54.6875,122521.0,0,HUMAN
45.4047,23.4375,80639.3,0,HUMAN
46.3413,23.4375,115051.0,0,HUMAN
45.7798,23.4375,87123.9,0,HUMAN
45.9345,23.4375,88320.5,0,HUMAN
45.8949,23.4375,92166.7,0,HUMAN
46.911,23.4375,110585.0,0,HUMAN
45.6024,23.4375,88895.2,0,HUMAN
46.0253,23.4375,105249.0,0,HUMAN
45.6168,23.4375,102050.0,0,HUMAN
45.0361,23.4375,78798.0,0,HUMAN
46.0084,23.4375,102326.0,0,HUMAN
45.858,23.4375,83796.3,0,HUMAN
45.1879,23.4375,78650.1,0,HUMAN
68.1838,7.8125,3.21486E7,0,HUMAN
46.1711,23.4375,107072.0,0,HUMAN
46.2965,23.4375,108560.0,0,HUMAN
68.326,7.8125,3.29851E7,0,HUMAN
45.6024,23.4375,99500.7,0,HUMAN
48.1397,23.4375,169721.0,0,HUMAN
46.1073,23.4375,96211.1,0,HUMAN
46.5165,23.4375,114050.0,0,HUMAN
46.6831,23.4375,116800.0,0,HUMAN
46.1366,23.4375,104212.0,0,HUMAN
46.1869,23.4375,111508.0,0,HUMAN
46.287,23.4375,101850.0,0,HUMAN
46.4489,23.4375,112032.0,0,HUMAN
47.1209,23.4375,121170.0,0,HUMAN
46.5309,23.4375,115160.0,0,HUMAN
46.4114,23.4375,109043.0,0,HUMAN
68.3026,7.8125,3.27787E7,0,HUMAN
46.8461,23.4375,120028.0,0,HUMAN
47.8208,23.4375,156191.0,0,HUMAN
67.4253,7.8125,2.73337E7,0,HUMAN
48.8373,23.4375,165308.0,0,HUMAN
45.6818,23.4375,85049.0,0,HUMAN
68.537,7.8125,3.42819E7,0,HUMAN
44.3647,23.4375,66767.5,0,HUMAN
45.7154,23.4375,94627.4,0,HUMAN
45.7979,23.4375,98045.2,0,HUMAN
45.4386,23.4375,89638.7,0,HUMAN
45.8666,23.4375,95527.5,0,HUMAN
45.0023,23.4375,81007.7,0,HUMAN
45.5942,23.4375,90615.8,0,HUMAN
47.1782,23.4375,120078.0,0,HUMAN
46.4543,23.4375,103406.0,0,HUMAN
45.7448,23.4375,93441.5,0,HUMAN
45.0064,23.4375,79685.0,0,HUMAN
45.9613,23.4375,96743.3,0,HUMAN
46.3618,23.4375,99972.8,0,HUMAN
45.7824,23.4375,87505.5,0,HUMAN
45.3348,23.4375,93286.4,0,HUMAN
45.3139,23.4375,90416.7,0,HUMAN
45.9232,23.4375,101391.0,0,HUMAN
68.1867,7.8125,3.18128E7,0,HUMAN
46.3504,23.4375,108248.0,0,HUMAN
45.2168,23.4375,87023.6,0,HUMAN
44.5153,23.4375,73672.5,0,HUMAN
44.8617,23.4375,81114.1,0,HUMAN
46.0269,23.4375,101735.0,0,HUMAN
45.2073,23.4375,81763.1,0,HUMAN
48.7777,23.4375,194735.0,0,HUMAN
44.5089,23.4375,68592.4,0,HUMAN
45.1702,23.4375,74233.2,0,HUMAN
46.3994,54.6875,116385.0,0,HUMAN
45.8387,23.4375,100316.0,0,HUMAN
46.0577,23.4375,99211.1,0,HUMAN
45.0008,23.4375,72264.0,0,HUMAN
43.2097,54.6875,43874.8,0,HUMAN
46.6996,23.4375,117000.0,0,HUMAN
46.4823,54.6875,110538.0,0,HUMAN
68.8651,7.8125,3.68828E7,0,HUMAN
45.9234,23.4375,110689.0,0,HUMAN
45.6292,23.4375,93688.7,0,HUMAN
46.3177,23.4375,109001.0,0,HUMAN
47.0321,23.4375,116679.0,0,HUMAN
45.7145,23.4375,88167.2,0,HUMAN
45.5806,23.4375,99257.8,0,HUMAN
46.2617,23.4375,108485.0,0,HUMAN
44.9689,23.4375,87507.2,0,HUMAN
46.121,23.4375,92137.4,0,HUMAN
46.1355,23.4375,111304.0,0,HUMAN
45.9855,23.4375,99025.0,0,HUMAN
47.5609,23.4375,145544.0,0,HUMAN
45.047,54.6875,83772.8,0,HUMAN
68.5369,7.8125,3.41977E7,0,HUMAN
46.9501,23.4375,126173.0,0,HUMAN
68.5548,7.8125,3.45858E7,0,HUMAN
44.6264,23.4375,65436.3,0,HUMAN
46.0587,23.4375,98067.5,0,HUMAN
68.8114,7.8125,3.62297E7,0,HUMAN
44.926,23.4375,79492.3,0,HUMAN
45.2598,23.4375,90577.2,0,HUMAN
68.9932,7.8125,3.77106E7,0,HUMAN
46.6011,23.4375,111910.0,0,HUMAN
68.5197,7.8125,3.42386E7,0,HUMAN
45.8114,23.4375,93733.9,0,HUMAN
69.1673,7.8125,3.9024E7,0,HUMAN
45.4511,23.4375,83636.4,0,HUMAN
48.1189,54.6875,184313.0,1,HUMAN
45.7227,23.4375,78057.8,0,HUMAN
45.2486,23.4375,92377.5,0,HUMAN
44.1705,23.4375,64818.9,0,HUMAN
68.0687,7.8125,3.13558E7,0,HUMAN
46.9323,23.4375,96967.3,0,HUMAN
48.9991,23.4375,195675.0,0,HUMAN
67.9436,7.8125,3.04381E7,0,HUMAN
46.1919,23.4375,111508.0,0,HUMAN
46.4125,23.4375,113448.0,0,HUMAN
68.2374,7.8125,3.2403E7,0,HUMAN
44.7973,23.4375,72855.7,0,HUMAN
47.2295,54.6875,137776.0,0,HUMAN
67.6893,7.8125,2.88781E7,0,HUMAN
45.6046,23.4375,97068.9,0,HUMAN
45.8394,23.4375,99896.2,0,HUMAN
45.6157,23.4375,83890.5,0,HUMAN
44.7062,23.4375,65405.5,0,HUMAN
46.6374,23.4375,108063.0,0,HUMAN
46.6597,23.4375,111355.0,0,HUMAN
46.4697,23.4375,114981.0,0,HUMAN
46.4428,23.4375,107974.0,0,HUMAN
45.2988,23.4375,86019.1,0,HUMAN
46.6824,23.4375,118932.0,0,HUMAN
47.2854,23.4375,129015.0,0,HUMAN
46.0808,23.4375,97516.6,0,HUMAN
44.1592,23.4375,57145.3,0,HUMAN
45.8274,23.4375,86454.1,0,HUMAN
46.5203,23.4375,108643.0,0,HUMAN
44.9824,23.4375,77559.4,0,HUMAN
46.1903,23.4375,99415.4,0,HUMAN
45.8726,23.4375,93437.5,0,HUMAN
45.8951,23.4375,95214.3,0,HUMAN
45.8615,23.4375,94184.6,0,HUMAN
46.3084,23.4375,107703.0,0,HUMAN
45.1902,23.4375,79261.8,0,HUMAN
45.8665,23.4375,95790.6,0,HUMAN
44.5407,23.4375,65936.4,0,HUMAN
45.8588,23.4375,101823.0,0,HUMAN
45.8965,23.4375,89875.2,0,HUMAN
48.2252,54.6875,186604.0,0,HUMAN
45.1045,15.625,75023.7,0,HUMAN
47.6068,23.4375,126840.0,0,HUMAN
45.1096,23.4375,91939.7,0,HUMAN
47.2986,54.6875,134198.0,0,HUMAN
45.9264,23.4375,96738.2,0,HUMAN
46.6579,23.4375,105418.0,0,HUMAN
46.4099,23.4375,105841.0,0,HUMAN
46.0189,23.4375,98645.5,0,HUMAN
45.1597,23.4375,87137.2,0,HUMAN
45.507,23.4375,84760.0,0,HUMAN
46.5205,23.4375,108509.0,0,HUMAN
47.0246,23.4375,117307.0,0,HUMAN
45.3737,23.4375,83177.6,0,HUMAN
46.6752,23.4375,109734.0,0,HUMAN
46.2755,23.4375,104772.0,0,HUMAN
44.8034,23.4375,76325.8,0,HUMAN
45.5126,23.4375,92709.9,0,HUMAN
45.7496,23.4375,91016.2,0,HUMAN
45.2554,23.4375,92134.2,0,HUMAN
45.5689,23.4375,98272.6,0,HUMAN
45.507,23.4375,85465.9,0,HUMAN
46.5243,23.4375,107248.0,0,HUMAN
44.6109,23.4375,70576.3,0,HUMAN
43.2247,23.4375,57881.1,0,HUMAN
44.4428,23.4375,65982.7,0,HUMAN
45.1327,23.4375,71105.5,0,HUMAN
45.2121,23.4375,82923.2,0,HUMAN
45.2552,23.4375,79137.0,0,HUMAN
46.1152,23.4375,101586.0,0,HUMAN
44.4795,23.4375,65415.6,0,HUMAN
45.8318,23.4375,91516.5,0,HUMAN
45.5759,23.4375,97741.4,0,HUMAN
47.2506,54.6875,136179.0,0,HUMAN
45.9468,23.4375,98426.5,0,HUMAN
45.7048,23.4375,92678.4,0,HUMAN
46.2265,23.4375,95351.9,0,HUMAN
45.6669,23.4375,93153.2,0,HUMAN
46.5358,23.4375,105807.0,0,HUMAN
44.3102,23.4375,61917.0,0,HUMAN
46.0448,23.4375,111165.0,0,HUMAN
45.6971,23.4375,91909.4,2,HUMAN
45.3897,23.4375,83527.2,2,HUMAN
45.822,23.4375,101227.0,2,HUMAN
44.915,23.4375,77333.2,0,HUMAN
45.4506,23.4375,90715.3,1,HUMAN
45.7717,23.4375,89497.4,0,HUMAN
46.4684,23.4375,106783.0,1,HUMAN
45.4684,23.4375,91481.8,0,HUMAN
43.6403,23.4375,65508.5,0,HUMAN
45.1823,23.4375,87123.3,0,HUMAN
45.9924,23.4375,100710.0,0,HUMAN
45.7833,23.4375,87790.2,0,HUMAN
45.0855,23.4375,83870.6,0,HUMAN
46.035,23.4375,96466.6,0,HUMAN
46.8441,23.4375,112330.0,0,HUMAN
46.3015,23.4375,103161.0,0,HUMAN
46.9957,54.6875,122240.0,0,HUMAN
46.7373,23.4375,118357.0,0,HUMAN
45.7703,23.4375,98762.0,0,HUMAN
45.0574,23.4375,81996.2,0,HUMAN
44.6995,23.4375,75873.7,0,HUMAN
45.2527,23.4375,79499.2,1,HUMAN
45.8198,23.4375,93607.9,0,HUMAN
46.233,23.4375,100853.0,0,HUMAN
45.9109,23.4375,95302.6,0,HUMAN
45.1105,23.4375,83581.2,0,HUMAN
46.7915,23.4375,114043.0,0,HUMAN
46.1528,23.4375,112373.0,0,HUMAN
45.4061,23.4375,87556.8,0,HUMAN
44.8774,23.4375,79896.6,0,HUMAN
45.8804,23.4375,101101.0,0,HUMAN
46.2666,23.4375,98350.5,0,HUMAN
46.2998,23.4375,102919.0,0,HUMAN
46.4454,23.4375,105903.0,0,HUMAN
46.0651,23.4375,108596.0,0,HUMAN
45.8371,23.4375,99148.2,0,HUMAN
47.2616,23.4375,125926.0,0,HUMAN
45.5528,23.4375,95338.0,0,HUMAN
46.0869,23.4375,107283.0,0,HUMAN
45.4956,23.4375,82717.1,0,HUMAN
44.6414,23.4375,70276.7,0,HUMAN
46.7387,23.4375,114426.0,0,HUMAN
45.3128,23.4375,82852.8,0,HUMAN
46.436,23.4375,117734.0,0,HUMAN
45.5903,23.4375,100705.0,0,HUMAN
46.0852,23.4375,101149.0,0,HUMAN
46.6101,23.4375,115942.0,0,HUMAN
46.5427,54.6875,107410.0,0,HUMAN
44.7136,23.4375,69653.1,0,HUMAN
46.2933,23.4375,112696.0,0,HUMAN
46.7584,23.4375,114334.0,0,HUMAN
45.5677,23.4375,92659.8,0,HUMAN
45.8964,23.4375,99042.7,0,HUMAN
46.9381,23.4375,119877.0,0,HUMAN
46.2401,23.4375,103570.0,0,HUMAN
45.4441,23.4375,86106.6,0,HUMAN
45.7519,23.4375,94527.3,0,HUMAN
46.6358,23.4375,109014.0,0,HUMAN
46.2388,23.4375,109995.0,0,HUMAN
44.3824,23.4375,74044.7,0,HUMAN
47.8385,23.4375,143265.0,0,HUMAN
44.7184,23.4375,74624.9,0,HUMAN
46.1745,23.4375,109942.0,0,HUMAN
46.2757,23.4375,106736.0,0,HUMAN
46.6102,23.4375,120736.0,0,HUMAN
44.6704,23.4375,72859.1,0,HUMAN
45.5268,23.4375,84700.9,0,HUMAN
45.3219,23.4375,93846.5,0,HUMAN
46.7153,23.4375,121645.0,0,HUMAN
45.6597,23.4375,92406.4,0,HUMAN
46.0338,54.6875,108448.0,0,HUMAN
46.2495,23.4375,102472.0,0,HUMAN
45.1677,23.4375,78595.5,0,HUMAN
45.7578,23.4375,92844.0,0,HUMAN
47.6595,23.4375,174197.0,0,HUMAN
46.7144,23.4375,116716.0,0,HUMAN
46.2004,23.4375,100245.0,0,HUMAN
46.414,23.4375,104970.0,0,HUMAN
44.9555,23.4375,75975.7,0,HUMAN
46.345,23.4375,109502.0,0,HUMAN
45.9812,23.4375,93172.2,0,HUMAN
45.3926,23.4375,86662.5,0,HUMAN
45.6491,23.4375,95088.9,0,HUMAN
45.8762,23.4375,99202.0,0,HUMAN
46.2666,23.4375,99852.3,0,HUMAN
45.4138,23.4375,88994.9,0,HUMAN
46.5644,23.4375,116199.0,0,HUMAN
68.4959,7.8125,3.39004E7,0,HUMAN
45.3447,23.4375,84034.2,0,HUMAN
46.7862,23.4375,111981.0,0,HUMAN
46.7219,23.4375,110507.0,0,HUMAN
44.7268,23.4375,76653.3,0,HUMAN
46.9824,23.4375,128392.0,0,HUMAN
47.7911,23.4375,145222.0,0,HUMAN
47.2641,23.4375,129641.0,0,HUMAN
45.4326,23.4375,87117.5,0,HUMAN
46.3314,23.4375,112724.0,0,HUMAN
45.9675,23.4375,90603.5,0,HUMAN
44.6703,23.4375,77084.3,0,HUMAN
44.1928,23.4375,70962.8,0,HUMAN
45.5843,23.4375,90829.5,0,HUMAN
47.1243,23.4375,137015.0,0,HUMAN
46.46,23.4375,104728.0,0,HUMAN
44.9405,23.4375,83211.4,0,HUMAN
45.1171,23.4375,76398.7,0,HUMAN
46.7373,23.4375,121385.0,0,HUMAN
46.725,23.4375,113886.0,0,HUMAN
45.4621,23.4375,80906.1,0,HUMAN
45.9143,23.4375,95688.1,0,HUMAN
45.4307,23.4375,85759.3,0,HUMAN
46.9608,23.4375,116717.0,0,HUMAN
46.6356,23.4375,115418.0,0,HUMAN
47.5712,23.4375,140158.0,0,HUMAN
45.9829,23.4375,90487.9,0,HUMAN
46.8434,23.4375,116209.0,0,HUMAN
46.3872,23.4375,107954.0,0,HUMAN
46.9212,23.4375,123288.0,0,HUMAN
46.2733,23.4375,96590.5,0,HUMAN
45.4199,23.4375,84628.3,0,HUMAN
45.4616,23.4375,79239.5,0,HUMAN
45.0726,23.4375,71385.9,0,HUMAN
46.7484,23.4375,115741.0,0,HUMAN
45.8429,23.4375,103618.0,0,HUMAN
49.2726,23.4375,197196.0,0,HUMAN
46.048,23.4375,98668.8,0,HUMAN
45.9301,54.6875,91727.4,0,HUMAN
45.7256,23.4375,91012.7,0,HUMAN
45.8644,23.4375,97964.8,1,HUMAN
46.7623,23.4375,112577.0,0,HUMAN
45.8511,23.4375,96609.4,0,HUMAN
46.9545,23.4375,120683.0,0,HUMAN
46.748,23.4375,110106.0,0,HUMAN
47.443,23.4375,133239.0,0,HUMAN
44.9443,23.4375,85405.2,0,HUMAN
46.2977,23.4375,107485.0,0,HUMAN
46.1467,23.4375,107354.0,0,HUMAN
45.6428,23.4375,93611.2,0,HUMAN
46.2401,23.4375,108055.0,0,HUMAN
47.405,23.4375,132693.0,0,HUMAN
45.4099,23.4375,86192.2,0,HUMAN
46.8981,23.4375,123827.0,0,HUMAN
47.4673,23.4375,141205.0,0,HUMAN
46.8631,23.4375,113440.0,0,HUMAN
45.9553,23.4375,106335.0,0,HUMAN
46.7813,23.4375,112328.0,0,HUMAN
45.1501,23.4375,70847.1,0,HUMAN
45.1856,23.4375,80163.2,0,HUMAN
47.3383,23.4375,135424.0,0,HUMAN
46.3651,23.4375,113182.0,0,HUMAN
46.5304,23.4375,107500.0,0,HUMAN
45.7896,23.4375,90715.6,0,HUMAN
45.9514,23.4375,97014.5,0,HUMAN
46.7596,23.4375,130909.0,0,HUMAN
46.5222,23.4375,121360.0,0,HUMAN
45.6253,23.4375,105578.0,0,HUMAN
46.4081,23.4375,103682.0,0,HUMAN
45.5591,23.4375,91377.7,0,HUMAN
45.8586,23.4375,105159.0,0,HUMAN
44.366,23.4375,71119.8,0,HUMAN
46.5864,23.4375,101069.0,0,HUMAN
47.6613,23.4375,170871.0,2,HUMAN
46.6778,23.4375,115488.0,0,HUMAN
45.6232,23.4375,82458.2,0,HUMAN
45.9055,23.4375,96496.0,0,HUMAN
45.4402,23.4375,83260.7,0,HUMAN
46.8043,23.4375,117824.0,0,HUMAN
46.5064,23.4375,114390.0,0,HUMAN
45.7678,23.4375,89823.5,0,HUMAN
45.2128,23.4375,81364.1,0,HUMAN
45.792,23.4375,97654.3,0,HUMAN
45.9946,23.4375,104757.0,0,HUMAN
46.1311,23.4375,106883.0,0,HUMAN
45.141,23.4375,82807.7,0,HUMAN
46.9263,23.4375,122905.0,0,HUMAN
45.3733,23.4375,85764.3,0,HUMAN
45.1053,23.4375,69369.3,0,HUMAN
45.2342,23.4375,91887.8,0,HUMAN
45.6451,23.4375,89764.2,0,HUMAN
45.5899,23.4375,82674.0,0,HUMAN
45.5833,23.4375,86220.3,0,HUMAN
44.457,23.4375,63926.2,0,HUMAN
45.8729,23.4375,95954.2,0,HUMAN
45.491,23.4375,81495.6,0,HUMAN
45.1203,23.4375,78581.0,0,HUMAN
45.5578,23.4375,86965.3,0,HUMAN
45.2756,23.4375,82697.6,0,HUMAN
45.8481,23.4375,88867.8,0,HUMAN
47.7353,23.4375,157293.0,0,HUMAN
48.2018,23.4375,95742.5,0,HUMAN
46.8242,54.6875,110517.0,0,HUMAN
43.9609,23.4375,57670.1,0,HUMAN
45.4415,23.4375,83322.6,0,HUMAN
44.94,23.4375,80014.0,0,HUMAN
68.1708,7.8125,3.20323E7,0,HUMAN
45.7942,23.4375,86905.5,0,HUMAN
46.4076,23.4375,104242.0,0,HUMAN
47.6769,23.4375,152445.0,0,HUMAN
45.4445,23.4375,78406.7,0,HUMAN
46.4633,23.4375,112334.0,0,HUMAN
45.7027,23.4375,91374.7,0,HUMAN
45.8345,23.4375,88943.1,0,HUMAN
46.757,23.4375,117478.0,0,HUMAN
46.2824,23.4375,113946.0,0,HUMAN
46.6829,23.4375,118885.0,0,HUMAN
45.0844,23.4375,78974.4,0,HUMAN
45.4585,23.4375,79405.4,0,HUMAN
45.2054,23.4375,82415.9,0,HUMAN
45.9573,23.4375,92128.4,0,HUMAN
46.53,23.4375,112136.0,0,HUMAN
46.3058,23.4375,101981.0,0,HUMAN
45.6352,23.4375,100845.0,0,HUMAN
45.412,23.4375,80988.9,0,HUMAN
46.9981,23.4375,131192.0,0,HUMAN
45.8977,23.4375,93698.5,0,HUMAN
45.7945,23.4375,91659.5,0,HUMAN
45.9686,23.4375,98784.1,0,HUMAN
46.163,23.4375,106644.0,0,HUMAN
44.1816,23.4375,68104.5,0,HUMAN
46.68,23.4375,120017.0,0,HUMAN
47.0924,23.4375,124789.0,0,HUMAN
45.4888,23.4375,93500.4,0,HUMAN
45.1126,23.4375,83318.4,0,HUMAN
46.9682,23.4375,109848.0,0,HUMAN
45.9727,15.625,95012.1,0,HUMAN
47.0261,23.4375,134803.0,0,HUMAN
45.7306,23.4375,91547.7,0,HUMAN
44.4833,23.4375,71238.5,0,HUMAN
44.8136,23.4375,85910.0,0,HUMAN
46.1666,23.4375,105215.0,0,HUMAN
46.5046,23.4375,117385.0,0,HUMAN
46.3495,23.4375,109587.0,0,HUMAN
46.0063,23.4375,106160.0,0,HUMAN
45.7579,23.4375,95458.7,0,HUMAN
44.7742,23.4375,77983.3,0,HUMAN
45.3833,23.4375,100995.0,0,HUMAN
46.6255,23.4375,109074.0,0,HUMAN
45.2603,23.4375,89117.1,0,HUMAN
47.2931,23.4375,130890.0,0,HUMAN
46.2074,23.4375,94290.6,0,HUMAN
43.9981,23.4375,63000.7,0,HUMAN
46.409,23.4375,109037.0,0,HUMAN
45.3967,23.4375,92250.5,0,HUMAN
45.0142,23.4375,86886.8,0,HUMAN
44.4723,23.4375,72833.0,0,HUMAN
45.6661,23.4375,84552.1,0,HUMAN
46.0198,23.4375,94504.0,0,HUMAN
45.88,23.4375,94053.7,0,HUMAN
45.2521,23.4375,94572.0,0,HUMAN
45.3698,23.4375,85798.2,0,HUMAN
45.8885,23.4375,86474.8,0,HUMAN
46.0046,23.4375,93985.2,0,HUMAN
46.3132,23.4375,99573.1,0,HUMAN
46.2512,23.4375,101286.0,0,HUMAN
46.0677,23.4375,89064.9,0,HUMAN
46.1759,23.4375,91747.6,0,HUMAN
45.1126,23.4375,76902.0,0,HUMAN
45.3649,23.4375,80880.8,0,HUMAN
46.4416,23.4375,111654.0,0,HUMAN
45.7412,23.4375,91406.5,0,HUMAN
45.4777,23.4375,87760.9,0,HUMAN
45.9497,23.4375,95427.6,0,HUMAN
46.7038,23.4375,110812.0,0,HUMAN
46.2573,23.4375,103089.0,0,HUMAN
46.1241,23.4375,105776.0,0,HUMAN
46.6723,23.4375,98388.9,0,HUMAN
46.2783,23.4375,97841.1,0,HUMAN
45.4139,23.4375,75512.9,0,HUMAN
45.1438,23.4375,96173.4,0,HUMAN
46.0309,23.4375,97129.4,0,HUMAN
45.3515,23.4375,77252.5,0,HUMAN
44.7722,23.4375,71023.5,0,HUMAN
45.6323,23.4375,92947.8,0,HUMAN
46.2922,23.4375,107309.0,0,HUMAN
45.1349,23.4375,82509.9,0,HUMAN
45.9384,23.4375,85936.7,0,HUMAN
46.2105,23.4375,107641.0,0,HUMAN
48.0209,23.4375,162608.0,0,HUMAN
45.7429,23.4375,97367.4,0,HUMAN
46.7738,23.4375,111180.0,0,HUMAN
47.0491,23.4375,128276.0,0,HUMAN
46.8335,23.4375,112209.0,0,HUMAN
45.6128,23.4375,90471.6,0,HUMAN
47.6423,23.4375,131363.0,0,HUMAN
46.9986,23.4375,139881.0,3,HUMAN
45.3239,23.4375,81628.6,0,HUMAN
46.1087,23.4375,110557.0,0,HUMAN
45.9604,23.4375,103083.0,0,HUMAN
45.7271,23.4375,86610.8,0,HUMAN
47.9303,23.4375,143887.0,0,HUMAN
46.5314,23.4375,104088.0,0,HUMAN
46.2619,23.4375,99320.0,0,HUMAN
46.324,23.4375,106092.0,0,HUMAN
46.2829,23.4375,105554.0,0,HUMAN
44.2998,23.4375,68457.5,0,HUMAN
44.7934,23.4375,86285.8,0,HUMAN
46.162,23.4375,89028.5,0,HUMAN
46.3457,54.6875,111197.0,0,HUMAN
46.6686,23.4375,108216.0,0,HUMAN
45.5406,23.4375,94031.3,0,HUMAN
47.0894,23.4375,135269.0,0,HUMAN
43.6467,23.4375,56745.3,0,HUMAN
45.8378,23.4375,106761.0,0,HUMAN
44.7518,23.4375,73546.9,0,HUMAN
46.4051,23.4375,104144.0,0,HUMAN
45.9789,23.4375,94853.6,0,HUMAN
45.4791,23.4375,88530.3,0,HUMAN
45.4338,23.4375,87723.9,0,HUMAN
46.1246,23.4375,110843.0,0,HUMAN
45.84,23.4375,86475.3,0,HUMAN
45.6042,23.4375,86545.9,0,HUMAN
45.5192,23.4375,83470.0,0,HUMAN
45.6413,23.4375,91282.9,0,HUMAN
46.2651,23.4375,102120.0,0,HUMAN
45.4659,23.4375,86372.9,0,HUMAN
46.2647,23.4375,93015.4,0,HUMAN
46.6187,23.4375,85724.8,0,HUMAN
46.1354,23.4375,98147.0,0,HUMAN
46.399,23.4375,113505.0,0,HUMAN
46.281,23.4375,115642.0,0,HUMAN
45.2078,23.4375,89725.8,0,HUMAN
45.5082,23.4375,96991.3,0,HUMAN
45.2016,23.4375,83536.3,0,HUMAN
46.7591,23.4375,110341.0,0,HUMAN
47.1399,23.4375,127716.0,0,HUMAN
45.8075,23.4375,102875.0,0,HUMAN
46.2267,23.4375,103883.0,0,HUMAN
45.7341,23.4375,98390.8,0,HUMAN
45.1514,23.4375,85895.4,0,HUMAN
45.2181,23.4375,93400.5,0,HUMAN
45.0043,23.4375,72490.7,0,HUMAN
45.3871,23.4375,83982.5,0,HUMAN
45.9873,23.4375,104211.0,0,HUMAN
45.3378,23.4375,80715.5,0,HUMAN
46.271,23.4375,102383.0,0,HUMAN
47.0927,23.4375,117408.0,0,HUMAN
46.3639,23.4375,118949.0,0,HUMAN
45.3401,23.4375,88497.2,0,HUMAN
44.4851,54.6875,70853.5,0,HUMAN
46.2562,23.4375,114095.0,0,HUMAN
45.766,23.4375,97225.6,0,HUMAN
45.5943,23.4375,91458.1,0,HUMAN
45.6874,23.4375,101428.0,0,HUMAN
45.3655,23.4375,93373.9,0,HUMAN
46.033,23.4375,95200.7,0,HUMAN
46.8698,23.4375,120621.0,0,HUMAN
46.2758,23.4375,104951.0,0,HUMAN
47.2672,23.4375,121168.0,0,HUMAN
46.1133,23.4375,94432.3,0,HUMAN
44.5392,23.4375,72120.9,0,HUMAN
47.3534,54.6875,133508.0,0,HUMAN
45.3799,23.4375,88313.3,0,HUMAN
46.4348,23.4375,102681.0,0,HUMAN
45.5247,23.4375,92656.7,0,HUMAN
46.5888,23.4375,99944.8,0,HUMAN
45.8327,23.4375,94198.4,0,HUMAN
47.2879,23.4375,117138.0,0,HUMAN
46.0746,23.4375,90811.5,0,HUMAN
45.7295,23.4375,97301.0,0,HUMAN
45.2177,23.4375,82475.6,0,HUMAN
46.7237,54.6875,126310.0,0,HUMAN
45.8767,23.4375,106294.0,0,HUMAN
46.1689,23.4375,102341.0,0,HUMAN
44.6529,23.4375,77118.6,0,HUMAN
45.8531,23.4375,100799.0,0,HUMAN
45.3787,23.4375,100897.0,0,HUMAN
47.0114,23.4375,123113.0,0,HUMAN
46.4799,23.4375,121331.0,0,HUMAN
46.9577,23.4375,117900.0,0,HUMAN
46.1059,23.4375,106716.0,0,HUMAN
45.0251,23.4375,88345.2,0,HUMAN
45.0463,23.4375,74715.2,0,HUMAN
46.6331,23.4375,108040.0,0,HUMAN
46.3979,23.4375,110468.0,0,HUMAN
46.1297,23.4375,93731.9,0,HUMAN
45.6788,23.4375,88270.0,0,HUMAN
44.626,23.4375,75559.8,0,HUMAN
46.0916,23.4375,98226.1,0,HUMAN
45.6544,23.4375,84926.7,0,HUMAN
46.5212,23.4375,124161.0,0,HUMAN
45.5811,23.4375,96714.9,0,HUMAN
45.2203,23.4375,80692.4,0,HUMAN
45.0765,23.4375,82838.7,0,HUMAN
46.7907,23.4375,113885.0,0,HUMAN
45.8029,23.4375,96566.0,0,HUMAN
46.7151,23.4375,119733.0,0,HUMAN
45.8296,23.4375,92705.9,0,HUMAN
45.9204,23.4375,98848.2,0,HUMAN
46.2781,23.4375,83999.5,0,HUMAN
45.2811,23.4375,85698.3,0,HUMAN
44.1911,23.4375,64934.7,0,HUMAN
45.0857,23.4375,90145.8,0,HUMAN
45.8952,23.4375,103530.0,0,HUMAN
45.7917,23.4375,89141.5,0,HUMAN
45.3021,23.4375,79988.3,0,HUMAN
45.9858,23.4375,96956.3,0,HUMAN
46.1816,23.4375,99483.2,0,HUMAN
46.4949,23.4375,110784.0,0,HUMAN
45.6325,23.4375,89717.5,0,HUMAN
46.2299,23.4375,87540.1,0,HUMAN
44.8248,54.6875,67117.2,0,HUMAN
46.5382,23.4375,109675.0,0,HUMAN
45.2312,23.4375,80593.0,0,HUMAN
45.2214,23.4375,87189.5,6,HUMAN
46.1702,23.4375,98384.0,0,HUMAN
45.4955,23.4375,86080.6,0,HUMAN
45.8879,23.4375,96862.6,0,HUMAN
44.7898,23.4375,76609.4,0,HUMAN
44.9736,23.4375,82440.2,0,HUMAN
46.5545,23.4375,121162.0,0,HUMAN
45.9228,23.4375,100691.0,0,HUMAN
46.0907,23.4375,103064.0,0,HUMAN
45.8106,23.4375,91504.1,0,HUMAN
46.3786,23.4375,93846.1,0,HUMAN
46.4864,23.4375,108635.0,0,HUMAN
46.9271,23.4375,123610.0,0,HUMAN
44.7449,23.4375,65839.9,0,HUMAN
46.4064,23.4375,104112.0,0,HUMAN
45.3956,23.4375,80953.0,0,HUMAN
45.7201,23.4375,90100.4,0,HUMAN
45.8154,23.4375,94490.1,0,HUMAN
45.2227,23.4375,79101.6,0,HUMAN
45.0863,23.4375,84137.7,0,HUMAN
45.8798,23.4375,103350.0,0,HUMAN
45.332,23.4375,86420.0,0,HUMAN
46.7665,54.6875,130898.0,0,HUMAN
44.3996,23.4375,67811.6,0,HUMAN
44.8962,23.4375,75183.3,0,HUMAN
45.568,23.4375,87243.7,0,HUMAN
45.7589,23.4375,100890.0,0,HUMAN
46.9135,23.4375,118954.0,0,HUMAN
46.0927,23.4375,103551.0,0,HUMAN
46.4968,23.4375,105236.0,0,HUMAN
46.0837,23.4375,96443.1,0,HUMAN
46.432,23.4375,116700.0,0,HUMAN
47.049,54.6875,129911.0,0,HUMAN
46.1137,23.4375,95375.3,0,HUMAN
47.2763,23.4375,137279.0,5,HUMAN
45.9501,23.4375,106814.0,0,HUMAN
45.3815,23.4375,81922.0,0,HUMAN
46.4004,23.4375,101303.0,0,HUMAN
45.9891,23.4375,102532.0,0,HUMAN
45.6846,23.4375,87781.7,0,HUMAN
68.6835,7.8125,3.53981E7,0,HUMAN
46.7785,23.4375,110799.0,0,HUMAN
45.3356,23.4375,92796.8,0,HUMAN
46.3333,23.4375,103850.0,0,HUMAN
45.6629,23.4375,93595.1,0,HUMAN
45.7418,23.4375,86736.2,0,HUMAN
46.2527,23.4375,104438.0,0,HUMAN
46.2712,23.4375,110365.0,0,HUMAN
46.1199,23.4375,93810.0,0,HUMAN
46.3683,23.4375,99487.4,0,HUMAN
45.5985,23.4375,88597.2,0,HUMAN
45.2924,23.4375,91248.6,0,HUMAN
46.5129,23.4375,100837.0,0,HUMAN
46.0377,23.4375,94566.2,0,HUMAN
45.2126,23.4375,73721.4,0,HUMAN
46.623,23.4375,125818.0,0,HUMAN
46.2936,23.4375,100021.0,0,HUMAN
46.8854,23.4375,116674.0,0,HUMAN
46.3004,23.4375,101104.0,0,HUMAN
46.6549,23.4375,109874.0,0,HUMAN
46.3856,23.4375,108632.0,0,HUMAN
46.1555,23.4375,106021.0,0,HUMAN
45.4832,23.4375,83912.1,0,HUMAN
45.944,23.4375,97759.4,0,HUMAN
46.2189,23.4375,100626.0,0,HUMAN
46.9603,23.4375,119840.0,0,HUMAN
46.519,23.4375,115017.0,5,HUMAN
44.9539,23.4375,75903.5,0,HUMAN
46.6619,23.4375,105931.0,0,HUMAN
46.5139,23.4375,109028.0,0,HUMAN
45.3887,23.4375,84017.5,0,HUMAN
45.2513,23.4375,93882.0,0,HUMAN
45.7558,23.4375,101905.0,0,HUMAN
45.8043,23.4375,103122.0,0,HUMAN
46.3608,23.4375,114792.0,0,HUMAN
45.2542,23.4375,93922.5,0,HUMAN
45.0135,23.4375,82735.1,0,HUMAN
45.6697,23.4375,92372.6,0,HUMAN
46.1483,23.4375,105875.0,0,HUMAN
45.7073,23.4375,93683.2,0,HUMAN
47.0899,23.4375,131422.0,0,HUMAN
45.1403,23.4375,83613.7,0,HUMAN
46.4944,23.4375,107103.0,0,HUMAN
45.8032,23.4375,93450.0,0,HUMAN
46.8518,23.4375,120654.0,0,HUMAN
46.2472,23.4375,101142.0,0,HUMAN
46.5532,23.4375,125091.0,5,HUMAN
45.6463,23.4375,98976.4,0,HUMAN
45.7465,23.4375,102136.0,0,HUMAN
45.9649,23.4375,94992.1,0,HUMAN
45.4911,23.4375,86052.8,0,HUMAN
46.4478,23.4375,108808.0,0,HUMAN
46.3086,23.4375,110169.0,0,HUMAN
45.7922,23.4375,86356.9,0,HUMAN
46.7902,23.4375,113518.0,0,HUMAN
45.2534,23.4375,85264.4,0,HUMAN
45.6106,23.4375,95632.3,0,HUMAN
46.1528,23.4375,111258.0,0,HUMAN
45.417,23.4375,90856.8,0,HUMAN
46.0721,23.4375,93163.3,0,HUMAN
47.2915,23.4375,111369.0,0,HUMAN
46.8217,23.4375,128299.0,0,HUMAN
46.3095,23.4375,97309.9,0,HUMAN
46.3283,23.4375,115458.0,0,HUMAN
45.6372,23.4375,92737.5,0,HUMAN
46.2474,23.4375,103379.0,0,HUMAN
45.4327,23.4375,86352.4,0,HUMAN
45.6373,23.4375,81670.6,0,HUMAN
45.0424,23.4375,76121.5,0,HUMAN
45.7882,23.4375,95330.5,0,HUMAN
46.5236,23.4375,108846.0,0,HUMAN
46.6303,23.4375,121997.0,0,HUMAN
45.3105,23.4375,79693.0,0,HUMAN
44.5562,23.4375,82786.5,0,HUMAN
46.4486,23.4375,109217.0,0,HUMAN
46.2128,23.4375,99114.4,0,HUMAN
46.136,23.4375,115616.0,0,HUMAN
46.7458,23.4375,125019.0,0,HUMAN
46.028,23.4375,96327.5,0,HUMAN
46.2338,23.4375,100718.0,0,HUMAN
46.344,23.4375,104302.0,0,HUMAN
45.345,23.4375,88700.3,0,HUMAN
45.9072,23.4375,99226.5,0,HUMAN
46.5326,23.4375,89241.7,0,HUMAN
46.5862,23.4375,114206.0,0,HUMAN
46.123,23.4375,90389.1,0,HUMAN
46.6913,23.4375,112313.0,0,HUMAN
45.7635,23.4375,105319.0,0,HUMAN
46.3371,23.4375,101033.0,0,HUMAN
45.9776,23.4375,101578.0,0,HUMAN
46.6199,23.4375,118644.0,0,HUMAN
46.7117,23.4375,112669.0,0,HUMAN
46.1449,23.4375,96052.8,0,HUMAN
46.6131,23.4375,105931.0,0,HUMAN
46.4496,23.4375,109296.0,0,HUMAN
45.8303,23.4375,92537.1,0,HUMAN
47.6131,23.4375,147408.0,0,HUMAN
45.2034,23.4375,77952.2,0,HUMAN
46.4844,23.4375,106848.0,0,HUMAN
46.2948,23.4375,109715.0,0,HUMAN
45.4554,23.4375,95568.8,0,HUMAN
44.3421,23.4375,77668.8,0,HUMAN
46.1724,23.4375,108046.0,0,HUMAN
45.761,23.4375,93710.7,0,HUMAN
46.2178,23.4375,93693.1,0,HUMAN
45.2463,23.4375,81104.6,0,HUMAN
46.54,23.4375,120926.0,0,HUMAN
46.7126,23.4375,114978.0,0,HUMAN
46.5652,23.4375,111391.0,0,HUMAN
45.4311,23.4375,90910.4,0,HUMAN
45.9102,23.4375,95883.0,0,HUMAN
45.2248,23.4375,83487.2,0,HUMAN
45.6529,23.4375,103820.0,0,HUMAN
47.9006,23.4375,157991.0,0,HUMAN
46.8924,23.4375,121870.0,0,HUMAN
47.2887,23.4375,125259.0,0,HUMAN
46.6164,54.6875,125076.0,0,HUMAN
48.1189,23.4375,149674.0,0,HUMAN
45.8307,23.4375,96510.8,0,HUMAN
47.0145,23.4375,128387.0,1,HUMAN
44.9882,23.4375,86496.5,0,HUMAN
45.688,23.4375,92645.0,0,HUMAN
46.6384,23.4375,108884.0,0,HUMAN
68.4165,7.8125,3.33892E7,0,HUMAN
46.4264,23.4375,115254.0,0,HUMAN
46.5608,23.4375,124539.0,0,HUMAN
46.3764,23.4375,102462.0,0,HUMAN
46.9691,23.4375,119195.0,0,HUMAN
46.2846,23.4375,109976.0,0,HUMAN
46.1283,23.4375,98164.5,0,HUMAN
46.6995,23.4375,106789.0,0,HUMAN
47.1797,23.4375,138161.0,0,HUMAN
46.5706,23.4375,118646.0,0,HUMAN
46.4963,23.4375,107036.0,0,HUMAN
46.0664,23.4375,95776.2,0,HUMAN
45.7184,23.4375,90342.6,0,HUMAN
47.0485,23.4375,123066.0,0,HUMAN
45.3099,23.4375,83955.3,0,HUMAN
46.5633,23.4375,100412.0,0,HUMAN
68.3665,7.8125,3.33669E7,0,HUMAN
46.4157,23.4375,92631.4,0,HUMAN
45.8168,23.4375,103960.0,0,HUMAN
68.1788,7.8125,3.18935E7,0,HUMAN
46.3522,23.4375,117819.0,0,HUMAN
47.0482,23.4375,121640.0,0,HUMAN
68.9652,7.8125,3.73788E7,0,HUMAN
45.9677,23.4375,97916.4,0,HUMAN
68.6754,7.8125,3.51362E7,0,HUMAN
46.7974,23.4375,126390.0,0,HUMAN
45.8679,23.4375,86454.4,0,HUMAN
68.7745,7.8125,3.60918E7,0,HUMAN
45.1009,23.4375,81261.6,0,HUMAN
46.861,23.4375,119980.0,0,HUMAN
67.9436,7.8125,3.03814E7,0,HUMAN
46.7695,23.4375,111312.0,0,HUMAN
47.1256,23.4375,130777.0,68,HUMAN
48.641,1468.75,179965.0,135,NON_HUMAN
47.4725,23.4375,138000.0,1,HUMAN
46.8375,23.4375,134292.0,3,HUMAN
48.4678,23.4375,189172.0,0,HUMAN
47.0952,15.625,114259.0,0,HUMAN
49.0767,23.4375,154687.0,78,HUMAN
46.8532,23.4375,122523.0,15,HUMAN
45.6025,23.4375,103980.0,1,HUMAN
46.6818,23.4375,114562.0,26,HUMAN
47.4185,23.4375,134789.0,0,HUMAN
47.8153,23.4375,186404.0,37,HUMAN
49.9143,23.4375,242502.0,142,HUMAN
44.5548,23.4375,68787.0,0,HUMAN
46.8868,23.4375,122537.0,9,HUMAN
49.0532,1226.56,193902.0,125,NON_HUMAN
46.8383,23.4375,123325.0,0,HUMAN
46.7666,23.4375,112330.0,2,HUMAN
46.8772,23.4375,112064.0,1,HUMAN
45.907,23.4375,98026.0,21,HUMAN
68.4171,7.8125,3.36128E7,64,HUMAN
47.1741,23.4375,136257.0,70,HUMAN
68.2938,7.8125,3.24903E7,6,HUMAN
45.573,23.4375,101391.0,0,HUMAN
48.4966,54.6875,199668.0,7,HUMAN
48.7992,23.4375,201625.0,88,HUMAN
46.8605,23.4375,124628.0,13,HUMAN
47.2496,23.4375,122292.0,0,HUMAN
48.4912,1453.12,184719.0,92,NON_HUMAN
46.5666,54.6875,124266.0,1,HUMAN
48.7878,54.6875,180366.0,84,HUMAN
51.8369,1539.06,391870.0,247,NON_HUMAN
47.2157,23.4375,141915.0,1,HUMAN
48.7145,23.4375,181457.0,105,HUMAN
46.4752,23.4375,117717.0,2,HUMAN
45.2699,23.4375,87658.4,0,HUMAN
47.5707,23.4375,138111.0,47,HUMAN
47.3786,23.4375,155287.0,77,HUMAN
67.7261,7.8125,2.89986E7,24,HUMAN
47.579,23.4375,135821.0,31,HUMAN
49.8435,23.4375,265060.0,150,HUMAN
46.894,23.4375,124143.0,0,HUMAN
47.8003,23.4375,143656.0,24,HUMAN
47.451,23.4375,138532.0,10,HUMAN
45.6876,23.4375,98092.5,0,HUMAN
49.0958,23.4375,196332.0,85,HUMAN
48.5639,23.4375,201111.0,84,HUMAN
49.1101,23.4375,211406.0,115,HUMAN
47.1837,23.4375,127223.0,26,HUMAN
46.9301,23.4375,124777.0,35,HUMAN
46.8841,23.4375,131176.0,60,HUMAN
47.584,23.4375,144056.0,63,HUMAN
46.6282,23.4375,113155.0,0,HUMAN
47.6171,23.4375,138074.0,0,HUMAN
46.7934,23.4375,112397.0,0,HUMAN
47.2323,23.4375,131397.0,0,HUMAN
47.9885,54.6875,159447.0,0,HUMAN
45.6347,23.4375,90914.4,0,HUMAN
45.5465,23.4375,103499.0,0,HUMAN
45.4559,23.4375,80054.1,0,HUMAN
46.0816,23.4375,95687.6,0,HUMAN
46.0439,23.4375,104392.0,0,HUMAN
45.3031,23.4375,78782.0,0,HUMAN
45.9649,23.4375,107502.0,0,HUMAN
46.3429,54.6875,99685.4,0,HUMAN
68.225,7.8125,3.22545E7,0,HUMAN
47.0094,54.6875,128170.0,0,HUMAN
47.8005,23.4375,179539.0,0,HUMAN
68.1629,7.8125,3.18762E7,0,HUMAN
47.4755,23.4375,151701.0,0,HUMAN
46.3887,54.6875,109648.0,0,HUMAN
67.9388,7.8125,3.03092E7,0,HUMAN
46.7113,23.4375,128122.0,0,HUMAN
46.7273,23.4375,126736.0,0,HUMAN
67.937,7.8125,3.01523E7,0,HUMAN
44.5083,23.4375,69594.3,0,HUMAN
45.8079,23.4375,105809.0,0,HUMAN
46.2595,23.4375,100364.0,0,HUMAN
46.1926,23.4375,98422.1,0,HUMAN
47.0756,23.4375,129330.0,0,HUMAN
47.1883,54.6875,121284.0,0,HUMAN
46.6022,23.4375,104151.0,0,HUMAN
45.7133,23.4375,95302.7,0,HUMAN
44.7977,23.4375,72085.3,0,HUMAN
45.7094,23.4375,84139.8,0,HUMAN
45.7248,23.4375,88936.2,2,HUMAN
47.343,23.4375,110047.0,0,HUMAN
45.8748,23.4375,108930.0,0,HUMAN
45.7282,23.4375,89910.2,0,HUMAN
47.0106,54.6875,120972.0,0,HUMAN
45.884,23.4375,96309.9,0,HUMAN
46.469,23.4375,96048.9,0,HUMAN
45.8514,23.4375,83129.3,0,HUMAN
46.4085,23.4375,103584.0,0,HUMAN
46.322,23.4375,107476.0,0,HUMAN
46.0061,23.4375,99711.3,0,HUMAN
45.8279,23.4375,103469.0,0,HUMAN
45.3004,23.4375,85622.7,0,HUMAN
46.9249,23.4375,114529.0,0,HUMAN
45.9677,23.4375,104321.0,0,HUMAN
45.8165,23.4375,90874.4,0,HUMAN
46.9503,23.4375,129215.0,0,HUMAN
46.6305,23.4375,107025.0,0,HUMAN
46.8878,23.4375,112119.0,0,HUMAN
44.6632,23.4375,83556.5,0,HUMAN
45.7493,23.4375,81334.9,0,HUMAN
45.9082,23.4375,99374.4,0,HUMAN
44.9926,23.4375,90770.3,0,HUMAN
45.0189,23.4375,80616.1,0,HUMAN
46.3235,23.4375,113376.0,0,HUMAN
46.0154,23.4375,99023.0,0,HUMAN
45.6485,23.4375,101140.0,0,HUMAN
46.1629,23.4375,111126.0,0,HUMAN
44.877,23.4375,76198.7,0,HUMAN
45.8766,23.4375,107004.0,0,HUMAN
45.7541,23.4375,85826.3,0,HUMAN
47.4068,23.4375,130458.0,0,HUMAN
45.7336,23.4375,86151.8,0,HUMAN
46.3363,23.4375,104856.0,0,HUMAN
46.8244,23.4375,111340.0,0,HUMAN
46.3815,23.4375,112941.0,0,HUMAN
44.6751,23.4375,75717.2,0,HUMAN
46.5233,23.4375,105877.0,0,HUMAN
45.81,23.4375,92099.2,0,HUMAN
45.9161,23.4375,102797.0,0,HUMAN
45.7958,23.4375,91184.1,0,HUMAN
47.3041,54.6875,137887.0,0,HUMAN
46.6244,23.4375,117634.0,0,HUMAN
43.831,23.4375,67401.7,0,HUMAN
46.1889,23.4375,103909.0,0,HUMAN
46.0977,54.6875,102504.0,0,HUMAN
47.116,54.6875,132654.0,0,HUMAN
46.4613,23.4375,123238.0,0,HUMAN
45.2339,23.4375,94497.7,0,HUMAN
46.8632,23.4375,125645.0,0,HUMAN
46.7769,54.6875,114691.0,0,HUMAN
46.1825,23.4375,106112.0,0,HUMAN
45.9611,23.4375,104951.0,0,HUMAN
45.7715,23.4375,107780.0,0,HUMAN
45.5471,23.4375,93398.6,0,HUMAN
46.4013,23.4375,111633.0,0,HUMAN
46.3956,23.4375,112952.0,0,HUMAN
46.2769,23.4375,98209.1,0,HUMAN
46.8797,54.6875,129661.0,0,HUMAN
46.5807,23.4375,119507.0,0,HUMAN
45.4328,23.4375,81446.9,0,HUMAN
46.3989,23.4375,122122.0,0,HUMAN
46.0851,23.4375,99334.8,0,HUMAN
46.0466,23.4375,99565.4,0,HUMAN
44.99,23.4375,82579.5,0,HUMAN
45.7348,23.4375,102916.0,0,HUMAN
47.1903,23.4375,127875.0,0,HUMAN
46.1271,23.4375,101976.0,0,HUMAN
45.5852,23.4375,100131.0,0,HUMAN
46.6319,23.4375,116523.0,0,HUMAN
45.7828,23.4375,90828.5,0,HUMAN
46.5064,23.4375,117273.0,0,HUMAN
44.8295,23.4375,73207.2,0,HUMAN
46.4084,23.4375,113790.0,0,HUMAN
45.4002,23.4375,81194.2,0,HUMAN
45.5826,23.4375,89158.0,0,HUMAN
47.423,23.4375,123945.0,0,HUMAN
44.6313,23.4375,73640.0,0,HUMAN
46.4238,54.6875,97150.5,0,HUMAN
45.1113,23.4375,79389.1,0,HUMAN
46.4833,23.4375,109001.0,0,HUMAN
46.26,23.4375,101829.0,0,HUMAN
45.6238,23.4375,93972.1,0,HUMAN
46.0458,54.6875,104644.0,0,HUMAN
47.0038,23.4375,127306.0,0,HUMAN
45.6614,23.4375,90900.0,0,HUMAN
45.5686,23.4375,95431.3,0,HUMAN
44.8318,23.4375,82790.2,0,HUMAN
45.1946,23.4375,75114.2,0,HUMAN
45.9234,23.4375,95013.1,0,HUMAN
47.0737,23.4375,132140.0,0,HUMAN
44.71,23.4375,70955.8,1,HUMAN
45.1103,23.4375,83920.1,0,HUMAN
46.1614,23.4375,105572.0,0,HUMAN
45.1264,23.4375,82210.4,0,HUMAN
46.6901,23.4375,117815.0,0,HUMAN
46.0046,54.6875,93523.3,0,HUMAN
44.5964,23.4375,67152.4,0,HUMAN
45.8225,23.4375,91331.2,0,HUMAN
46.9251,23.4375,118371.0,0,HUMAN
46.1738,23.4375,107145.0,0,HUMAN
45.9593,23.4375,96931.7,0,HUMAN
45.2431,23.4375,90027.2,0,HUMAN
46.772,23.4375,109558.0,0,HUMAN
45.6814,23.4375,92992.8,0,HUMAN
45.8723,23.4375,93846.7,0,HUMAN
46.4373,23.4375,116171.0,0,HUMAN
46.0166,23.4375,98909.5,0,HUMAN
46.1914,23.4375,108761.0,0,HUMAN
44.9538,23.4375,79864.1,0,HUMAN
45.4416,23.4375,92644.7,0,HUMAN
46.1695,23.4375,100063.0,0,HUMAN
45.1271,23.4375,75930.2,0,HUMAN
45.7075,23.4375,81643.0,0,HUMAN
45.2757,23.4375,77907.6,0,HUMAN
46.585,23.4375,121347.0,0,HUMAN
45.0475,23.4375,75233.0,0,HUMAN
46.0568,23.4375,100875.0,0,HUMAN
45.3555,23.4375,90173.7,0,HUMAN
45.4165,23.4375,97455.1,0,HUMAN
45.2909,23.4375,80311.1,0,HUMAN
46.2641,23.4375,110849.0,0,HUMAN
46.306,23.4375,91437.5,0,HUMAN
46.0509,23.4375,104018.0,0,HUMAN
45.5516,23.4375,88425.5,0,HUMAN
46.0353,23.4375,97368.4,0,HUMAN
46.6872,23.4375,114889.0,0,HUMAN
46.7896,23.4375,118923.0,0,HUMAN
46.5777,23.4375,116224.0,0,HUMAN
46.2294,23.4375,107349.0,0,HUMAN
46.5839,23.4375,106669.0,0,HUMAN
45.6946,23.4375,99039.8,0,HUMAN
44.8833,23.4375,73431.4,0,HUMAN
44.0738,23.4375,62011.1,0,HUMAN
46.2936,23.4375,103203.0,0,HUMAN
46.7921,23.4375,121468.0,0,HUMAN
46.497,23.4375,113510.0,0,HUMAN
46.5334,23.4375,109602.0,0,HUMAN
45.7538,23.4375,88205.5,0,HUMAN
45.7743,23.4375,94531.4,0,HUMAN
46.2226,23.4375,107450.0,0,HUMAN
44.5348,23.4375,67563.9,0,HUMAN
45.6848,23.4375,99743.4,0,HUMAN
44.848,23.4375,76713.8,0,HUMAN
46.4843,23.4375,106818.0,0,HUMAN
45.4602,23.4375,85852.4,0,HUMAN
44.6777,23.4375,75922.1,0,HUMAN
46.9484,23.4375,118457.0,0,HUMAN
45.7223,23.4375,88810.9,0,HUMAN
46.0097,23.4375,102549.0,0,HUMAN
45.6906,23.4375,92557.2,0,HUMAN
45.3844,23.4375,87433.3,0,HUMAN
46.2797,23.4375,133834.0,0,HUMAN
45.389,23.4375,96784.3,0,HUMAN
47.2157,23.4375,133834.0,0,HUMAN
47.1109,23.4375,127189.0,0,HUMAN
44.5406,23.4375,79665.3,0,HUMAN
46.244,23.4375,105369.0,0,HUMAN
46.0384,23.4375,108638.0,0,HUMAN
45.1675,23.4375,80715.9,0,HUMAN
45.9509,23.4375,94563.7,0,HUMAN
45.9429,23.4375,106615.0,0,HUMAN
45.7852,23.4375,91600.7,0,HUMAN
46.5307,23.4375,112134.0,0,HUMAN
45.0809,23.4375,78846.9,0,HUMAN
47.3191,23.4375,131162.0,0,HUMAN
45.9391,23.4375,98835.5,0,HUMAN
49.9426,31.25,252699.0,0,HUMAN
45.6438,23.4375,104875.0,0,HUMAN
46.2369,23.4375,100357.0,0,HUMAN
47.4948,23.4375,141048.0,0,HUMAN
44.2963,23.4375,75127.9,0,HUMAN
46.2787,23.4375,108101.0,0,HUMAN
46.4745,54.6875,112645.0,0,HUMAN
44.7358,23.4375,70841.0,0,HUMAN
46.8349,23.4375,118458.0,0,HUMAN
46.2494,23.4375,105476.0,0,HUMAN
45.9324,23.4375,87648.4,0,HUMAN
46.6374,23.4375,112759.0,0,HUMAN
44.2191,23.4375,68050.3,0,HUMAN
46.5508,23.4375,115035.0,0,HUMAN
46.5096,23.4375,102640.0,0,HUMAN
45.7086,23.4375,93872.5,0,HUMAN
45.3038,23.4375,85934.1,0,HUMAN
45.2808,23.4375,85342.9,0,HUMAN
45.8943,23.4375,98037.3,0,HUMAN
46.6726,23.4375,113556.0,0,HUMAN
46.1322,23.4375,96769.3,0,HUMAN
46.1305,23.4375,95424.3,0,HUMAN
46.348,23.4375,106792.0,0,HUMAN
46.2314,23.4375,97404.4,0,HUMAN
46.2154,23.4375,90271.4,0,HUMAN
45.5154,23.4375,88041.9,0,HUMAN
46.1846,23.4375,105956.0,0,HUMAN
46.4917,23.4375,109897.0,0,HUMAN
44.9118,23.4375,76888.9,0,HUMAN
45.5991,23.4375,87244.0,0,HUMAN
47.8871,23.4375,142925.0,0,HUMAN
47.4981,23.4375,131357.0,0,HUMAN
45.23,23.4375,84661.9,0,HUMAN
45.2807,23.4375,86542.7,0,HUMAN
44.521,23.4375,84060.0,0,HUMAN
46.0858,23.4375,99586.0,0,HUMAN
45.1254,23.4375,66057.8,0,HUMAN
46.0511,23.4375,98068.4,0,HUMAN
44.8079,23.4375,87142.3,0,HUMAN
46.8431,23.4375,106146.0,0,HUMAN
44.1856,23.4375,63303.2,0,HUMAN
44.4046,23.4375,61002.5,0,HUMAN
46.2751,23.4375,112349.0,0,HUMAN
46.4608,23.4375,114250.0,0,HUMAN
46.6137,23.4375,81692.5,0,HUMAN
46.304,23.4375,101942.0,0,HUMAN
46.5397,23.4375,119255.0,0,HUMAN
45.8161,23.4375,92495.2,0,HUMAN
46.27,23.4375,106344.0,0,HUMAN
46.9166,23.4375,113757.0,0,HUMAN
47.153,23.4375,127049.0,0,HUMAN
46.1056,23.4375,102878.0,0,HUMAN
45.84,23.4375,97420.3,0,HUMAN
45.9028,23.4375,110171.0,0,HUMAN
46.8342,23.4375,115339.0,0,HUMAN
46.5706,23.4375,109429.0,0,HUMAN
45.8862,23.4375,101495.0,1,HUMAN
45.952,23.4375,110231.0,0,HUMAN
45.3377,23.4375,87298.6,0,HUMAN
46.5933,23.4375,106481.0,0,HUMAN
72.5,245.7,8.2,4,HUMAN
72.5,245.7,8.2,4,HUMAN